url,url_citation,legal_reference,legal_reference_citation,full_text_content,full_text_content_citation
http://legislacao.planalto.gov.br/legisla/legislacao.nsf/Viw_Identificacao/lcp%20214-2025?OpenDocument,https://www.planalto.gov.br/ccivil_03/leis/lcp/lcp214.htm,"LEI COMPLEMENTAR Nº 214, DE 16 DE JANEIRO DE 2025",https://www.planalto.gov.br/ccivil_03/leis/lcp/lcp214.htm,"Full document of LEI COMPLEMENTAR Nº 214, DE 16 DE JANEIRO DE 2025 at http://legislacao.planalto.gov.br/legisla/legislacao.nsf/Viw_Identificacao/lcp%20214-2025?OpenDocument.",
https://www.planalto.gov.br/ccivil_03/_Ato2023-2026/2025/Msg/Vep/VEP-88-25.htm,https://www.planalto.gov.br/ccivil_03/leis/lcp/lcp214.htm,Mensagem de veto,https://www.planalto.gov.br/ccivil_03/leis/lcp/lcp214.htm,Full document of Mensagem de veto at https://www.planalto.gov.br/ccivil_03/_Ato2023-2026/2025/Msg/Vep/VEP-88-25.htm.,
https://www.planalto.gov.br/ccivil_03/Constituicao/Constituicao.htm,https://www.planalto.gov.br/ccivil_03/leis/lcp/lcp214.htm,art. 156-A da    Constituição Federal;,https://www.planalto.gov.br/ccivil_03/leis/lcp/lcp214.htm,Full document of art. 156-A da    Constituição Federal; at https://www.planalto.gov.br/ccivil_03/Constituicao/Constituicao.htm.,
https://www.planalto.gov.br/ccivil_03/leis/lcp/Lcp227.htm,https://www.planalto.gov.br/ccivil_03/leis/lcp/lcp214.htm,"(Incluído pela Lei Complementar nº 227, de    2026)",https://www.planalto.gov.br/ccivil_03/leis/lcp/lcp214.htm,"|     |     |
| --- | --- |
| ![Brastra.gif (4376 bytes)](https://www.planalto.gov.br/ccivil_03/leis/QUADRO/Brastra.gif) | **Presidência**<br>**da República**<br>**Casa Civil**<br>**Secretaria Especial para Assuntos Jurídicos** |

**[LEI COMPLEMENTAR Nº 227, DE 13 DE JANEIRO DE\**\
**2026](http://legislacao.planalto.gov.br/legisla/legislacao.nsf/Viw_Identificacao/lcp%20227-2026?OpenDocument)**

|     |     |
| --- | --- |
| [Mensagem de veto](https://www.planalto.gov.br/ccivil_03/_Ato2023-2026/2026/Msg/Vep/VEP-36-26.htm) | Institui o Comitê Gestor do Imposto sobre <br>Bens e Serviços (CGIBS); dispõe sobre o processo administrativo <br>tributário do Imposto sobre Bens e Serviços (IBS) e sobre a distribuição <br>do produto da arrecadação do IBS aos entes federativos; institui normais <br>gerais relativas ao Imposto sobre Transmissão _Causa mortis_ e <br>Doação de Quaisquer Bens ou Direitos (ITCMD); altera a Lei nº 5.172, de <br>25 de outubro de 1966 (Código Tributário Nacional), a Lei nº 1.079, de <br>10 de abril de 1950, a Lei nº 9.430, de 27 de dezembro de 1996, a Lei <br>nº 10.893, de 13 julho de 2004, a Lei nº 14.113, de 25 de dezembro de <br>2020, a Lei Complementar nº 63, de 11 de janeiro de 1990, a Lei <br>Complementar nº 87, de 13 de setembro de 1996 (Lei Kandir), a Lei <br>Complementar nº 123, de 14 de dezembro de 2006, a Lei Complementar <br>nº 141, de 13 de janeiro de 2012, a Lei Complementar nº 192, de 11 de <br>março de 2022, a Lei Complementar nº 214, de 16 de janeiro de 2025, o <br>Decreto-Lei nº 37, de 18 de novembro de 1966, e o Decreto nº 70.235, de <br>6 de março de 1972; e revoga dispositivos da Lei nº 10.833, de 29 de <br>dezembro de 2003, e da Medida Provisória nº 2.158-35, de 24 de agosto de <br>2001. |

**O PRESIDENTE DA REPÚBLICA** Faço
saber que o Congresso Nacional decreta e eu sanciono a seguinte Lei
Complementar:

LIVRO I

DA ADMINISTRAÇÃO E DA GESTÃO DO IMPOSTO SOBRE BENS E SERVIÇOS (IBS)

TÍTULO I

DO COMITÊ GESTOR DO IMPOSTO SOBRE BENS
E SERVIÇOS (CGIBS)

CAPÍTULO I

DISPOSIÇÕES GERAIS

Art. 1º É instituído o Comitê Gestor do Imposto sobre Bens e
Serviços (CGIBS), entidade pública com caráter técnico e operacional sob
regime especial, com sede e foro no Distrito Federal, dotado de
independência técnica, administrativa, orçamentária e financeira,
relativamente à competência compartilhada para administrar o Imposto sobre
Bens e Serviços (IBS), de que trata o [art. 156-A da \\
Constituição Federal](https://www.planalto.gov.br/ccivil_03/Constituicao/Constituicao.htm#art156a).

Parágrafo único. O
CGIBS, nos termos da Constituição Federal e desta Lei Complementar:

I - definirá as
diretrizes e coordenará a atuação, de forma integrada, das administrações
tributárias e das Procuradorias dos Estados, do Distrito Federal e dos
Municípios, observadas as respectivas competências; e

II - terá sua
atuação caracterizada pela ausência de vinculação, tutela ou subordinação
hierárquica a qualquer órgão da administração pública.

CAPÍTULO II

DAS COMPETÊNCIAS DO CGIBS E DAS
DIRETRIZES PARA A COORDENAÇÃO DA FISCALIZAÇÃO E DA COBRANÇA DO IBS

Seção I

Das Competências do CGIBS

Art. 2º Os Estados,
o Distrito Federal e os Municípios exercerão, de forma integrada,
exclusivamente por meio do CGIBS, as seguintes competências administrativas
relativas ao IBS:

I - editar
regulamento único e uniformizar a interpretação e a aplicação da legislação
do imposto;

II - arrecadar o
imposto, efetuar as compensações, realizar as retenções previstas na
legislação específica e distribuir o produto da arrecadação aos Estados, ao
Distrito Federal e aos Municípios; e

III - decidir o
contencioso administrativo.

§ 1º Além do
previsto no _caput_ deste artigo, compete ao CGIBS:

I - atuar
juntamente com o Poder Executivo federal, com vistas a harmonizar normas,
interpretações, obrigações acessórias e procedimentos relativos às regras
comuns aplicáveis ao IBS e à Contribuição Social sobre Bens e Serviços (CBS);

II - compartilhar
com a Secretaria Especial da Receita Federal do Brasil (RFB) e com a
Procuradoria-Geral da Fazenda Nacional (PGFN), ambas do Ministério da
Fazenda, de modo cooperativo e recíproco, informações de interesse fiscal e
de cobrança relativas ao IBS e à CBS;

III - exercer a
gestão compartilhada, em conjunto com a RFB, do sistema de registro do
início e do resultado das fiscalizações do IBS e da CBS de que trata o
[inciso II do _caput_ do art. 325 da Lei Complementar nº 214, de 16 de \\
janeiro de 2025](https://www.planalto.gov.br/ccivil_03/leis/lcp/Lcp214.htm#art325-2);

IV - disciplinar a
aplicação do regime especial de fiscalização;

V - realizar
avaliação quinquenal da eficiência, da eficácia e da efetividade de que
trata o [art. 475 da Lei Complementar nº 214, de 16 de janeiro de 2025](https://www.planalto.gov.br/ccivil_03/leis/lcp/Lcp214.htm#art475);

VI - coordenar, com
vistas à integração entre os entes federativos, no âmbito de suas
competências, as atividades de:

a) fiscalização,
lançamento, cobrança e representação administrativas relativas ao IBS, que
serão realizadas pelas administrações tributárias dos Estados, do Distrito
Federal e dos Municípios;

b) cobrança
judicial e extrajudicial do IBS e representação administrativa e judicial
relativas ao IBS, que serão realizadas pelas Procuradorias dos Estados, do
Distrito Federal e dos Municípios; e

c) inscrição em
dívida ativa;

VII - promover a
inscrição em dívida ativa dos créditos tributários de IBS, em caso de
delegação dos entes federativos, preservada a titularidade destes;

VIII - coordenar,
em âmbito administrativo e judicial, a adoção dos métodos de solução
adequada de conflitos relacionados ao IBS entre os entes federativos e os
sujeitos passivos e estabelecer a padronização dos critérios para a sua
realização;

IX - reter o
montante de que trata a
[alínea “b” do inciso IV do _caput_ do art. 158 \\
da Constituição Federal](https://www.planalto.gov.br/ccivil_03/Constituicao/Constituicao.htm#art158-4b) e:

a) distribuí-lo
diretamente aos Municípios, conforme os critérios previstos no
[§ 2º do \\
art. 158 da Constituição Federal](https://www.planalto.gov.br/ccivil_03/Constituicao/Constituicao.htm#art158%C2%A72); e

b) depositá-lo,
quando for o caso e no limite necessário, em conta especial, nos termos do
[inciso IV do _caput_ do art. 104 do Ato das Disposições Constitucionais \\
Transitórias](https://www.planalto.gov.br/ccivil_03/Constituicao/Constituicao.htm#adctart104-4) (ADCT);

X - efetuar as
demais retenções previstas na Constituição Federal e em lei complementar;

XI - em conjunto
com a RFB, propor a metodologia de cálculo, calcular, fixar e divulgar,
conforme o caso, as alíquotas do IBS e da CBS, para os regimes específicos,
na forma e no prazo previstos na [Lei Complementar nº 214, de 16 de janeiro \\
de 2025](https://www.planalto.gov.br/ccivil_03/leis/lcp/Lcp214.htm);

XII - em conjunto
com a RFB, encaminhar, na forma do [inciso \\
III do § 3º do art. 349 da Lei Complementar nº 214, de 16 de janeiro de 2025](https://www.planalto.gov.br/ccivil_03/leis/lcp/Lcp214.htm#art349%C2%A73-3), a proposta para o cálculo do
redutor a ser aplicado sobre as alíquotas do IBS e da CBS nas operações
contratadas pela administração pública direta, por autarquias e por
fundações públicas, inclusive suas importações;

XIII - deduzir do
produto da arrecadação do IBS devido aos Estados o valor compensado relativo
a saldo credor acumulado do Imposto sobre Operações relativas à Circulação
de Mercadorias e sobre Prestações de Serviços de Transporte Interestadual e
Intermunicipal e de Comunicação (ICMS), nos termos do art. 137 desta Lei
Complementar;

XIV - executar as
atividades orçamentárias, financeiras, contábeis e de tesouraria relativas à
sua atuação;

XV - prestar contas
perante órgãos de controle externo;

XVI - solicitar a
cessão dos servidores efetivos:

a) das carreiras
das administrações tributárias e das Procuradorias dos Estados, do Distrito
Federal e dos Municípios, conforme as respectivas áreas de competência
exclusiva, para atuarem no CGIBS nos termos do regimento interno;

b) de outras
carreiras das secretarias de economia, fazenda, finanças ou tributação ou
das procuradorias dos Estados, do Distrito Federal e dos Municípios;

XVII - estruturar o
plano de cargos e salários e contratar empregados públicos, mediante
concurso público, sob regime celetista, para o exercício de atividades do
CGIBS que não estejam contempladas nas atribuições das carreiras da
administração tributária, das procuradorias e das outras carreiras a que se
refere o inciso XVI deste parágrafo;

XVIII - contratar
serviços terceirizados para execução de atividades administrativas e de
apoio;

XIX - estruturar o
plano de vantagens remuneratórias ou indenizatórias aos membros do Conselho
Superior do CGIBS e aos servidores de carreira cedidos ao CGIBS, observado o
disposto no art. 37, _caput_, inciso XI, e §§ 12 e 18, este último
conforme redação dada pela
[Emenda Constitucional nº 132, de 20 de dezembro \\
de 2023;](https://www.planalto.gov.br/ccivil_03/Constituicao/Emendas/Emc/emc132.htm)

XX - instituir e
manter a Escola Nacional de Tributação com intuito de promover,
supervisionar ou financiar o desenvolvimento de estudos, pesquisas e
programas educacionais, nas modalidades de aperfeiçoamento, de atualização,
de reciclagem e de especialização, inclusive por meio de cursos de
pós-graduação _lato sensu_ e _stricto sensu_:

a) dos servidores
em exercício no CGIBS;

b) dos servidores
em exercício nas administrações tributárias e financeiras e nas
Procuradorias dos Estados, do Distrito Federal e dos Municípios; e

c) do público
amplo, vedado o financiamento e permitida a cobrança de tarifas;

XXI - em conjunto
com a RFB, estabelecer a metodologia de apuração do crédito nas operações em
que o contribuinte seja adquirente de combustíveis, nas hipóteses em que
seja dispensada a comprovação de pagamento do IBS sobre a aquisição para
apropriação dos créditos;

XXII - editar atos
exclusivos ou conjuntos com o Poder Executivo federal, nos casos previstos
em lei complementar;

XXIII - instituir
programas e ações de incentivo à cidadania e à educação fiscal; e

XXIV - exercer
outras competências que lhe sejam conferidas em lei complementar.

§ 2º As
competências exclusivas das carreiras da administração tributária e das
Procuradorias dos Estados, do Distrito Federal e dos Municípios serão
exercidas, no CGIBS e na representação deste, por servidores das respectivas
carreiras.

§ 3º Para os
efeitos do exercício da coordenação da cobrança administrativa ou judicial,
o CGIBS realizará todos os atos necessários ao controle centralizado das
inscrições em dívida ativa, mediante sistema único, e estas serão realizadas
nos termos da legislação de cada ente federativo titular da parcela do
crédito tributário constituído definitivamente.

§ 4º O regulamento
único do IBS definirá o prazo máximo para a realização das atividades de
cobrança administrativa, desde que não superior a 12 (doze) meses, contado
da constituição definitiva do crédito tributário.

§ 5º Exaurido o
prazo regulamentar de que trata o § 4º deste artigo, contado da constituição
definitiva do crédito tributário, a administração tributária encaminhará o
expediente à respectiva procuradoria, observado o disposto no § 3º do
art. 5º desta Lei Complementar, para as providências de cobrança judicial ou
extrajudicial cabíveis, nos termos definidos no regulamento único do IBS.

§ 6º Será do CGIBS
o ônus decorrente da cessão, pelos entes federativos, de servidores das
carreiras das administrações tributárias, das procuradorias e das demais
carreiras a que se refere o inciso XVI do § 1º deste artigo, na forma do
regimento interno.

§ 7º O CGIBS, a RFB
e a PGFN poderão implementar soluções integradas para a administração e a
cobrança do IBS e da CBS.

§ 8º Cabe
exclusivamente ao CGIBS a criação de obrigações acessórias relativas ao IBS.

§ 9º Para fins do
disposto no inciso VI do § 1º deste artigo, os entes federativos poderão
definir hipóteses de delegação, mediante ajustes recíprocos, tais como
convênios, acordos, protocolos, consórcios ou outros instrumentos jurídicos
congêneres, ou de compartilhamento.

§ 10\. Os acordos,
convênios ou outros instrumentos legais celebrados entre os entes
federativos, na forma do § 9º deste artigo, deverão ser depositados no CGIBS,
que os disponibilizará em seu sítio eletrônico oficial.

§ 11\. As normas
comuns ao IBS e à CBS constantes do regulamento único do IBS serão aprovadas
por ato conjunto do CGIBS e do Poder Executivo federal.

§ 12\. O regulamento
único do IBS preverá regras uniformes de conformidade tributária, de
orientação, de autorregularização e de tratamento diferenciado a
contribuintes que atendam a programas de conformidade do IBS estabelecidos
pelos entes federativos, observado o disposto no
[parágrafo único do \\
art. 471-C da Lei Complementar nº 214, de 16 de janeiro de 2025.](https://www.planalto.gov.br/ccivil_03/leis/lcp/Lcp214.htm#art471c-p)

Seção II

Das Diretrizes para a Fiscalização e a
Cobrança Compartilhadas e Coordenadas do IBS

Art. 3º Os Estados, o Distrito Federal e os Municípios, por
intermédio de suas administrações tributárias, poderão fiscalizar os
sujeitos passivos situados em:

I - seu território,
ainda que realizem operações destinadas a outros entes federativos;

II - qualquer
localidade:

a) que realizem
operações destinadas ao seu território;

b) por delegação do
ente federativo com competência para fiscalizá-los.

§ 1º O disposto na
alínea “a” do inciso II do _caput_ deste artigo aplica-se também quando
houver indícios de operações destinadas aos entes federativos, nos termos do
regulamento.

§ 2º Os entes
federativos registrarão o interesse no desenvolvimento de fiscalização do
IBS em sistema eletrônico.

§ 3º O registro de
que trata o § 2º deste artigo deve assinalar o sujeito passivo, o tipo de
operação e o período objeto da fiscalização, bem como os motivos que a
fundamentem.

Art. 4º Compete ao CGIBS coordenar, com vistas à integração entre os
entes federativos, as atividades de fiscalização do cumprimento das
obrigações principal e acessórias relativas ao IBS, realizadas pelas
administrações tributárias dos Estados, do Distrito Federal e dos
Municípios, vedada a segregação de fiscalização entre esferas federativas
por atividade econômica, porte do sujeito passivo ou qualquer outro
critério.

§ 1º O valor
integrante do crédito tributário relativo ao IBS que corresponda a multa
punitiva e aos juros de mora sobre ela incidentes pertence aos entes
federativos que promoverem a fiscalização, nos termos do _caput_ deste
artigo.

§ 2º Na hipótese de
haver 2 (dois) ou mais entes federativos interessados no desenvolvimento de
atividades concomitantes de fiscalização em relação ao mesmo sujeito
passivo, mesmo período objeto da fiscalização e mesmos fatos geradores, o
procedimento será realizado de forma conjunta e integrada, e caberá ao CGIBS
disciplinar a forma de organização e gestão dos trabalhos, o rateio dos
custos e a distribuição do produto da arrecadação entre os entes
responsáveis pela fiscalização e lançamento relativo às multas punitivas e
aos juros de mora sobre elas incidentes.

§ 3º O regulamento
único do IBS definirá os critérios de titularidade e cotitularidade da
fiscalização, no exercício da competência compartilhada do imposto,
assegurada a participação das administrações tributárias dos entes a que se
refere o § 2º deste artigo nas atividades de fiscalização programadas ou em
andamento e observado o seguinte:

I - em relação a
cada procedimento fiscalizatório, haverá somente uma administração
tributária titular e uma cotitular, de esferas federativas diversas, exceto
quando se tratar do Distrito Federal ou não houver administrações
tributárias de esferas diversas interessadas em participar do procedimento;

II - caso não haja
administração tributária de esferas federativas diversas interessadas em
participar do procedimento, para fins do disposto no inciso I deste
parágrafo, a administração tributária titular e cotitular da fiscalização
podem ser da mesma esfera federativa;

III - as demais
administrações tributárias que se habilitarem ao procedimento fiscalizatório
e não figurarem como titular e cotitular serão denominadas participantes,
considerando-se havida a delegação de competência destas às administrações
tributárias titular e cotitular para o lançamento decorrente do referido
procedimento;

IV - presume-se que
tenha havido delegação para realização do procedimento fiscalizatório e do
lançamento tributário, pela administração tributária que não tenha se
habilitado, às administrações tributárias titular e cotitular, salvo
manifestação expressa em contrário no prazo regulamentar;

V - as
administrações tributárias titular e cotitular do procedimento
fiscalizatório realizarão o lançamento tributário, o qual será feito pelo
somatório das alíquotas do Município e do respectivo Estado de destino das
operações, com créditos tributários individualizados por ente federativo,
desde que pelo menos um deles tenha se habilitado ao procedimento
fiscalizatório ou tenha delegado competência para o lançamento;

VI - o contribuinte
será informado da abertura do procedimento fiscalizatório e da identificação
das administrações tributárias titular e cotitular.

§ 4º Os atos
procedimentais serão exercidos perante o sujeito passivo pelas autoridades
das administrações tributárias que figurarem como titular ou cotitular da
fiscalização, mediante intimação, por meio de documento que contenha
mecanismo para a verificação da autenticidade do procedimento de
fiscalização.

§ 5º As atividades
a que se refere este artigo serão exercidas exclusivamente por autoridades
fiscais integrantes das administrações tributárias dos Estados, do Distrito
Federal e dos Municípios.

§ 6º Eventual
divergência acerca da interpretação, da apuração da base de cálculo ou do
enquadramento dos fatos geradores, por ocasião da fiscalização, será tratada
em procedimento a ser disciplinado pelo CGIBS.

§ 7º Na hipótese de
convênio para delegação recíproca da atividade de fiscalização do IBS e da
CBS nos processos fiscais de pequeno valor, nos termos do
[art. 326 da Lei \\
Complementar nº 214, de 16 de janeiro de 2025](https://www.planalto.gov.br/ccivil_03/leis/lcp/Lcp214.htm#art326):

I - a União não
participará da distribuição do produto da arrecadação das multas punitivas e
dos juros de mora sobre elas incidentes relativas ao IBS; e

II - os Estados, o
Distrito Federal e os Municípios não participarão da distribuição do produto
da arrecadação das multas punitivas e dos juros de mora sobre elas
incidentes relativas à CBS.

§ 8º Para fins do
disposto nesta Lei Complementar, considera-se autoridade fiscal o servidor
ocupante de cargo efetivo de carreira específica instituída em lei dotado da
competência cumulativa para fiscalizar o cumprimento das obrigações
tributárias principal e acessórias e para constituir o crédito tributário.

Art. 5º Compete ao CGIBS coordenar, com vistas à integração entre os
entes federativos, as atividades de cobrança e de representação
administrativa, realizadas pelas administrações tributárias, e de cobrança
extrajudicial e judicial e de representação administrativa e judicial,
realizadas pelas Procuradorias dos Estados, do Distrito Federal e dos
Municípios.

§ 1º As atividades
de cobrança administrativa e de representação administrativa a que se refere
o _caput_ deste artigo serão exercidas exclusivamente por servidores
efetivos integrantes das carreiras das administrações tributárias dos
Estados, do Distrito Federal e dos Municípios, observadas as competências
previstas em lei específica do ente federativo.

§ 2º As atividades
de cobrança extrajudicial e judicial e de representação judicial a que se
refere o _caput_ deste artigo serão exercidas exclusivamente por
servidores efetivos integrantes de carreira específica de procurador,
instituída em lei estadual, distrital ou municipal.

§ 3º Na hipótese em
que o ente federativo municipal não disponha de procuradoria, as atividades
de cobrança extrajudicial e judicial e de representação judicial serão
realizadas na forma prevista na legislação específica do Município.

§ 4º As atividades
de cobrança e de representação de que trata este artigo, bem como o
indeferimento e a exclusão do Simples Nacional na hipótese do
[inciso V do _caput_ do art. 17 da Lei Complementar nº 123, de 14 de dezembro de 2006](https://www.planalto.gov.br/ccivil_03/leis/lcp/Lcp123.htm#art17v),
poderão ser delegadas entre os entes federativos, observadas as diretrizes
de coordenação estabelecidas pelo CGIBS, hipótese em que o ente delegatário
atuará em nome dos entes federativos delegantes.

§ 5º (VETADO).

Art. 6º O disposto nos arts. 3º a 5º desta Lei Complementar
aplica-se também aos créditos tributários relativos ao IBS cuja apuração
esteja submetida ao Simples Nacional, instituído pela [Lei Complementar nº 123, de 14 de dezembro de 2006](https://www.planalto.gov.br/ccivil_03/leis/lcp/Lcp123.htm).

CAPÍTULO III

DA ESTRUTURA ORGANIZACIONAL DO CGIBS

Seção I

Dos Órgãos do
CGIBS

Art. 7º Integram a
estrutura organizacional básica do CGIBS:

I - o Conselho
Superior;

II - a Presidência
e a Vice-Presidência;

III - a Diretoria
Executiva e as suas diretorias;

IV - a
Secretaria-Geral;

V - a Assessoria de
Relações Institucionais e Interfederativas;

VI - a
Corregedoria; e

VII - a Auditoria
Interna.

§ 1º Os membros dos
órgãos indicados no _caput_ deste artigo, os empregados contratados e
os servidores em exercício no CGIBS deverão resguardar o sigilo fiscal e
adotar medidas de segurança adequadas para proteger as informações fiscais
sob sua responsabilidade e as que tenham acesso em razão do cargo, função ou
emprego que exercem, de forma a garantir sua confidencialidade e
integridade, observada a legislação específica.

§ 2º O disposto no
§ 1º deste artigo aplica-se, inclusive, após o desligamento das pessoas nele
indicadas do CGIBS, sob pena de responsabilização civil, administrativa,
tributária e penal.

§ 3º Configura
conflito de interesses no exercício de cargo, função ou emprego no âmbito do
CGIBS:

I - divulgar ou
fazer uso de informação privilegiada, em proveito próprio ou de terceiros,
obtida em razão das atividades exercidas;

II - exercer
atividade que implique a prestação de serviços ou a manutenção de relação de
negócio com pessoa física ou jurídica que tenha interesse em decisão do
ocupante de cargo, função ou emprego ou de colegiado do qual este participe;

III - exercer,
direta ou indiretamente, atividade que, em razão de sua natureza, seja
incompatível com as atribuições do cargo, função ou emprego ou do colegiado,
assim considerada, inclusive, a atividade desenvolvida em áreas ou matérias
correlatas;

IV - atuar, ainda
que informalmente, como procurador, consultor, assessor ou intermediário de
interesses privados nos órgãos ou nas entidades da administração pública
direta ou indireta de quaisquer dos Poderes da União, dos Estados, do
Distrito Federal e dos Municípios;

V - praticar ato em
benefício de interesse de pessoa jurídica de que participe o ocupante de
cargo, função ou emprego, seu cônjuge, companheiro ou parentes,
consanguíneos ou afins, em linha reta ou colateral, até o terceiro grau, e
que possa ser por ele beneficiada ou influir em seus atos de gestão:

a) em qualquer
caso, se o ato é praticado em favor de pessoa jurídica de direito privado;

b) nas hipóteses
previstas no regimento interno, se o ato é praticado em favor de pessoa
jurídica de direito público;

VI - receber
presente de quem tenha interesse em decisão do ocupante de cargo, função ou
emprego ou de colegiado do qual este participe; e

VII - prestar
serviços, ainda que eventuais, a empresa cuja atividade seja controlada,
fiscalizada ou regulada pelo ente ao qual o ocupante de cargo, função ou
emprego esteja vinculado, com exceção do exercício da docência.

§ 4º Não se
considera prestação de serviço, para os efeitos do inciso II do § 3º deste
artigo, a existência de vínculo funcional entre o servidor indicado ou
cedido ao CGIBS e o ente federativo que o indicou ou cedeu.

§ 5º Configura
conflito de interesses após o exercício de cargo, função ou emprego no
âmbito do CGIBS:

I - a qualquer
tempo, divulgar ou fazer uso de informação privilegiada obtida em razão das
atividades exercidas; e

II - no período de
6 (seis) meses, contado da data da dispensa, exoneração, destituição,
demissão ou aposentadoria:

a) prestar, direta
ou indiretamente, qualquer tipo de serviço a pessoa física ou jurídica com
quem tenha estabelecido relacionamento relevante em razão do exercício do
cargo, função ou emprego, com exceção do exercício da docência;

b) aceitar cargo de
administrador ou de conselheiro ou estabelecer vínculo profissional com
pessoa física ou jurídica que desempenhe atividade relacionada à área de
competência do cargo, função ou emprego ocupado;

c) celebrar com
órgãos ou entidades dos Poderes Executivos da União, dos Estados, do
Distrito Federal ou dos Municípios, com os quais tenha estabelecido
relacionamento relevante em razão do exercício do cargo, função ou emprego,
contratos de serviço, consultoria, assessoramento ou atividades similares
vinculadas, ainda que indiretamente, ao CGIBS; ou

d) intervir, direta
ou indiretamente, em favor de interesse privado perante órgão do CGIBS ou
dos Poderes Executivos da União, dos Estados, do Distrito Federal e dos
Municípios em que haja ocupado cargo, função ou emprego ou com o qual tenha
estabelecido relacionamento relevante em razão do exercício do cargo, função
ou emprego.

§ 6º O conflito de
interesses de que tratam os §§ 3º e 5º deste artigo será precedido de
manifestação de comissão de ética instituída nos termos do regimento
interno, aplicando-se, enquanto não instituído pelo CGIBS procedimento
próprio a ser observado, no que couber, o disposto na
[Lei nº 12.813, de 16 \\
de maio de 2013,](https://www.planalto.gov.br/ccivil_03/_Ato2011-2014/2013/Lei/L12813.htm) sem prejuízo da compensação remuneratória em caso de
quarentena, equivalente à do cargo, função ou emprego que ocupava.

Seção II

Do Conselho
Superior do CGIBS

Art. 8º O Conselho
Superior do CGIBS, instância máxima de deliberação da entidade, tem a
seguinte composição:

I - 27 (vinte e
sete) membros e respectivos suplentes, representantes de cada Estado e do
Distrito Federal; e

II - 27 (vinte e
sete) membros e respectivos suplentes, representantes do conjunto dos
Municípios e do Distrito Federal.

§ 1º Os membros e
os respectivos suplentes de que trata:

I - o inciso I do
_caput_ deste artigo serão indicados pelo chefe do Poder Executivo de
cada Estado e do Distrito Federal; e

II - o inciso II do
_caput_ deste artigo serão indicados pelos chefes dos Poderes
Executivos dos Municípios e do Distrito Federal, da seguinte forma:

a) 14 (quatorze)
representantes eleitos com base nos votos de cada Município, com valor igual
para todos; e

b) 13 (treze)
representantes eleitos com base nos votos de cada Município, ponderados
pelas respectivas populações.

§ 2º A escolha dos
representantes dos Municípios no Conselho Superior do CGIBS, a que se refere
o inciso II do _caput_ deste artigo, será efetuada mediante realização
de eleições distintas para definição dos membros e respectivos suplentes de
cada um dos grupos referidos nas alíneas “a” e “b” do inciso II do § 1º
deste artigo.

§ 3º As eleições de
que trata o § 2º deste artigo:

I - serão
realizadas por meio eletrônico, observado que apenas o chefe do Poder
Executivo municipal em exercício terá direito a voto;

II - terão a
garantia da representação de, no mínimo, 1 (um) Município de cada região do
País, podendo o Distrito Federal ser representante da Região Centro-Oeste;

III - serão regidas
pelo princípio democrático, garantida a participação de todos os Municípios,
sem prejuízo da observância de requisitos mínimos para a candidatura, nos
termos desta Lei Complementar e do regulamento eleitoral;

IV - serão
realizadas por meio de um único processo eleitoral, organizado pelas
associações de representação de Municípios referidas nos §§ 5º e 6º deste
artigo, por meio de regulamento eleitoral conjunto.

§ 4º Os Municípios
somente poderão indicar, dentre os membros a que se refere o inciso II do _caput_ deste artigo, 1 (um) único membro titular ou suplente, inclusive
para o processo eleitoral.

§ 5º Para a eleição
prevista no § 2º, em relação aos representantes referidos na alínea “a” do
inciso II do § 1º, as chapas, em número mínimo de 2 (duas), serão
apresentadas pela Confederação Nacional de Municípios (CNM), ressalvado o
disposto no § 7º deste artigo, mediante regras de habilitação estabelecidas
pela própria associação e aprovação da sua instância máxima de deliberação,
contendo 14 (quatorze) nomes titulares, observado o seguinte:

I - os nomes
indicados e os respectivos Municípios comporão uma única chapa, não podendo
constar de outra chapa;

II - cada titular
terá 2 (dois) suplentes, obrigatoriamente de Municípios distintos e
observado o disposto no inciso I deste parágrafo;

III - em caso de
impossibilidade de atuação do titular, caberá ao primeiro suplente sua
imediata substituição;

IV - vencerá a
eleição a chapa que obtiver mais de 50% (cinquenta por cento) dos votos
válidos, ressalvado o disposto no § 7º deste artigo;

V - caso nenhuma
das chapas atinja o percentual de votos indicado no inciso IV deste
parágrafo, será realizado um segundo turno de votação com as 2 (duas) chapas
mais votadas, hipótese em que será considerada vencedora a chapa que obtiver
a maioria dos votos válidos, ressalvado o disposto no § 7º deste artigo.

§ 6º Para a eleição
prevista no § 2º, em relação aos representantes referidos na alínea “b” do
inciso II do § 1º, as chapas, em número mínimo de 2 (duas), serão
apresentadas pela Frente Nacional de Prefeitas e Prefeitos (FNP), ressalvado
o disposto no § 7º deste artigo, mediante regras de habilitação
estabelecidas pela própria associação e aprovação da sua instância máxima de
deliberação, contendo 13 (treze) nomes titulares e observado o disposto nos
incisos I a V do § 5º deste artigo.

§ 7º Na hipótese de
a chapa mais bem votada nas eleições de que tratam os §§ 5º e 6º deste
artigo não angariar votos correspondentes a pelo menos 30% (trinta por
cento) do total de Municípios do País ou 30% (trinta por cento) da população
do País, respectivamente, será reaberto o prazo e facultada a apresentação
de uma chapa também pela outra associação, procedendo-se a nova eleição.

§ 8º O Distrito
Federal não poderá votar nas eleições destinadas a definir a representação
dos Municípios no Conselho Superior do CGIBS.

§ 9º As eleições
terão o acompanhamento, durante todo o processo eleitoral, de 4 (quatro)
membros do Conselho Superior do CGIBS, escolhidos pelos 27 (vinte e sete)
representantes dos Municípios de que trata o inciso II do _caput_ deste
artigo.

§ 10\. O regulamento
eleitoral poderá definir outras atribuições dos membros de que trata o § 9º
deste artigo para acompanhamento do processo eleitoral.

§ 11\. O foro
competente para solucionar as ações judiciais relativas aos processos
eleitorais de que trata este artigo é o da circunscrição judiciária de
Brasília, no Distrito Federal.

Art. 9º Os membros do Conselho Superior do CGIBS serão escolhidos
entre cidadãos de reputação ilibada e de notório conhecimento em
administração tributária, observado o seguinte:

I - a representação
titular dos Estados e do Distrito Federal será exercida pelo ocupante, no
momento da indicação, do cargo de Secretário de Fazenda, Finanças,
Tributação ou cargo similar que corresponda à autoridade máxima da
administração tributária dos referidos entes federativos; e

II - a
representação dos Municípios e do Distrito Federal será exercida por membro
que, no momento da indicação, mantenha vínculo de subordinação hierárquica
com a esfera federativa que o indicou e atenda, ao menos, a 1 (um) dos
seguintes requisitos:

a) ocupar o cargo
de Secretário de Fazenda, Finanças, Tributação ou cargo similar que
corresponda à autoridade máxima da administração tributária do Município ou
do Distrito Federal;

b) ter experiência
de, no mínimo, 10 (dez) anos em cargo efetivo de autoridade fiscal
integrante da administração tributária do Município ou do Distrito Federal;

c) ter experiência
de, no mínimo, 4 (quatro) anos como ocupante de cargos de direção, de chefia
ou de assessoramento superiores na administração tributária do Município ou
do Distrito Federal.

§ 1º Os membros de
que trata o _caput_ deste artigo devem, cumulativamente, no momento da
indicação:

I - ter formação
acadêmica em nível superior compatível com o cargo para o qual foram
indicados;

II - não se
enquadrar nas hipóteses de inelegibilidade previstas no
[inciso I do _caput_ \\
do art. 1º da Lei Complementar nº 64, de 18 de maio de 1990](https://www.planalto.gov.br/ccivil_03/leis/lcp/Lcp64.htm#art1i).

§ 2º Os membros do
Conselho Superior do CGIBS serão nomeados e investidos para o exercício da
função pelo prazo de 2 (dois) anos e somente perderão o cargo em razão de:

I - renúncia;

II - condenação
judicial transitada em julgado:

a) a pena privativa
de liberdade, nos termos do [inciso I do _caput_ do art. 92 do \\
Decreto-Lei nº 2.848, de 7 de dezembro de 1940](https://www.planalto.gov.br/ccivil_03/Decreto-Lei/Del2848.htm#art92i) (Código Penal), ou de lei
penal especial;

b) por improbidade
administrativa, nos termos dos [incisos I](https://www.planalto.gov.br/ccivil_03/leis/L8429.htm#art12i.0) e
[II do caput do art. 12 da \\
Lei nº 8.429, de 2 de junho de 1992](https://www.planalto.gov.br/ccivil_03/leis/L8429.htm#art12ii.0);

III - pena
demissória decorrente de processo administrativo disciplinar no ente de
origem;

IV - sanção
disciplinar no âmbito do CGIBS, assegurados o contraditório e a ampla
defesa, por:

a) conflito de
interesses, nos termos do § 3º do art. 7º desta Lei Complementar;

b) falta grave,
assim entendida aquela tipificada em resolução do CGIBS e que demonstre
inequívoca inidoneidade para o exercício do mandato;

V - perda de
vínculo com a esfera federativa representada, na forma do regimento interno.

§ 3º O suplente
substituirá o titular em suas ausências e seus impedimentos, na forma do
regimento interno.

§ 4º Em caso de
vacância, a função será exercida pelo respectivo suplente durante o período
remanescente.

§ 5º Na hipótese de
morte ou perda do cargo do titular e dos respectivos suplentes, será, para o
remanescente do período referido no § 2º deste artigo:

I - realizada nova
indicação pelo Poder Executivo, em se tratando de representantes dos Estados
e do Distrito Federal;

II - realizada nova
eleição para a ocupação das respectivas vagas, no prazo previsto pelo
regimento interno do CGIBS, no caso de representantes dos Municípios e do
Distrito Federal.

Art. 10. A aprovação das deliberações do Conselho Superior do CGIBS
dar-se-á, cumulativamente, pelos votos:

I - em relação ao
conjunto dos Estados e do Distrito Federal:

a) da maioria
absoluta de seus representantes; e

b) de
representantes de Estados e do Distrito Federal que correspondam a mais de
50% (cinquenta por cento) da população do País; e

II - em relação ao
conjunto dos Municípios e do Distrito Federal, da maioria absoluta de seus
representantes.

Art. 11. Compete ao Conselho Superior do CGIBS:

I - eleger e
destituir, a qualquer tempo, os titulares:

a) da Diretoria
Executiva e suas diretorias;

b) da Corregedoria;
e

c) da Auditoria
Interna;

II - aprovar o
regulamento único do IBS;

III - aprovar o
regimento interno do CGIBS;

IV - aprovar ato
normativo com vistas a uniformizar a interpretação e a aplicação da
legislação do IBS;

V - aprovar as
propostas dos atos normativos conjuntos com o Poder Executivo federal, em
matéria de interesse comum do IBS e da CBS;

VI - propor o
orçamento anual do CGIBS, para aprovação na forma dos §§ 2º a 9º do art. 47
desta Lei Complementar;

VII - aprovar o
plano de cargos e salários de seus empregados públicos, contratados sob
regime celetista, mediante concurso público, observado o disposto no
[inciso \\
XI do _caput_ do art. 37 da Constituição Federal;](https://www.planalto.gov.br/ccivil_03/Constituicao/Constituicao.htm#art37xi.)

VIII - dispor sobre
vantagens remuneratórias ou indenizatórias aos membros do Conselho Superior
do CGIBS e aos servidores de carreira cedidos ao CGIBS;

IX - aprovar as
contas relativas à execução contábil, financeira, orçamentária, operacional
e patrimonial dos recursos próprios do CGIBS, bem como a prestação de contas
relativa à gestão financeira dos recursos de terceiros sob sua guarda,
pertencentes aos entes federativos e aos contribuintes do IBS;

X - aprovar a
metodologia e o cálculo da alíquota de referência para envio ao Tribunal de
Contas da União;

XI - divulgar as
alíquotas do IBS relativas aos regimes específicos nas hipóteses previstas
na [Lei Complementar nº 214, de 16 de janeiro de 2025](https://www.planalto.gov.br/ccivil_03/leis/lcp/Lcp214.htm);

XII - indicar
representantes das carreiras das administrações tributárias e das
Procuradorias dos Estados, do Distrito Federal e dos Municípios para
atuarem, respectivamente, no Comitê de Harmonização das Administrações
Tributárias e no Fórum de Harmonização Jurídica das Procuradorias;

XIII - indicar
representantes das carreiras das administrações tributárias para compor a
Comissão Tripartite responsável pela análise dos projetos de reabilitação
urbana de zonas históricas e de áreas críticas de recuperação e de
reconversão urbanística dos Municípios ou do Distrito Federal;

XIV - aprovar a
avaliação quinquenal de que trata o inciso V do § 1º do art. 2º desta Lei
Complementar;

XV - aprovar a
aplicação de sanção disciplinar ou o afastamento preventivo de empregado
público;

XVI - aprovar os
planos elaborados pela Diretoria Executiva para o exercício das atividades
sob sua responsabilidade, acompanhar a sua execução e avaliar os resultados
alcançados, conforme periodicidade definida no regimento interno;

XVII - aprovar a
indicação de servidores a que se refere o inciso XVI do § 1º do art. 2º
desta Lei Complementar para atuarem no CGIBS;

XVIII - estabelecer
diretrizes operacionais e regras para o registro e o controle administrativo
das informações relativas às atividades sujeitas à tributação;

XIX - estabelecer
diretrizes relativas à cobrança a ser exercida pelos entes federativos,
abrangendo as diversas modalidades de pagamento, parcelamento,
autorregularização, protesto, arrolamento administrativo de bens, inscrição
em cadastro de inadimplentes e de proteção ao crédito e tratamento de
devedores contumazes;

XX - estabelecer
diretrizes para as atividades administrativas relacionadas às hipóteses de
suspensão, de extinção e de exclusão do crédito tributário;

XXI - avocar total
ou parcialmente as competências da Diretoria Executiva e de suas diretorias,
bem como rever as suas decisões; e

XXII - deliberar
sobre outras matérias relacionadas ao IBS e de harmonização com a CBS.

Parágrafo único. O
Conselho Superior do CGIBS reunir-se-á, ordinariamente, a cada 3 (três)
meses e, extraordinariamente, nos termos do regimento interno.

Seção III

Da
Presidência, da Vice-Presidência, da Secretaria-Geral, da Assessoria de
Relações Institucionais e Interfederativas, da Corregedoria e da Auditoria
Interna

Subseção I

Da
Presidência e da Vice-Presidência

Art. 12. Ao Presidente do CGIBS incumbe:

I - exercer a
presidência do Conselho Superior do CGIBS;

II - coordenar e
supervisionar a implantação do CGIBS;

III - zelar pelo
respeito às prerrogativas do CGIBS;

IV - convocar e
presidir as sessões do Conselho Superior do CGIBS;

V - fazer cumprir a
Constituição Federal, as leis, o regulamento único do IBS, o regimento
interno do CGIBS e os demais atos normativos emanados do CGIBS;

VI - dar posse aos
titulares dos órgãos de que trata o inciso I do _caput_ do art. 11
desta Lei Complementar;

VII - proclamar o
resultado das votações;

VIII - promulgar e
fazer publicar as resoluções do Conselho Superior do CGIBS;

IX - representar
legalmente o CGIBS;

X - prestar,
pessoalmente, informações sobre assunto previamente determinado em matéria
de IBS, quando convocado para essa finalidade pela Câmara dos Deputados,
pelo Senado Federal ou por quaisquer de suas comissões;

XI - responder a
pedidos escritos de informações encaminhados pelas Mesas da Câmara dos
Deputados e do Senado Federal;

XII - apresentar a
anteproposta de orçamento anual do CGIBS; e

XIII - desempenhar
outras atribuições previstas no regimento interno do CGIBS.

Art. 13. A Vice-Presidência é composta de 2 (dois) Vice-Presidentes.

Art. 14. O Primeiro Vice-Presidente substitui, nos termos do
regimento interno do CGIBS, o Presidente em suas ausências e em seus
impedimentos.

Art. 15. O Segundo Vice-Presidente substitui, na forma do regimento
interno do CGIBS, o Primeiro Vice-Presidente em suas ausências e em seus
impedimentos.

Subseção II

Da Eleição do
Presidente e dos Vice-Presidentes

Art. 16. O Presidente e os Vice-Presidentes serão eleitos dentre os
membros titulares do Conselho Superior do CGIBS, para o exercício da função
pelo prazo de 2 (dois) anos, na forma prevista no regimento interno e
obedecidas as condições desta Lei Complementar.

§ 1º Vagando a
Presidência ou qualquer das cadeiras da Vice-Presidência, observado o § 3º
deste artigo, será realizada nova eleição.

§ 2º É vedada a
reeleição para o mesmo cargo na eleição imediatamente subsequente,
ressalvada a hipótese de a eleição anterior ter ocorrido para o exercício de
mandato com período igual ou inferior a 12 (doze) meses.

§ 3º O Presidente e
os Vice-Presidentes do CGIBS somente perderão o cargo:

I -
automaticamente, nas hipóteses dos incisos I e II do § 2º do art. 9º desta
Lei Complementar;

II - por decisão da
maioria absoluta do Conselho Superior, nas hipóteses dos incisos III, IV e V
do § 2º do art. 9º desta Lei Complementar.

Art. 17. É assegurada a alternância para o cargo de Presidente do
Conselho Superior do CGIBS entre o conjunto dos Estados e do Distrito
Federal e o conjunto dos Municípios e do Distrito Federal.

§ 1º O Primeiro
Vice-Presidente deve, necessariamente, representar esfera federativa diversa
da esfera do Presidente.

§ 2º O Segundo
Vice-Presidente deve, necessariamente, representar a mesma esfera federativa
do Presidente.

§ 3º No conjunto
dos Estados e do Distrito Federal, é assegurada alternância entre os membros
representantes de cada uma dessas unidades federativas, exceto na hipótese
de renúncia ao direito do exercício da Presidência.

Subseção III

Da
Secretaria-Geral

Art. 18. A Secretaria-Geral, órgão subordinado ao Conselho Superior
do CGIBS e dirigido pelo Segundo Vice-Presidente, é responsável pelas
atividades de apoio técnico-administrativo do Conselho Superior do CGIBS e
pela integração dos órgãos que compõem o CGIBS.

Subseção IV

Da Assessoria
de Relações Institucionais e Interfederativas

Art. 19. A Assessoria de Relações Institucionais e Interfederativas,
órgão subordinado ao Conselho Superior do CGIBS e dirigido pelo Primeiro
Vice-Presidente, é responsável pelas atividades de ouvidoria e interlocução
institucional do CGIBS.

Art. 20. Compete à Assessoria de Relações Institucionais e
Interfederativas:

I - planejar,
coordenar e supervisionar programas e projetos relacionados com a
comunicação interna e externa do CGIBS;

II - assessorar os
dirigentes e as unidades administrativas do CGIBS no relacionamento com a
imprensa e com os demais meios de comunicação;

III - produzir
textos, matérias e afins a serem publicados em meios de comunicação do CGIBS,
preferencialmente eletrônicos, e em veículos de comunicação em geral;

IV - acompanhar,
selecionar e analisar assuntos de interesse dos entes federativos, com
vistas a facilitar e franquear o pleno acesso destes à informação requerida;

V - manter
atualizados os sítios eletrônicos, a intranet e as redes sociais sob
responsabilidade do CGIBS, com vistas a facilitar e franquear o pleno acesso
dos sujeitos passivos e demais interessados às informações necessárias ao
cumprimento das obrigações tributárias principal e acessórias;

VI - gerenciar e
assegurar a atualização das bases de informações institucionais necessárias
ao desempenho das atividades do CGIBS;

VII - promover a
interlocução institucional do CGIBS com:

a) os Estados, o
Distrito Federal e os Municípios, ressalvado o disposto no inciso XXIII do
_caput_ do art. 27 desta Lei Complementar;

b) o Poder
Legislativo federal; e

c) as entidades de
representação dos contribuintes;

VIII - receber,
analisar e responder, em meio eletrônico, as manifestações encaminhadas pela
sociedade;

IX - coordenar a
integração das ações das diversas diretorias no relacionamento com o público
interno e externo; e

X - realizar as
atividades de ouvidoria, inclusive o recebimento, a análise e o
encaminhamento às demais instâncias do CGIBS dos pedidos de simplificação e
desburocratização de serviços, das reclamações e das sugestões.

Parágrafo único.
Além dos servidores dos entes federativos em atuação no CGIBS, atuarão na
atividade de ouvidoria 3 (três) representantes da sociedade civil escolhidos
conforme critérios estabelecidos no regimento interno.

Subseção V

Da
Corregedoria

Art. 21. A
Corregedoria, órgão subordinado ao Conselho Superior do CGIBS, é responsável
pela orientação, apuração e correição disciplinar dos servidores públicos
cedidos e dos empregados públicos do CGIBS, mediante a adoção de ações
preventivas e a instauração de sindicância e de processo administrativo
disciplinar.

§ 1º A direção da
Corregedoria compete ao Corregedor-Geral.

§ 2º O regimento
interno do CGIBS disporá sobre a composição das comissões processantes ou
sindicantes a serem instaladas sob demanda.

§ 3º O cargo de
Corregedor-Geral, os cargos diretivos e as estruturas da Corregedoria
observarão a paridade e, nos termos do regimento interno, a alternância
entre os representantes do conjunto dos Estados e do Distrito Federal e os
do conjunto dos Municípios e do Distrito Federal.

Art. 22. Compete à Corregedoria:

I - planejar,
coordenar, orientar, controlar, avaliar e executar as atividades de
correição, em ações preventivas;

II - instaurar
sindicância patrimonial, sindicância e processo administrativo disciplinar,
de ofício ou mediante provocação;

III - instaurar
sindicância patrimonial, de ofício ou quando tomar conhecimento de
representação ou denúncia;

IV - propor ao
Presidente do Conselho Superior do CGIBS a aplicação de sanção disciplinar
ou o afastamento preventivo de empregado público da entidade;

V - requisitar
informações, inclusive as constantes de sistemas e bancos de dados,
diligências, processos ou documentos, fiscais ou administrativos,
necessárias ao exame da matéria disciplinar;

VI - requisitar
servidores públicos para compor comissão processante ou sindicante;

VII - realizar
sindicâncias e instaurar processos administrativos disciplinares dos
empregados públicos próprios, conforme disposições e procedimentos
estabelecidos no regimento interno editado pelo CGIBS, adotando-se o regime
disciplinar da Consolidação das Leis do Trabalho (CLT), aprovada pelo
[Decreto-Lei nº 5.452, de 1º de maio de 1943;](https://www.planalto.gov.br/ccivil_03/Decreto-Lei/Del5452.htm)

VIII - determinar a
instauração de processos administrativos disciplinares contra servidores
públicos cedidos ao CGIBS, que serão processados e julgados por comissão
processante integrada por servidores do ente de origem, especialmente
convocados pelo Conselho Superior do CGIBS para esse fim, adotando-se o
regime disciplinar a que o servidor esteja vinculado no ente de origem; e

IX - fornecer aos
Estados, ao Distrito Federal ou aos Municípios, sempre que solicitadas,
informações sobre matérias de sua competência, nos termos do regimento
interno.

Subseção VI

Da Auditoria
Interna

Art. 23. A
Auditoria Interna, órgão subordinado ao Conselho Superior do CGIBS, é
responsável pelo controle interno do CGIBS.

§ 1º A Auditoria
Interna é dirigida pelo Auditor Interno-Geral.

§ 2º O cargo de
Auditor Interno-Geral, os cargos diretivos e as estruturas da Auditoria
Interna observarão a paridade e, nos termos do regimento interno, a
alternância entre os representantes do conjunto dos Estados e do Distrito
Federal e os do conjunto dos Municípios e do Distrito Federal.

§ 3º No
preenchimento dos cargos da Auditoria Interna, pelo menos 30% (trinta por
cento) das vagas serão ocupadas por mulheres.

Art. 24. Compete à Auditoria Interna:

I - fiscalizar os
atos dos administradores e verificar o cumprimento dos seus deveres legais e
regimentais;

II - opinar sobre o
relatório anual da administração, fazendo constar do seu parecer as
informações complementares que julgar necessárias ou úteis à deliberação do
Conselho Superior do CGIBS;

III - comunicar à
chefia da unidade responsável os atos ilícitos de que vier a ter
conhecimento e, caso as providências necessárias para a proteção dos
interesses do CGIBS não sejam tomadas, representar ao Conselho Superior do
CGIBS e sugerir as providências cabíveis;

IV - analisar
periodicamente o balancete e as demais demonstrações fiscais e financeiras
do CGIBS;

V - examinar e
opinar sobre as demonstrações fiscais e financeiras do exercício financeiro
do CGIBS; e

VI - fornecer aos
Estados, ao Distrito Federal ou aos Municípios, sempre que solicitadas,
informações sobre matérias de sua competência, nos termos do regimento
interno.

Seção IV

Da Diretoria
Executiva

Subseção I

Disposições
Gerais

Art. 25. A
Diretoria Executiva, subordinada ao Conselho Superior do CGIBS, é o órgão
técnico e executivo do CGIBS.

Art. 26. Integram a Diretoria Executiva:

I - 1 (um)
Diretor-Executivo, que a chefiará; e

II - os titulares
das diretorias previstas nesta Lei Complementar.

§ 1º Os ocupantes
dos cargos integrantes da Diretoria Executiva serão nomeados e investidos
para o exercício da função pelo período de 2 (dois) anos.

§ 2º Os ocupantes
dos cargos integrantes de diretoria a que se refere o _caput_ deste
artigo devem ter reputação ilibada e notório conhecimento nas respectivas
áreas de atuação e ser escolhidos dentre os servidores, com dedicação
exclusiva, das carreiras de administração tributária e, conforme o caso, de
outras carreiras de administração pública ou das carreiras das
procuradorias.

§ 3º O regimento
interno definirá o procedimento de seleção e nomeação do Diretor-Executivo e
dos demais diretores e ocupantes de cargos da Diretoria Executiva do CGIBS,
respeitadas a paridade e, nos termos do regimento interno, a alternância
entre os representantes do conjunto dos Estados e do Distrito Federal e os
do conjunto dos Municípios e do Distrito Federal, observado que pelo menos
30% (trinta por cento) das vagas deverão ser ocupadas por mulheres.

Subseção II

Das
Competências da Diretoria Executiva

Art. 27. Compete à
Diretoria Executiva, conforme disposto no regimento interno:

I - planejar, gerir
e supervisionar a execução das atividades relativas à elaboração e à
divulgação da legislação tributária relativa ao IBS, especialmente no que
concerne ao regulamento único do IBS e aos atos normativos editados
conjuntamente com o Poder Executivo federal e com os seus órgãos;

II - planejar,
gerir e supervisionar a execução das atividades relativas à arrecadação do
imposto, às retenções, às compensações e à distribuição do produto da
arrecadação entre os Estados, o Distrito Federal e os Municípios;

III - planejar,
gerir e supervisionar a execução das atividades relativas ao cadastro de
contribuintes do IBS e aos sistemas de emissão de documentos fiscais,
podendo implementar soluções integradas com a RFB;

IV - planejar,
gerir e supervisionar a execução das atividades relativas ao contencioso
administrativo do IBS;

V - propor
diretrizes operacionais e regras para o registro e o controle administrativo
das informações relativas às atividades sujeitas à tributação;

VI - planejar,
gerir e supervisionar a execução das atividades relativas ao atendimento ao
público externo, inclusive sujeitos passivos e entes federativos, bem como
realizar estudos e pesquisas com base nas informações tributárias e
econômicas;

VII - propor
diretrizes relativas à cobrança a ser exercida pelos entes federativos,
abrangendo as diversas modalidades de pagamento, parcelamento,
autorregularização, protesto, arrolamento administrativo de bens, inscrição
em cadastro de inadimplentes e de proteção ao crédito e tratamento de
devedores contumazes;

VIII - propor
diretrizes para as atividades administrativas relacionadas às hipóteses de
suspensão, de extinção e de exclusão do crédito tributário;

IX - planejar,
gerir e supervisionar a execução das atividades relativas aos atos
necessários ao controle centralizado das inscrições em dívida ativa,
mediante sistema único;

X - planejar, gerir
e supervisionar a execução das atividades relativas à concepção, à
implementação, à coordenação, ao controle e à avaliação de mecanismos, de
instrumentos e de sistemas de informática a serem utilizados pelo CGIBS;

XI - preparar e
encaminhar para aprovação do Conselho Superior do CGIBS as minutas dos atos
decisórios que lhe competirem;

XII - coordenar a
execução de planos, de programas, de projetos, de operações e de ações
relacionados ao controle fiscal sobre as atividades econômicas sujeitas à
tributação, bem como o desenvolvimento de métodos, técnicas e procedimentos
para o monitoramento e o controle fiscal de setores ou atividades
econômicas, inclusive por meio de auditoria digital;

XIII - coordenar a
execução das atividades relacionadas à padronização dos procedimentos de
fiscalização e análise dos pedidos de restituição;

XIV - planejar,
gerir e promover os intercâmbios entre as administrações tributárias e as
Procuradorias dos Estados, do Distrito Federal e dos Municípios, bem como
com órgãos externos, tais como o Ministério Público, a União e o Poder
Judiciário, com vistas ao combate aos crimes contra a ordem tributária;

XV - planejar,
gerir e supervisionar a execução das atividades pertinentes à uniformização
da interpretação e da aplicação da legislação do IBS;

XVI - planejar,
gerir e supervisionar a execução das atividades descritas no § 1º do art. 2º
desta Lei Complementar ou, ainda, quando necessário, prepará-las e
submetê-las à aprovação do Conselho Superior do CGIBS;

XVII -
supervisionar a elaboração e submeter à aprovação do Conselho Superior do
CGIBS a estimativa de receita anual do IBS, acompanhada da memória de
cálculo, das premissas utilizadas e do modelo matemático de cálculo e suas
alterações;

XVIII -
supervisionar a elaboração e submeter à aprovação do Conselho Superior do
CGIBS os planos nacionais e regionais de ações integradas relacionadas à
orientação, à arrecadação, ao monitoramento, à fiscalização, ao lançamento e
à aplicação de métodos de solução adequada de litígios e cobrança do
imposto;

XIX - coordenar as
atividades relacionadas à elaboração, para fins de aprovação pelo Conselho
Superior do CGIBS:

a) dos
demonstrativos periódicos de resultados gerenciais do CGIBS;

b) da proposta
orçamentária do CGIBS, obedecidos os parâmetros estabelecidos nesta Lei
Complementar; e

c) da proposta de
fixação do percentual da arrecadação do IBS destinado à manutenção do CGIBS;

XX - supervisionar
a elaboração e submeter à aprovação do Conselho Superior do CGIBS a
prestação de contas relativa à execução contábil, financeira, orçamentária,
operacional e patrimonial dos recursos próprios do CGIBS, bem como a
prestação de contas relativa à gestão financeira dos recursos de terceiros
sob sua guarda, pertencentes aos entes federativos e aos sujeitos passivos
do IBS;

XXI - propor a
indicação de servidores a que se refere o inciso XVI do § 1º do art. 2º
desta Lei Complementar para atuarem no CGIBS, providenciando a solicitação
aos entes de origem após a aprovação do Conselho Superior do CGIBS;

XXII - propor
manifestação sobre o mérito das proposições legislativas em tramitação no
Congresso Nacional que versem sobre matérias de interesse do CGIBS;

XXIII - promover a
interlocução com as administrações tributárias e as Procuradorias dos
Estados, do Distrito Federal e dos Municípios, com a RFB e com a PGFN;

XXIV - definir as
estratégias e as diretrizes para melhoria dos resultados e solução de
problemas;

XXV - propor e
encaminhar para aprovação do Conselho Superior do CGIBS, nos termos do
regimento interno do CGIBS, planos, diretrizes e estratégias elaborados para
o exercício das atividades sob sua responsabilidade, especificando os
resultados pretendidos;

XXVI - em relação à
devolução do IBS às pessoas físicas integrantes de famílias de baixa renda:

a) propor a
normatização e coordenar, controlar e supervisionar a execução das
atividades correspondentes;

b) definir os
procedimentos para determinação do montante e a sistemática de pagamento dos
valores devolvidos; e

c) elaborar
relatórios gerenciais e de prestação de contas relativos aos valores
devolvidos; e

XXVII - executar
outras atividades definidas pelo Conselho Superior do CGIBS ou pelo
Diretor-Executivo.

Subseção III

Do
Diretor-Executivo

Art. 28. O Diretor-Executivo será eleito pelo Conselho Superior do
CGIBS.

§ 1º É assegurada a
alternância para o cargo de Diretor-Executivo, a cada 2 (dois) anos, entre o
conjunto de representantes dos Estados e do Distrito Federal e o conjunto de
representantes dos Municípios e do Distrito Federal.

§ 2º Nas suas
ausências e impedimentos, o Diretor-Executivo designará seu substituto, na
forma do regimento interno.

Art. 29. Incumbe ao Diretor-Executivo:

I - convocar e
presidir as reuniões da Diretoria Executiva;

II - planejar,
gerir, supervisionar e coordenar as atividades a serem executadas pelas
diretorias técnicas e administrativas, inclusive dirimir eventuais conflitos
de competência entre elas;

III - fazer a
interlocução com o Conselho Superior do CGIBS;

IV - promover a
integração com as administrações tributárias e as Procuradorias dos Estados,
do Distrito Federal e dos Municípios; e

V - desempenhar
outras atribuições previstas no regimento interno do CGIBS.

Subseção IV

Das
Diretorias

Art. 30. Integram a
Diretoria Executiva:

I - a Diretoria de
Fiscalização;

II - a Diretoria de
Arrecadação e Cobrança;

III - a Diretoria
de Tributação;

IV - a Diretoria de
Informações Econômico-Fiscais;

V - a Diretoria de
Tecnologia da Informação e Comunicação;

VI - a Diretoria de
Revisão do Crédito Tributário;

VII - a Diretoria
Administrativa;

VIII - a Diretoria
de Procuradorias; e

IX - a Diretoria de
Tesouraria.

§ 1º As diretorias
deverão manter constante integração com as administrações tributárias e as
Procuradorias dos Estados, do Distrito Federal e dos Municípios, no âmbito
de suas competências.

§ 2º O Conselho
Superior do CGIBS poderá redistribuir as competências entre as diretorias
previstas nos incisos I a IX do _caput_ deste artigo ou atribuir a elas
novas competências não previstas expressamente nesta Lei Complementar nos
termos do regimento interno.

Art. 31. Compete à Diretoria de Fiscalização:

I - coordenar as
atividades de fiscalização do IBS entre os Estados, o Distrito Federal e os
Municípios, bem como atuar, em conjunto com administrações tributárias dos
entes federativos, no aperfeiçoamento das técnicas de fiscalização, de
auditorias e de controles fiscais; e

II - coordenar a
implementação e o fomento de medidas de conformidade fiscal, bem como a
autorregularização, nos termos do regulamento.

Art. 32. Compete à Diretoria de Arrecadação e Cobrança:

I - arrecadar o IBS;

II - controlar e
apurar as retenções, as compensações e as restituições do IBS;

III -
disponibilizar as informações necessárias à Diretoria de Tesouraria para a
distribuição do produto da arrecadação aos Estados, ao Distrito Federal e
aos Municípios;

IV - estabelecer,
em conjunto com a RFB, mecanismo para acompanhamento, pelo fornecedor, do
recolhimento pelo adquirente;

V - coordenar as
atividades de cobrança, abrangendo as diversas modalidades de pagamento,
parcelamento, protesto, arrolamento administrativo de bens, inscrição em
cadastro de inadimplentes e de proteção ao crédito e tratamento de devedores
contumazes;

VI - coordenar as
atividades administrativas relacionadas às hipóteses de suspensão, de
extinção e de exclusão do crédito tributário;

VII - gerir as
atividades operacionais relacionadas à devolução do IBS às pessoas físicas;
e

VIII - realizar as
estimativas de projeções de receita e impacto na arrecadação.

Art. 33. Compete à Diretoria de Tributação:

I - elaborar a
proposta de regulamento único do IBS;

II - elaborar as
propostas dos atos normativos conjuntos com o Poder Executivo federal, em
matéria de interesse comum do IBS e da CBS;

III - gerir e
coordenar as atividades inerentes à uniformização da interpretação e da
aplicação da legislação tributária do IBS;

IV - divulgar e
disponibilizar a legislação tributária, preferencialmente por meio
eletrônico;

V - manifestar-se,
por meio de notas técnicas, sobre o mérito das proposições legislativas em
tramitação no Congresso Nacional que versem sobre administração tributária,
tributação, fiscalização, arrecadação, crédito tributário e cobrança, em
matérias de interesse do CGIBS;

VI - emitir
pareceres em soluções de consultas sobre tributação, fiscalização,
arrecadação, crédito tributário e cobrança administrativa;

VII - apresentar a
estimativa de impacto nas alíquotas de referência do IBS dos projetos de lei
complementar que reduzam ou aumentem a arrecadação do IBS solicitada pela
Câmara dos Deputados, pelo Senado Federal ou por quaisquer de suas
comissões, nos termos do [§ 2º do art. 20 da Lei Complementar nº 214, de 16 \\
de janeiro de 2025](https://www.planalto.gov.br/ccivil_03/leis/lcp/Lcp214.htm#art20%C2%A72); e

VIII - interagir
com a União, com vistas à harmonização da interpretação da legislação do IBS
e da CBS.

Art. 34. Compete à Diretoria de Informações Econômico-Fiscais:

I - planejar e
gerir as atividades relacionadas ao registro e ao armazenamento de
informações econômico-fiscais;

II - planejar e
gerir as atividades relacionadas ao controle do cadastro de contribuintes; e

III - planejar e
gerir, em conjunto com as administrações tributárias dos Estados, do
Distrito Federal e dos Municípios, as atividades relacionadas ao controle da
emissão dos documentos fiscais.

Art. 35. Compete à Diretoria de Tecnologia da Informação e
Comunicação:

I - exercer a
governança da tecnologia da informação do CGIBS, inclusive quanto à proteção
dos dados e às medidas de segurança;

II - exercer a
gestão da tecnologia dos sistemas integrados de administração tributária, de
administração financeira e dos demais sistemas;

III - monitorar e
aprimorar os sistemas de informação do CGIBS; e

IV - definir o
plano de arquitetura tecnológica e garantir a integridade da arquitetura dos
serviços de tecnologia da informação, alinhando os aspectos de sistemas,
dados, infraestrutura, segurança da informação e continuidade do serviço,
nos desenhos de soluções, em consonância com as diretrizes do CGIBS.

Art. 36. Compete à Diretoria de Revisão do Crédito Tributário:

I - planejar,
gerir, coordenar e executar as atividades inerentes à revisão do lançamento
de ofício do IBS, por meio dos órgãos de julgamento administrativo; e

II - prover o apoio
técnico-administrativo aos órgãos de julgamento.

Art. 37. Compete à Diretoria Administrativa:

I - elaborar:

a) os
demonstrativos periódicos de resultados gerenciais do CGIBS;

b) a proposta
orçamentária do CGIBS, obedecidos os parâmetros estabelecidos nesta Lei
Complementar; e

c) a proposta de
fixação do percentual da arrecadação do IBS destinado à manutenção do CGIBS;

II - realizar a
gestão orçamentária e financeira do CGIBS;

III - executar os
processos de compras, alienações e outras contratações do CGIBS;

IV - realizar a
gestão de recursos humanos do CGIBS;

V - coordenar a
logística e a distribuição de suprimentos do CGIBS.

Art. 38. Compete à Diretoria de Procuradorias:

I - exercer a
consultoria e o assessoramento jurídico do CGIBS, ressalvadas as
competências previstas no inciso VI do _caput_ do art. 33 desta Lei
Complementar;

II - coordenar as
atividades de cobrança judicial, a serem desempenhadas pelas Procuradorias
dos Estados, do Distrito Federal e dos Municípios;

III - coordenar as
atividades de cobrança extrajudicial de débitos inscritos em dívida ativa,
após o prazo de que trata o § 4º do art. 2º desta Lei Complementar;

IV - exercer a
representação judicial e a defesa de agentes públicos do CGIBS quanto a atos
praticados no exercício regular de suas atribuições constitucionais, legais
ou regulamentares, no interesse público, desde que haja solicitação expressa
do interessado e se trate de ato praticado no exercício de cargo, emprego ou
função no CGIBS e em razão dele, mesmo que o agente não mais o ocupe no
momento de sua representação judicial, e desde que o ato não contrarie
entendimento do CGIBS à época em que foi praticado;

V - realizar a
inscrição em dívida ativa, no caso de delegação ao CGIBS, nos termos do
inciso VII do § 1º do art. 2º desta Lei Complementar.

Art. 39. Compete à Diretoria de Tesouraria:

I - realizar a
gestão financeira e o registro contábil dos recursos do IBS e de demais
recursos sob custódia do CGIBS;

II - exercer a
guarda, a distribuição e a aplicação financeira dos recursos custodiados;

III - efetuar o
controle da vinculação dos recursos e da devolução dos créditos tributários,
conforme as informações de receita enviadas pela área de arrecadação;

IV - implementar e
fomentar medidas de conformidade financeira e contábil, bem como requisitos
de transparência;

V - estabelecer a
uniformização e a padronização de sistemas e de procedimentos utilizados na
execução financeira do CGIBS; e

VI - manifestar-se,
por meio de notas técnicas, sobre o mérito de proposições legislativas em
tramitação no Congresso Nacional que versem sobre finanças públicas em
matérias de interesse do CGIBS.

CAPÍTULO IV

DO CONTROLE EXTERNO DO CGIBS

Art. 40. A fiscalização contábil, financeira, orçamentária,
operacional e patrimonial do CGIBS a que se refere o
[inciso IV do § 2º \\
do art. 156-B da Constituição Federal](https://www.planalto.gov.br/ccivil_03/Constituicao/Constituicao.htm#art156b%C2%A72-4) será realizada de forma coordenada,
compartilhada e colegiada pelos Tribunais de Contas dos Estados, do Distrito
Federal, dos Municípios e Municipais, que se reunirão, preferencialmente, de
modo virtual.

§ 1º Observadas as
competências constitucionais, resolução estabelecida por ato conjunto dos
Tribunais de Contas referidos no _caput_ deste artigo disciplinará, no
que se refere aos processos relacionados à fiscalização do CGIBS e às contas
anuais prestadas pelo órgão:

I - a indicação de
1 (um) conselheiro e do respectivo substituto responsáveis pela apreciação e
pelo julgamento dos processos;

II - o procedimento
de escolha do relator, de apreciação e de julgamento dos processos;

III - a atuação dos
auditores de controle externo; e

IV - a
uniformização vinculante de entendimento entre os representantes de que
trata o inciso I deste parágrafo, garantindo a aplicação consistente das
normas e diretrizes estabelecidas, promovendo a coesão e a eficácia das
fiscalizações no âmbito do CGIBS.

§ 2º Atuará nos
processos relacionados à fiscalização do CGIBS o Ministério Público de
Contas que oficie perante o tribunal de contas do relator.

§ 3º O julgamento
das contas a que se refere este artigo ocorrerá até o término do exercício
seguinte àquele em que tiverem sido apresentadas.

CAPÍTULO V

DOS INSTRUMENTOS DE TRANSPARÊNCIA DO
CGIBS

Art. 41. O CGIBS elaborará, até 30 (trinta) dias após o encerramento
de cada bimestre, o relatório resumido da execução orçamentária, de que
tratam os [arts. 52](https://www.planalto.gov.br/ccivil_03/leis/lcp/Lcp101.htm#art52) e
[53 da Lei Complementar nº 101, de 4 de maio de 2000](https://www.planalto.gov.br/ccivil_03/leis/lcp/Lcp101.htm#art52)
(Lei de Responsabilidade Fiscal), adaptado às suas especificidades, o qual
será composto de:

I - balanço
orçamentário, que especificará, por categoria econômica, as:

a) receitas por
fonte, informando as realizadas e as a realizar, bem como a previsão
atualizada; e

b) despesas por
grupo de natureza, discriminando a dotação para o exercício, a despesa
liquidada e o saldo;

II - demonstrativos
da execução das:

a) receitas, por
categoria econômica e fonte, especificando a previsão inicial, a previsão
atualizada para o exercício, a receita realizada no bimestre, a receita
realizada no exercício e a previsão da receita a realizar;

b) despesas, por
categoria econômica e grupo de natureza da despesa, discriminando a dotação
inicial, a dotação para o exercício e as despesas empenhadas e liquidadas,
no bimestre e no exercício; e

c) despesas, por
função e subfunção; e

III -
demonstrativos dos restos a pagar.

Art. 42. O CGIBS elaborará, ao final de cada quadrimestre, o
relatório de gestão fiscal de que tratam os [arts. 54](https://www.planalto.gov.br/ccivil_03/leis/lcp/Lcp101.htm#art54) e
[55 da Lei \\
Complementar nº 101, de 4 de maio de 2000](https://www.planalto.gov.br/ccivil_03/leis/lcp/Lcp101.htm#art55) (Lei de Responsabilidade Fiscal),
adaptado às especificidades do CGIBS, com os seguintes demonstrativos:

I - despesa total
com pessoal;

II - dívida
consolidada;

III - operações de
crédito, inclusive por antecipação de receita; e

IV -
disponibilidade de caixa.

§ 1º O limite de
despesa total com pessoal do CGIBS será definido na forma do seu regimento
interno.

§ 2º Os limites
globais e as condições para as operações de crédito externa e interna do
CGIBS, bem como o limite global para o montante de sua dívida consolidada,
serão definidos por resolução do Senado Federal.

§ 3º O disposto no
§ 2º deste artigo não se aplica aos recursos de que trata o
[art. 484 da Lei \\
Complementar nº 214, de 16 de janeiro de 2025](https://www.planalto.gov.br/ccivil_03/leis/lcp/Lcp214.htm#art484.0), referentes ao financiamento
da União para instalação do CGIBS.

§ 4º O relatório de
que trata este artigo será assinado pelo Presidente do CGIBS e pelos
responsáveis indicados no regimento interno e será publicado até 30 (trinta)
dias após o encerramento do período a que corresponder, com amplo acesso ao
público, inclusive por meio eletrônico.

Art. 43. O CGIBS elaborará e disponibilizará aos Estados, ao Distrito
Federal, aos Municípios e à sociedade, em meio eletrônico de amplo acesso
público, nos termos do regimento interno, relatórios mensais com, no mínimo,
as informações relativas:

I - aos recursos
efetivamente arrecadados pelo CGIBS;

II - aos valores
totais e individualizados, por ente federativo, da arrecadação, consideradas
as alíquotas de referência vigentes no período;

III - aos valores
totais retidos nos termos previstos no [inciso I do § 4º do art. 156-A da \\
Constituição Federal](https://www.planalto.gov.br/ccivil_03/Constituicao/Constituicao.htm#art156a%C2%A74i) e nos
[arts. 131](https://www.planalto.gov.br/ccivil_03/Constituicao/Constituicao.htm#adctart131) e
[132 do ADCT](https://www.planalto.gov.br/ccivil_03/Constituicao/Constituicao.htm#adctart132), de forma individualizada
por tipo de retenção;

IV - aos valores
totais retidos e transferidos nos termos previstos no
[§ 2º do art. 158 da \\
Constituição Federal,](https://www.planalto.gov.br/ccivil_03/Constituicao/Constituicao.htm#art158%C2%A72) individualizados por ente federativo;

V - aos valores
compensados ou ressarcidos, individualizados por ente federativo;

VI - ao saldo dos
créditos homologados de que trata o
[§ 3º do art. 134 do ADCT](https://www.planalto.gov.br/ccivil_03/Constituicao/Constituicao.htm#adctart134%C2%A73), com a
respectiva compensação, individualizados por ente federativo;

VII - aos valores
devolvidos a pessoas físicas, à quantidade de beneficiários e ao valor da
receita anulada, individualizados por ente federativo;

VIII - ao valor
correspondente à arrecadação destinada a cada ente federativo, segregados os
valores da parte não retida e da parte relativa à distribuição; e

IX - ao valor
previsto no [§ 1º do art. 132 do ADCT](https://www.planalto.gov.br/ccivil_03/Constituicao/Constituicao.htm#adctart132%C2%A71), destinado a cada ente federativo.

Art. 44. O CGIBS elaborará anualmente os seguintes demonstrativos,
adaptados às suas especificidades:

I - balanço
patrimonial;

II - demonstração
das variações patrimoniais;

III - demonstração
dos fluxos de caixa;

IV - balanço
orçamentário; e

V - balanço
financeiro.

Parágrafo único. A
prestação de contas anual referente ao exercício financeiro anterior deverá
ser apresentada até o dia 30 de abril e disponibilizada no sítio eletrônico
do CGIBS.

CAPÍTULO VI

DO ORÇAMENTO DO CGIBS

Art. 45. As
receitas e as despesas orçamentárias do CGIBS constarão de demonstrativos
próprios sujeitos à aprovação do Conselho Superior do CGIBS e ao controle
interno e externo nos termos desta Lei Complementar.

§ 1º A receita
orçamentária de que trata o _caput_ deste artigo não se refere à
parcela das receitas custodiadas pelo CGIBS que pertencem aos sujeitos
passivos ou aos Estados, ao Distrito Federal e aos Municípios.

§ 2º As despesas
orçamentárias do CGIBS não constarão dos demonstrativos e dos relatórios dos
Estados, do Distrito Federal e dos Municípios previstos na
[Lei nº 4.320, de \\
17 de março de 1964](https://www.planalto.gov.br/ccivil_03/leis/L4320.htm), e na [Lei Complementar nº 101, de 4 de maio de 2000](https://www.planalto.gov.br/ccivil_03/leis/lcp/Lcp101.htm) (Lei
de Responsabilidade Fiscal).

Art. 46. Constituem receitas do CGIBS:

I - o percentual do
produto da arrecadação do IBS destinado a cada ente federativo previsto no
art. 48 desta Lei Complementar;

II - os rendimentos
de aplicações financeiras de suas próprias receitas; e

III - outros
recursos a ele destinados e quaisquer outras rendas obtidas.

Art. 47. O Conselho Superior do CGIBS proporá, anualmente, até 31 de
julho:

I - o percentual do
produto da arrecadação do IBS de cada ente federativo que será destinado ao
financiamento do CGIBS no exercício financeiro subsequente, o qual não
poderá ser superior a 0,2% (dois décimos por cento); e

II - o orçamento do
CGIBS para o exercício financeiro subsequente, com base na estimativa de
arrecadação das receitas de que trata o art. 46 desta Lei Complementar.

§ 1º A estimativa
de arrecadação do IBS, referida no inciso II do _caput_ deste artigo,
deverá ser incluída na proposta orçamentária, acompanhada da respectiva
metodologia de cálculo.

§ 2º No prazo de 30
(trinta) dias, contado da publicação no Diário Oficial da União da proposta
de orçamento a que se refere o inciso II do _caput_ deste artigo, os
Poderes Legislativos dos entes federativos de origem dos membros titulares
do Conselho Superior do CGIBS deverão manifestar-se, comunicando ao CGIBS,
sobre a aprovação ou a rejeição das propostas:

I - de percentual
do produto da arrecadação do IBS a ser destinado ao financiamento do CGIBS,
a que se refere o inciso I do _caput_ deste artigo; e

II - de orçamento
do CGIBS, a que se refere o inciso II do _caput_ deste artigo.

§ 3º Serão
consideradas rejeitadas as propostas de que tratam os incisos I e II do § 2º
deste artigo se houver manifestação nesse sentido da maioria absoluta dos
Poderes Legislativos dos entes federativos de origem dos membros titulares
do Conselho Superior do CGIBS.

§ 4º A ausência de
manifestação do Poder Legislativo nos prazos estabelecidos neste artigo é
considerada como aprovação tácita das propostas de que tratam os incisos I e
II do _caput_ deste artigo.

§ 5º Na hipótese de
rejeição das propostas de que tratam os incisos I e II do § 2º deste artigo,
enquanto não for aprovado o seu orçamento, o CGIBS deverá, no respectivo
exercício financeiro:

I - destinar ao
financiamento do CGIBS o valor de IBS utilizado na última proposta que não
tenha sido rejeitada, corrigido pela variação do Índice Nacional de Preços
ao Consumidor Amplo (IPCA), publicado pela Fundação Instituto Brasileiro de
Geografia e Estatística (IBGE), ou de outro índice que vier a substituí-lo,
para o período do primeiro dia do exercício subsequente ao do último
orçamento cuja proposta tenha sido aprovada até 30 de novembro do exercício
em que ocorrer a rejeição da proposta mais recente; e

II - realizar a
programação nelas constante utilizando-se os valores constantes da última
proposta que não tenha sido rejeitada corrigidos pela variação do IPCA, ou
de outro índice que vier a substituí-lo, para o período do primeiro dia do
exercício subsequente ao do último orçamento cuja proposta tenha sido
aprovada até 30 de novembro do exercício em que ocorrer a rejeição da
proposta mais recente, à razão de 1/12 (um doze avos) em cada mês.

§ 6º Observado o
limite do orçamento referido no inciso II do _caput_ deste artigo, o
detalhamento da despesa orçamentária será aprovado pelo Conselho Superior do
CGIBS.

§ 7º Observados os
limites previstos no _caput_ deste artigo:

I - poderá a
proposta orçamentária do CGIBS prever a abertura de créditos suplementares;
e

II - poderão ser
abertos créditos especiais, mediante aprovação pelos Poderes Legislativos
dos entes federativos de origem dos membros titulares do Conselho Superior
do CGIBS, nos termos dos §§ 2º a 4º deste artigo.

§ 8º Na ocorrência
da hipótese prevista no § 5º deste artigo, o Conselho Superior do CGIBS
publicará no Diário Oficial da União nova proposta a que se refere o inciso
II do _caput_ deste artigo em até 30 (trinta) dias após a rejeição do
orçamento.

§ 9º Em caso de
nova proposta, o prazo previsto no § 2º deste artigo será de 15 (quinze)
dias.

Art. 48. O CGIBS será financiado:

I - pela retenção
de valor equivalente ao percentual fixado nos termos do inciso I do _caput_
do art. 47 desta Lei Complementar sobre o produto da arrecadação corrente do
IBS destinado mensalmente a cada ente federativo; e

II - por outras
receitas, nos termos dos incisos II e III do _caput_ do art. 46 desta
Lei Complementar.

§ 1º Observados os
critérios previstos no art. 47 desta Lei Complementar, a retenção de que
trata o inciso I do _caput_ deste artigo independe de autorização
legislativa no orçamento dos Estados, do Distrito Federal e dos Municípios.

§ 2º O orçamento do
CGIBS poderá prever a destinação de montante equivalente a até 0,05% (cinco
centésimos por cento) da arrecadação corrente do IBS a programas de
incentivo à cidadania fiscal por meio de estímulo à exigência, pelos
consumidores, da emissão de documentos fiscais, conforme dispuser o
regulamento único do imposto.

§ 3º Caso a
retenção de que trata o inciso I do _caput_ deste artigo resulte em
montante superior ao previsto no orçamento do CGIBS, o Conselho Superior do
CGIBS deliberará sobre a destinação do excedente, podendo ser reservada
parcela para o financiamento do orçamento de exercícios financeiros
subsequentes.

§ 4º Sem prejuízo
da destinação de recursos de que trata o § 2º deste artigo, os Estados, o
Distrito Federal e os Municípios poderão prever, por meio de lei específica,
percentual da arrecadação corrente do IBS para o financiamento do CGIBS,
adicionalmente ao percentual previsto no inciso I do _caput_ do art. 47
desta Lei Complementar, destinado para programas de incentivo à cidadania
fiscal por meio de estímulo à exigência, pelos consumidores, da emissão de
documentos fiscais.

§ 5º Observados os
critérios estabelecidos pelo CGIBS, os programas de que trata o § 4º deste
artigo terão como objetivo a destinação às pessoas físicas de parcela do IBS
incidente sobre as suas aquisições que não geram direito a crédito, podendo
haver a possibilidade de destinação a entidades de direito privado sem fins
lucrativos que prestem serviços de interesse público e atendam às seguintes
condições:

I - sejam
previamente cadastradas no ente federativo ao qual seria alocada a receita
do IBS incidente na operação; e

II - sejam
indicadas pela pessoa física adquirente do bem ou serviço.

§ 6º O CGIBS
publicará em portal eletrônico as solicitações de operação de crédito e as
operações de crédito contratadas.

§ 7º A contratação
de operações de crédito pelo CGIBS dependerá de aprovação pela maioria dos
Poderes Legislativos dos entes federativos de origem dos membros titulares
do Conselho Superior do CGIBS, nos termos dos §§ 2º a 4º do art. 47 desta
Lei Complementar.

CAPÍTULO VII

DAS CONTRATAÇÕES E DA PUBLICIDADE DOS
ATOS NORMATIVOS DO CGIBS

Art. 49. As
licitações e as contratações realizadas pelo CGIBS serão regidas pelas
normas gerais de licitação e contratação aplicáveis às administrações
públicas diretas, autárquicas e fundacionais da União, dos Estados, do
Distrito Federal e dos Municípios.

Art. 50. O CGIBS observará o princípio da publicidade, mediante
veiculação de seus atos normativos, inclusive por meio eletrônico,
disponibilizando-os na internet.

CAPÍTULO VIII

DISPOSIÇÕES TRANSITÓRIAS

Art. 51. Nos
exercícios financeiros de 2026 a 2032, o percentual do produto da
arrecadação do IBS destinado ao financiamento do CGIBS de que trata o inciso
I do _caput_ do art. 47 desta Lei Complementar:

I - será de:

a) até 100% (cem
por cento), limitado ao montante aprovado no orçamento do CGIBS, no
exercício financeiro de 2026, observado o disposto no
[§ 3º do art. 125 do ADCT](https://www.planalto.gov.br/ccivil_03/Constituicao/Constituicao.htm#adctart125%C2%A73); e

b) até 50% (cinquenta
por cento) nos exercícios financeiros de 2027 e 2028; e

II - não poderá ser
superior a:

a) 2% (dois por
cento) no exercício financeiro de 2029;

b) 1% (um por
cento) no exercício financeiro de 2030;

c) 0,67% (sessenta
e sete centésimos por cento) no exercício financeiro de 2031; e

d) 0,5% (cinco
décimos por cento) no exercício financeiro de 2032.

Art. 52. O orçamento do CGIBS para os exercícios financeiros de 2025
a 2028 será composto dos montantes previstos no
[art. 484 da Lei Complementar \\
nº 214, de 16 de janeiro de 2025](https://www.planalto.gov.br/ccivil_03/leis/lcp/Lcp214.htm#art484.0), acrescidos das demais receitas previstas
para o CGIBS no período.

§ 1º O orçamento do
CGIBS para os exercícios financeiros de 2026 a 2028 será proposto pelo
Conselho Superior do CGIBS e aprovado nos termos dos §§ 2º a 4º do art. 47
desta Lei Complementar, não se aplicando o limite de valor previsto no
referido artigo.

§ 2º Nos exercícios
financeiros de 2029 a 2032, o valor da receita do IBS destinada à manutenção
do CGIBS, prevista na proposta de orçamento do CGIBS de que trata o inciso
II do _caput_ do art. 47, não poderá ser superior à aplicação do
percentual previsto nas alíneas “a” a “d” do inciso II do _caput_ do
art. 51 desta Lei Complementar sobre a estimativa de arrecadação do IBS para
o respectivo exercício.

§ 3º Compete ao
Conselho Superior do CGIBS a aprovação da proposta orçamentária do CGIBS
para o exercício financeiro de 2025 e de seus créditos suplementares e
especiais.

§ 4º O CGIBS publicará no Diário Oficial da União, por meio de
resolução, o orçamento do CGIBS para o exercício financeiro de 2025 no prazo
de até 120 (cento e vinte) dias, contado da data da eleição do Presidente do
CGIBS.    [Produção de efeitos](https://www.planalto.gov.br/ccivil_03/leis/lcp/Lcp227.htm#art182)

§ 5º O orçamento do
CGIBS para o ano de 2026 será proposto pelo Conselho Superior em até 120
(cento e vinte) dias contados da data de eleição do Presidente do CGIBS, não
se aplicando o prazo previsto no _caput_ do art. 47 desta Lei
Complementar.      [Produção de efeitos](https://www.planalto.gov.br/ccivil_03/leis/lcp/Lcp227.htm#art182)

§ 6º Para fins de
custeio das despesas necessárias à instalação do CGIBS, conforme disposto no
[art. 14 da Emenda Constitucional nº 132, de 20 de dezembro de 2023](https://www.planalto.gov.br/ccivil_03/Constituicao/Emendas/Emc/emc132.htm#art14), os
recursos oriundos do financiamento da União ao CGIBS aportados nos
exercícios financeiros de 2025 a 2028 poderão ser utilizados para pagamento
de despesas correntes, inclusive despesas com pessoal, e para despesas de
capital, ficando caracterizado o atendimento do disposto no
[inciso III](https://www.planalto.gov.br/ccivil_03/Constituicao/Constituicao.htm#art167iii) e não
se aplicando a vedação prevista no
[inciso X, ambos do _caput_ do \\
art. 167 da Constituição Federal,](https://www.planalto.gov.br/ccivil_03/Constituicao/Constituicao.htm#art167x) quanto a esses recursos.

§ 7º A abertura de
créditos adicionais no período de 2026 a 2032 observará o disposto no § 7º
do art. 47, com a readequação dos limites de acordo com o art. 51, ambos
desta Lei Complementar.

§ 8º
Excepcionalmente em relação ao exercício de 2025, o CGIBS publicará os
relatórios previstos nos arts. 41 e 42 desta Lei Complementar até o final do
mês de janeiro de 2026.

Art. 53. Na instituição do órgão, o cargo de Presidente do Conselho
Superior do CGIBS caberá a representante do conjunto dos Estados e do
Distrito Federal.

Parágrafo único.
Independentemente de cessão, o CGIBS poderá solicitar a disponibilização
imediata de servidores das carreiras de que trata o inciso XVI do § 1º do
art. 2º desta Lei Complementar para atuarem provisoriamente na entidade até
30 de junho de 2026, permanecendo o servidor, para todos os efeitos
funcionais, vinculado ao ente de origem, inclusive no que tange ao ônus
remuneratório e demais encargos legais.

TÍTULO II

DO PROCESSO ADMINISTRATIVO TRIBUTÁRIO
DO IBS

CAPÍTULO I

DAS NORMAS PROCESSUAIS

Seção I

Disposições
Preliminares

Art. 54. Este
Título dispõe sobre o processo administrativo tributário do IBS relativo:

I - ao lançamento
de ofício;

II - às penalidades
por descumprimento ou cumprimento em atraso de obrigações acessórias;

III - ao
indeferimento de pedido de restituição e ressarcimento; e

IV - a outros casos
previstos no regulamento único do IBS, no que couber.

Art. 55. No processo administrativo tributário, serão observados os
seguintes princípios:

I - da
simplicidade;

II - da verdade
material;

III - da ampla
defesa;

IV - do
contraditório;

V - da publicidade;

VI - da
transparência;

VII - da lealdade e
boa-fé;

VIII - da
motivação;

IX - da
oficialidade;

X - da cooperação;

XI - da eficiência;

XII - do formalismo
moderado;

XIII - da razoável
duração do processo;

XIV - da segurança
jurídica;

XV - do devido
processo legal; e

XVI - da celeridade
da tramitação.

Seção II

Dos Atos e
dos Termos Processuais

Subseção I

Da Forma

Art. 56. Os atos e
os termos processuais independem de forma determinada, exceto quando a
legislação expressamente a exigir, considerando-se válidos os que,
realizados de outro modo, cumpram a sua finalidade essencial.

§ 1º Os atos e os
termos processuais serão formalizados, tramitados, comunicados e
transmitidos em formato eletrônico, conforme disciplinado em ato do CGIBS.

§ 2º Os documentos
digitalizados pela administração tributária possuem o mesmo valor probante
de seus originais físicos.

Art. 57. O processo administrativo tributário terá sua formação, sua
tramitação e seu julgamento realizados mediante utilização de sistema
eletrônico.

Parágrafo único.
Competem ao CGIBS a implementação e a gestão do sistema eletrônico referido
no _caput_ deste artigo, que será utilizado pelas administrações
tributárias dos Estados, do Distrito Federal e dos Municípios.

Art. 58. Os documentos transmitidos por meio eletrônico, com
garantia de autoria, de autenticidade e de integridade, na forma
estabelecida na legislação, serão considerados originais para todos os
efeitos legais.

Art. 59. A intervenção no processo administrativo tributário será
feita diretamente pela parte ou por intermédio de procurador devidamente
constituído.

Art. 60. São assegurados às partes o devido processo legal, o
contraditório e a ampla defesa, aduzida por escrito, permitida a sustentação
oral nas sessões de julgamento, e acompanhada de todas as provas que tiver,
desde que produzidas na forma e nos prazos legais.

Parágrafo único.
Decorrido o prazo previsto para a prática do ato, extingue-se
automaticamente o direito de a parte praticá-lo, salvo se provar que não o
realizou por justa causa, caso fortuito ou força maior.

Art. 61. A errônea denominação dada à defesa ou ao recurso não
prejudicará a parte interessada, desde que observados os prazos e os demais
requisitos previstos neste Título.

Subseção II

Dos Prazos

Art. 62. Na contagem dos prazos processuais previstos neste Título,
serão considerados somente os dias úteis, excluído o dia do começo e
incluído o dia do vencimento, exceto se houver expressa disposição em
contrário nesta Lei Complementar ou na [Lei Complementar nº 214, de 16 de \\
janeiro de 2025](https://www.planalto.gov.br/ccivil_03/leis/lcp/Lcp214.htm).

§ 1º Os prazos
somente se iniciam ou vencem em dia de expediente normal no órgão em que
tramita o processo administrativo tributário ou deva ser praticado o ato.

§ 2º Suspende-se o
curso do prazo processual nos dias compreendidos entre 20 de dezembro e 20
de janeiro, inclusive.

§ 3º No período a
que se refere o § 2º deste artigo, não serão realizadas sessões de
julgamento.

§ 4º Se não houver
prazo expressamente previsto para a prática do ato a cargo da parte, o prazo
será de 10 (dez) dias.

§ 5º Os entes
federativos informarão ao CGIBS as datas não consideradas dias úteis e este
fará a divulgação do calendário de dias úteis em seu sítio na internet.

§ 6º Para fins do
disposto no § 1º deste artigo, não se considera dia de expediente normal
aquele em que houver instabilidade do sistema eletrônico do CGIBS necessário
à execução do ato, caracterizada pela indisponibilidade:

I - superior a 60
(sessenta) minutos, ininterruptos ou não, se ocorrida entre 6h00 e 23h00; ou

II - entre 23h00 e
24h00.

Art. 63. Consideram-se realizados os atos processuais por meio
eletrônico no dia e na hora do seu envio ao sistema, o que deverá ser
comprovado ao interessado mediante fornecimento de protocolo eletrônico.

Parágrafo único.
Quando o ato processual tiver que ser praticado por meio de petição
eletrônica, serão considerados tempestivos os efetivados até as 24h do
último dia.

Subseção III

Das
Intimações

Art. 64. Observado
o disposto no § 4º do art. 62 desta Lei Complementar, ato do CGIBS disporá
sobre a forma e o prazo de intimação das partes.

§ 1º As intimações
dos atos do processo administrativo tributário serão feitas por intermédio
do Domicílio Tributário Eletrônico (DTE) ou por meio do sistema de
comunicação eletrônica, nos termos, respectivamente, dos
[arts. 332](https://www.planalto.gov.br/ccivil_03/leis/lcp/Lcp214.htm#art332) e [333 da \\
Lei Complementar nº 214, de 16 de janeiro de 2025](https://www.planalto.gov.br/ccivil_03/leis/lcp/Lcp214.htm#art333).

§ 2º Considera-se
intimado o sujeito passivo após 10 (dez) dias contados da data registrada no
comprovante de entrega no DTE ou no sistema de comunicação eletrônica, caso
o sujeito passivo não efetue a consulta durante esse prazo ao DTE ou ao
sistema de comunicação eletrônica.

Subseção IV

Dos Vícios e
das Nulidades

Art. 65. A
administração tributária deve anular os próprios atos, quando eivados de
vício de legalidade.

Art. 66. São nulos:

I - os atos
praticados por autoridade, por órgão ou por servidor incompetente ou
impedido;

II - os atos
praticados e as decisões proferidas com preterição do direito de defesa;

III - as decisões
não fundamentadas;

IV - os atos
lavrados com erro na identificação do sujeito passivo, ressalvado o disposto
no § 13 deste artigo; e

V - as intimações
feitas sem observância das prescrições legais, observado o disposto no § 2º
deste artigo.

§ 1º É nulo, nos
termos do inciso II do _caput_ deste artigo, o auto de infração lavrado
sem observância do disposto no [parágrafo único do art. 330 da Lei \\
Complementar nº 214, de 16 de janeiro de 2025.](https://www.planalto.gov.br/ccivil_03/leis/lcp/Lcp214.htm#art330p)

§ 2º O
comparecimento do interessado no processo administrativo tributário supre a
falta ou a irregularidade da intimação.

§ 3º A nulidade de
qualquer ato somente prejudica os atos posteriores que dele diretamente
dependam ou sejam consequentes.

§ 4º Ao declarar a
nulidade, a autoridade julgadora indicará os atos por ela atingidos e
ordenará as providências necessárias ao prosseguimento ou à solução do
processo.

§ 5º A nulidade
será declarada pela autoridade competente para praticar o ato ou julgar a
sua legitimidade.

§ 6º O sujeito
passivo não poderá arguir nulidade a que haja dado causa ou para a qual
tenha concorrido.

§ 7º Quando puder
decidir o mérito a favor do sujeito passivo a quem aproveitaria a declaração
de nulidade, a autoridade julgadora não a pronunciará nem mandará repetir o
ato ou suprir-lhe a falta.

§ 8º A nulidade
deverá ser arguida na primeira oportunidade que a parte dispuser, sob pena
de preclusão, exceto as que sejam cognoscíveis de ofício pela autoridade
julgadora.

§ 9º Para fins do
disposto no inciso I do _caput_ deste artigo, considera-se impedido o
julgador que tenha:

I - sido autuante,
autor da manifestação fiscal ou responsável pelo controle de qualidade da
autuação, ou quando qualquer uma dessas atividades tenha sido exercida pelo
seu cônjuge, companheiro ou parente, consanguíneo ou afim, até o terceiro
grau;

II - participado de
diligência;

III - subscrito
resposta a consulta formulada pelo sujeito passivo relativa a matéria
versada no processo;

IV - interesse
econômico ou financeiro, por si ou por seu cônjuge, companheiro ou parente,
consanguíneo ou afim, até o terceiro grau;

V - sido ou ainda
seja contabilista, advogado, consultor ou empregado do sujeito passivo;

VI - vínculo, como
sócio ou como empregado, com a sociedade de advogados, de contabilistas ou
economistas, ou com a empresa de assessoria fiscal ou tributária, a que
esteja vinculado o mandatário constituído por quem figure como parte no
processo administrativo tributário; ou

VII - vínculo, na
condição de sócio ou membro de conselho, de direção ou de administração de
pessoa jurídica parte no processo, por si, por seu cônjuge, companheiro ou
parente, consanguíneo ou afim, até o terceiro grau.

§ 10\. O julgador
deverá apresentar ao Presidente da Câmara ou Turma de Julgamento, no início
de cada novo mandato, lista de empresas com as quais manteve ou mantém algum
tipo de relação que possa enquadrar-se nas hipóteses previstas no § 9º deste
artigo e atualizá-la sempre que necessário.

§ 11\. O impedimento
poderá também ser declarado durante a sessão de julgamento, hipótese em que
o processo será redistribuído para outra Câmara ou Turma de Julgamento,
devendo essa circunstância ser consignada em ata.

§ 12\. As
irregularidades, as incorreções e as omissões diferentes das referidas neste
artigo não importarão nulidade e serão sanadas quando resultarem em prejuízo
para o sujeito passivo, exceto se este lhes houver dado causa ou quando não
influírem na solução do litígio.

§ 13\. Na hipótese
de ocorrer erro na identificação do sujeito passivo em lançamento de ofício
que contenha múltiplos autuados, não será declarada a nulidade da exigência
fiscal se pelo menos um deles estiver corretamente identificado,
excluindo-se do polo passivo aquele erroneamente qualificado.

CAPÍTULO II

DO CONTENCIOSO ADMINISTRATIVO
TRIBUTÁRIO

Seção I

Disposições
Gerais

Art. 67. O
contencioso administrativo tributário instaura-se pelo ato de impugnação em
face do crédito tributário formalizado por meio de lançamento de ofício.

§ 1º O prazo para
impugnação é de 20 (vinte) dias, contado da intimação do lançamento de
ofício.

§ 2º As provas
deverão ser apresentadas juntamente com a impugnação, sob pena de preclusão,
ressalvados os casos devidamente demonstrados:

I - de
impossibilidade de sua apresentação oportuna por justa causa, força maior,
fato ou direito superveniente; ou

II - que se
destinem a contrapor alegações posteriormente trazidas aos autos.

§ 3º Nos casos dos
incisos I e II do § 2º deste artigo, a prova apresentada após a impugnação
será apreciada diretamente pela instância perante a qual se encontrar o
processo.

§ 4º A parte
contrária será intimada a se manifestar sobre os documentos juntados após a
impugnação.

§ 5º Na impugnação,
caso o sujeito passivo reconheça parcialmente o crédito tributário lançado,
o montante incontroverso será encaminhado à cobrança administrativa.

§ 6º Juntamente com
as provas a que se refere o § 2º deste artigo poderão ser requeridas
diligências ou perícias, com indicação expressa dos pontos que se pretenda
esclarecer, sob pena de preclusão.

§ 7º No caso de
perícia, o sujeito passivo deverá indicar o nome, o endereço e a
qualificação profissional de seu assistente técnico.

Art. 68. A impugnação e os recursos serão indeferidos pela
autoridade competente se intempestivos, postulados ou assinados por pessoa
sem legitimidade ou ineptos, vedada a recusa de seu recebimento ou
protocolização.

§ 1º A impugnação e
os recursos serão considerados:

I - intempestivos,
quando apresentados fora do prazo legal;

II - com vício de
ilegitimidade de parte, quando postulados ou assinados por pessoa sem
capacidade ou competência legal para fazê-lo, inclusive em caso de ausência
de legítimo interesse ou de ilegalidade da representação; e

III - ineptos,
quando:

a) não contenham
pedido ou seus fundamentos;

b) contenham pedido
relativo a matéria estranha à legislação tributária aplicável ao lançamento
do tributo contestado; ou

c) não contenham
elementos essenciais à identificação do sujeito passivo, inclusive sua
assinatura ou a assinatura de seu representante legal ou procurador
legalmente constituído.

§ 2º A impugnação e
o recurso intempestivos não suspendem nem mantêm a suspensão da
exigibilidade do crédito tributário.

§ 3º Se houver sido
suscitada a tempestividade como preliminar, a impugnação ou o recurso serão
encaminhados à instância julgadora competente.

§ 4º Não caberá
recurso da decisão colegiada a que se refere o § 3º deste artigo que decidir
pela intempestividade.

§ 5º Verificadas as
irregularidades da representação a que se referem o inciso II e a alínea “c”
do inciso III do § 1º deste artigo, o contribuinte será intimado para
saná-las em 5 (cinco) dias, sob pena de preclusão e nulidade dos atos
praticados e dos que lhes forem consequentes.

Seção II

Das
Diligências

Art. 69. No exame da matéria em litígio, a autoridade julgadora não
ficará adstrita às razões de fato ou de direito invocadas, podendo
determinar a realização de quaisquer diligências, ou solicitar a
manifestação dos interessados na solução do processo, mesmo que outras
medidas já tenham sido tomadas.

§ 1º A decisão que
determinar a realização da diligência deve conter a motivação do ato.

§ 2º Deliberada a
diligência, é vedado à autoridade incumbida de sua realização recusar-se a
cumpri-la.

Art. 70. Quando não estabelecido de forma expressa pela autoridade
julgadora, o prazo para cumprimento de diligência será de 20 (vinte) dias
úteis, prorrogável mediante pedido devidamente justificado, formulado pela
autoridade responsável pela sua realização.

Art. 71. A parte será intimada de todos os documentos juntados ao
processo administrativo tributário em decorrência da realização da
diligência e terá o prazo de 20 (vinte) dias para se manifestar.

Seção III

Da
Desistência e da Revelia

Art. 72. Opera-se a
desistência do litígio na esfera administrativa:

I - expressamente,
por pedido do sujeito passivo; ou

II - tacitamente:

a) pelo pagamento,
pelo parcelamento ou pela compensação do crédito tributário em litígio;

b) pela propositura
de ação judicial relativa à mesma matéria objeto do processo administrativo
tributário, devendo a circunstância ser reconhecida pela autoridade
julgadora, após colher a manifestação da autoridade competente, caso
necessário; ou

c) pela não
apresentação tempestiva do recurso.

§ 1º Se houver
vários interessados no processo administrativo tributário, a desistência
atinge somente quem a tenha formulado ou tenha nela incorrido.

§ 2º Quando houver
matéria distinta da constante do processo judicial, não se opera a
desistência tácita a que se refere a alínea “b” do inciso II do _caput_
deste artigo em relação à matéria diferenciada, a qual terá prosseguimento.

Art. 73. Se não for cumprida a exigência ou apresentada defesa no
prazo legal, o sujeito passivo será considerado revel.

Seção IV

Dos
Provimentos Vinculantes

Art. 74. No âmbito
do processo administrativo tributário, serão observados, desde que ausentes
fundamentos relevantes para distinção:

I - os enunciados
das súmulas vinculantes do Supremo Tribunal Federal, na forma do
[art. 103-A \\
da Constituição Federal;](https://www.planalto.gov.br/ccivil_03/Constituicao/Constituicao.htm#art103a)

II - as decisões
transitadas em julgado proferidas pelo Supremo Tribunal Federal em sede de
controle concentrado de constitucionalidade, na forma do
[§ 2º do art. 102 da \\
Constituição Federal;](https://www.planalto.gov.br/ccivil_03/Constituicao/Constituicao.htm#art102%C2%A72)

III - as decisões
transitadas em julgado proferidas pelo Supremo Tribunal Federal em sede de
controle difuso que tenham declarado inconstitucional dispositivo legal cuja
execução tenha sido suspensa por resolução do Senado Federal, na forma do
[inciso X do _caput_ do art. 52 da Constituição Federal;](https://www.planalto.gov.br/ccivil_03/Constituicao/Constituicao.htm#art52x)

IV - as decisões
transitadas em julgado do Supremo Tribunal Federal ou do Superior Tribunal
de Justiça proferidas na sistemática da repercussão geral ou dos recursos
repetitivos, na forma do
[inciso III, _in fine_, do art. 927](https://www.planalto.gov.br/ccivil_03/_Ato2015-2018/2015/Lei/L13105.htm#art927-3) e dos
[arts. \\
928](https://www.planalto.gov.br/ccivil_03/_Ato2015-2018/2015/Lei/L13105.htm#art928) e [1.036 a 1.041 da Lei nº 13.105, de 16 de março de 2015](https://www.planalto.gov.br/ccivil_03/_Ato2015-2018/2015/Lei/L13105.htm#art1036) (Código de
Processo Civil);

V - as súmulas
editadas pelo CGIBS, nos termos do § 1º do art. 81 desta Lei Complementar; e

VI - as decisões da
Câmara Nacional de Integração do Contencioso Administrativo do IBS e da CBS
de que trata o [art. 323-G da Lei Complementar nº 214, de 16 de janeiro de \\
2025.](https://www.planalto.gov.br/ccivil_03/leis/lcp/Lcp214.htm#art323g)

Parágrafo único.
Ressalvado o disposto neste artigo, é vedado às autoridades julgadoras, no
âmbito do processo administrativo tributário, afastar a aplicação ou deixar
de observar a legislação tributária sob o fundamento de
inconstitucionalidade ou ilegalidade.

Seção V

Das Espécies
Recursais

Subseção I

Disposições
Preliminares

Art. 75. Observados
os requisitos específicos previstos nesta Lei Complementar e em ato do CGIBS,
poderão ser interpostos os seguintes recursos no âmbito do contencioso
administrativo:

I - recurso de
ofício;

II - recurso
voluntário;

III - recurso de
uniformização; e

IV - recurso
especial, na forma do [art. 323-G da Lei Complementar nº 214, de 16 de \\
janeiro de 2025](https://www.planalto.gov.br/ccivil_03/leis/lcp/Lcp214.htm#art323g).

§ 1º Exceto se
houver disposição expressa em contrário ao previsto neste Título, o prazo
para a interposição de recurso e das respectivas contrarrazões, quando
cabíveis, será de 20 (vinte) dias, contado da intimação do ato recorrido ou
da intimação do ato de interposição do recurso, respectivamente.

§ 2º O prazo
previsto no § 1º deste artigo será contado em dobro quando a parte vencida
for a administração tributária dos Estados, do Distrito Federal ou dos
Municípios.

Art. 76. A tramitação e o julgamento do processo administrativo
tributário poderão ser diferenciados mediante adoção de rito sumário, nos
termos definidos em ato do CGIBS, em razão:

I - do crédito
tributário inferior ao valor de alçada, fixado em caráter uniforme em âmbito
nacional, desde que não ultrapasse o valor de 1.000 (mil) UPFs (Unidade
Padrão Fiscal dos Tributos sobre Bens e Serviços); ou

II - da menor
complexidade da matéria, tais como:

a) indeferimento de
pedido de restituição e ressarcimento;

b) exclusão de
programas especiais de parcelamento;

c) indeferimento de opção ou exclusão de ofício do regime do Simples
Nacional, instituído pela [Lei Complementar nº 123, de 14 de dezembro de \\
2006](https://www.planalto.gov.br/ccivil_03/leis/lcp/Lcp123.htm).     [Produção de efeitos](https://www.planalto.gov.br/ccivil_03/leis/lcp/Lcp227.htm#art182)

Parágrafo único.
Nas hipóteses de que trata este artigo, a decisão de primeira instância de
julgamento será considerada definitiva, ressalvado o direito de interposição
de pedido de retificação e dos recursos de que tratam o
[art. 323-G da Lei \\
Complementar nº 214, de 16 de janeiro de 2025](https://www.planalto.gov.br/ccivil_03/leis/lcp/Lcp214.htm#art323g), e, no caso do inciso I do _caput_ deste artigo, o art. 79 desta Lei Complementar.

Subseção II

Do Recurso de
Ofício

Art. 77. O órgão
julgador de primeira instância administrativa recorrerá de ofício à segunda
instância sempre que a decisão for, no todo ou em parte, contrária à Fazenda
Pública.

§ 1º A interposição
do recurso de ofício será formalizada na própria decisão.

§ 2º
Independentemente do disposto no § 1º deste artigo, considera-se interposto
_ex lege_ o recurso de ofício, nos termos estabelecidos neste Título, e
a instância superior avocará os autos e o conhecerá, se presentes os seus
pressupostos.

§ 3º Não caberá
recurso de ofício:

I - da decisão
contrária à Fazenda Pública que consignar, na data da realização do
julgamento, valor inferior ao limite específico para esse fim fixado pelo
CGIBS;

II - quando houver,
nos autos, prova de recolhimento integral do tributo exigido no lançamento
original;

III - na hipótese
em que o cancelamento do ato de lançamento de ofício tiver por fundamento
disposição legal que importe remissão do crédito tributário;

IV - da decisão que
aplicar penalidade mais benéfica à conduta infracional indicada no ato de
lançamento de ofício, decorrente exclusivamente de alteração superveniente
na legislação;

V - da decisão
unânime contrária à Fazenda Pública, que tenha observado provimento
vinculante a que se refere o art. 74 desta Lei Complementar; ou

VI - no processo
administrativo sujeito ao rito sumário, nos termos do art. 76 desta Lei
Complementar.

§ 4º O valor de que
trata o inciso I do § 3º deste artigo deverá ser único e estabelecido em
caráter nacional.

§ 5º Na hipótese
prevista no inciso III do § 3º deste artigo, a representação fazendária
deverá manifestar-se previamente à decisão.

§ 6º Ato do CGIBS
poderá estabelecer outras hipóteses de não cabimento do recurso de ofício,
em razão da controvérsia da matéria ou da natureza da infração.

Subseção III

Do Recurso
Voluntário

Art. 78. Das
decisões de primeira instância contrárias ao sujeito passivo, caberá recurso
voluntário ao colegiado de segunda instância.

§ 1º O recurso
voluntário admitido devolve o conhecimento de toda a matéria nele versada.

§ 2º O recurso
interposto pelo sujeito passivo de parte da decisão implica reconhecimento
da parte não recorrida.

Subseção IV

Do Recurso de
Uniformização em Relação à Legislação Específica do IBS

Art. 79. Caberá recurso de uniformização, dirigido à Câmara Superior
do IBS, no prazo de 10 (dez) dias, contra decisão de segunda instância ou
proferida no rito sumário de que trata o inciso I do _caput_ do art. 76
desta Lei Complementar, que conferir à legislação específica do IBS
interpretação do direito divergente da que lhe haja atribuído outra decisão
de segunda instância ou da própria Câmara Superior, com vistas a uniformizar
a jurisprudência administrativa do IBS em âmbito nacional.

§ 1º Poderão
interpor o recurso de uniformização:

I - a representação
da Fazenda Pública; ou

II - o sujeito
passivo.

§ 2º Incumbe ao
recorrente a comprovação da divergência, mediante indicação objetiva e
precisa das circunstâncias que identifiquem ou assemelhem as decisões
confrontadas, sob pena de o recurso de uniformização não ser conhecido pela
Câmara Superior do IBS.

§ 3º O recurso de
uniformização não será conhecido se:

I - adotar como
paradigma decisão que tenha sido prejudicada, inclusive por legislação
superveniente; ou

II - contrariar
entendimento sumulado pelo CGIBS.

§ 4º Será admitida
a apresentação de contrarrazões no prazo de 10 (dez) dias, contado da
intimação do recurso interposto.

§ 5º O recurso
conhecido devolve à Câmara Superior do IBS somente a matéria objeto da
divergência.

§ 6º Não é cabível
a interposição de recurso de uniformização em relação à legislação comum do
IBS e da CBS, hipótese em que será observado o disposto no
[art. 323-G da Lei \\
Complementar nº 214, de 16 de janeiro de 2025](https://www.planalto.gov.br/ccivil_03/leis/lcp/Lcp214.htm#art323g).

§ 7º Ato do CGIBS
disporá sobre o processamento do recurso de que trata este artigo.

Seção VI

Do Pedido de
Retificação

Art. 80. Da decisão de qualquer instância administrativa, caberá
pedido de retificação para a própria Câmara que a proferiu e, se for o caso,
para as suas Turmas de Julgamento, no prazo de 5 (cinco) dias, contado da
intimação da decisão, exclusivamente para corrigir erro de fato, eliminar
contradição ou obscuridade ou suprir omissão em relação à questão que
deveria ter sido objeto de decisão, podendo, ainda, a referida matéria ser
tratada como preliminar das razões de recurso próprio.

§ 1º Poderão
apresentar o pedido de retificação:

I - a representação
da Fazenda Pública; ou

II - o sujeito
passivo.

§ 2º A apresentação
tempestiva do pedido de retificação interrompe o prazo para interposição de
recurso.

§ 3º A decisão
relativa ao pedido de retificação versará apenas sobre o objeto do pedido.

§ 4º O pedido de
retificação será decidido pelo mesmo órgão que proferiu a decisão
contestada.

§ 5º Da decisão que
não conhecer ou rejeitar o pedido de retificação não caberá novo pedido de
retificação.

Seção VII

Do Incidente
de Uniformização Relativo à Legislação Específica do IBS

Art. 81. É cabível
a proposição de incidente de uniformização perante a Câmara Superior do IBS
em relação à legislação específica do IBS:

I - de matérias
repetitivas, quando houver julgamentos reiterados sobre a mesma questão de
direito;

II - da decisão de
segunda instância que deixar de aplicar os provimentos vinculantes previstos
no art. 74 desta Lei Complementar.

§ 1º O julgamento
do incidente de uniformização de matérias repetitivas fixará tese sobre a
matéria, e caberá à Câmara Superior do IBS editar súmula que terá caráter de
provimento vinculante a partir de sua publicação no Diário Eletrônico do
CGIBS.

§ 2º O efeito
vinculante de que trata o § 1º deste artigo alcança também todas as
impugnações e recursos, pendentes ou futuros, que versem sobre idêntica
questão de direito.

§ 3º Caberá revisão
da tese firmada no incidente de uniformização pelo CGIBS, de ofício ou
mediante pedido dos legitimados a que se referem os arts. 84 e 87 desta Lei
Complementar.

§ 4º Ato do CGIBS
disporá sobre o processamento do incidente de que trata este artigo.

Subseção I

Do Cabimento
do Incidente de Uniformização por Repetição de Julgamentos

Art. 82. O incidente de uniformização de que trata o inciso I do _caput_ do art. 81 desta Lei Complementar observará o disposto nesta
Subseção.

Art. 83. A suscitação do incidente de uniformização previsto nesta
Subseção deverá estar acompanhada de 5 (cinco) decisões definitivas
proferidas por Câmara de Julgamento de segunda instância ou por 3 (três)
decisões proferidas pela Câmara Superior do IBS, por, no mínimo, maioria de
votos, em sessões de julgamento distintas, sob pena de não conhecimento.

Art. 84. Poderão suscitar o incidente de uniformização previsto nesta
Subseção:

I - a representação
da Fazenda Pública;

II - os Presidentes
das Câmaras de Julgamento de segunda instância ou da Câmara Superior do IBS.

Parágrafo único. O
incidente de uniformização previsto nesta Subseção não suspenderá a
exigibilidade do crédito tributário.

Subseção II

Do Cabimento
do Incidente de Uniformização por Inobservância de Provimento Vinculante do
CGIBS

Art. 85. O
incidente de uniformização de que trata o inciso II do _caput_ do
art. 81 desta Lei Complementar observará o disposto nesta Subseção.

Art. 86. A suscitação do incidente de uniformização previsto nesta
Subseção deverá estar acompanhada da indicação do provimento vinculante
proferido ou editado pelo órgão responsável do CGIBS que deixou de ser
aplicado pela decisão de segunda instância.

Art. 87. Poderão suscitar o incidente de uniformização previsto nesta
Subseção:

I - a representação
da Fazenda Pública;

II - o sujeito
passivo.

Parágrafo único. O
incidente de uniformização previsto nesta Subseção suspenderá a
exigibilidade do crédito tributário.

CAPÍTULO III

DOS ÓRGÃOS DE JULGAMENTO

Seção I

Disposições
Gerais

Art. 88. Compete
aos Estados, ao Distrito Federal e aos Municípios, de forma integrada e
exclusivamente por meio do CGIBS, decidir o contencioso administrativo
relativo ao IBS, nos termos estabelecidos na Constituição Federal e nesta
Lei Complementar.

§ 1º As sessões de
julgamento relativas ao contencioso administrativo serão realizadas de modo
virtual e síncrono, asseguradas, em todas as instâncias, a realização de
audiências e de sustentações orais e a apresentação de memoriais pelas
partes.

§ 2º As partes
deverão ser intimadas da inclusão do processo administrativo em pauta de
julgamento com, no mínimo, 10 (dez) dias de antecedência.

Art. 89. O contencioso administrativo será estruturado, no âmbito das
competências do CGIBS, nas seguintes instâncias:

I - primeira
instância de julgamento;

II - segunda
instância; e

III - instância de
uniformização da jurisprudência do IBS relativa à legislação específica do
IBS.

§ 1º As instâncias
de que tratam os incisos I e II do _caput_ deste artigo serão
organizadas por unidade federativa estadual e distrital.

§ 2º São requisitos
para o exercício da função de julgador no processo administrativo
tributário:

I - no caso dos
servidores das administrações tributárias, que:

a) sejam
integrantes das carreiras dotadas de competência para a realização do
lançamento tributário ou de julgamento tributário;

b) possuam
graduação em curso de nível superior;

c)
preferencialmente, detenham experiência em julgamento de processos
administrativos tributários em seus entes federativos de origem;

II - no caso dos
representantes dos contribuintes, que:

a) possuam
graduação em curso de nível superior há, pelo menos, 3 (três) anos;

b) detenham
experiência tributária e contábil há, pelo menos, 3 (três) anos após a
graduação em curso de nível superior.

§ 3º É assegurada a
paridade de representação entre o conjunto dos Estados e do Distrito Federal
e o conjunto dos Municípios e do Distrito Federal em todas as instâncias que
compõem a estrutura de julgamento incumbida de decidir o contencioso
administrativo relativo ao IBS.

§ 4º Pelo menos 30%
(trinta por cento) das vagas de que trata o § 3º deste artigo serão ocupadas
por mulheres.

Art. 90. O mandato dos julgadores será de 2 (dois) anos, permitida a
recondução.

Seção II

Da Primeira
Instância de Julgamento

Art. 91. Compete à primeira instância de julgamento do contencioso
administrativo do IBS julgar:

I - o lançamento
tributário realizado pelas administrações tributárias dos Estados, do
Distrito Federal e dos Municípios, regularmente impugnado pelo sujeito
passivo; e

II - o pedido de
retificação.

Art. 92. A primeira instância de julgamento será composta de 27
(vinte e sete) Câmaras de Julgamento virtuais, integradas, de forma
colegiada e paritária, exclusivamente por servidores de carreira dos Estados
e dos respectivos Municípios, ou do Distrito Federal, com competência para a
realização do lançamento tributário ou julgamento tributário.

§ 1º As Câmaras de
Julgamento de que trata o _caput_ deste artigo poderão ser compostas de
Turmas de Julgamento, nos termos estabelecidos em ato do CGIBS.

§ 2º O julgamento
do lançamento compete à Câmara de Julgamento relativa ao Estado em que
situada a administração tributária titular do lançamento ou do ente
federativo responsável pelo lançamento.

§ 3º As Câmaras de
Julgamento de primeira instância e, se for o caso, as suas Turmas de
Julgamento serão integradas, na forma prevista em ato do CGIBS:

I - por 2 (dois)
servidores indicados pela administração tributária do Estado a que a Câmara
de Julgamento se refere, ou por 4 (quatro) servidores, no caso do Distrito
Federal;

II - por 2 (dois)
servidores indicados pelas administrações tributárias dos Municípios
integrantes do Estado a que se refere o inciso I deste parágrafo; e

III - pelo
Presidente, que votará apenas em caso de empate.

§ 4º A presidência
da Câmara de Julgamento e, se for o caso, das suas Turmas de Julgamento será
exercida alternadamente, a cada exercício, entre os servidores indicados
pelas administrações tributárias do Estado e dos respectivos Municípios, na
forma estabelecida em ato do CGIBS.

§ 5º A quantidade
de Turmas de Julgamento existentes em cada uma das Câmaras de Julgamento de
primeira instância será definida pelo CGIBS em função do volume de processos
em tramitação.

§ 6º Será
selecionado igual número de suplentes para atuar na ausência do membro
efetivo.

§ 7º O
funcionamento das Câmaras de Julgamento de primeira instância será
disciplinado em ato do CGIBS.

Seção III

Da Segunda
Instância de Julgamento

Art. 93. Compete à segunda instância do contencioso administrativo do
IBS julgar os seguintes recursos contra decisão de primeira instância:

I - recurso de
ofício; e

II - recurso
voluntário.

Parágrafo único.
Sem prejuízo do disposto no _caput_ deste artigo, também compete à
segunda instância julgar pedido de retificação das próprias decisões.

Art. 94. A segunda instância será composta de 27 (vinte e sete)
Câmaras Recursais de Julgamento virtuais, integradas, de forma colegiada e
paritária, por servidores de carreira dos Estados e dos respectivos
Municípios, ou do Distrito Federal, com competência para a realização do
lançamento tributário ou julgamento tributário, e por representantes dos
contribuintes.

§ 1º As Câmaras
Recursais de Julgamento de que trata o _caput_ deste artigo poderão ser
compostas de Turmas Recursais de Julgamento, nos termos estabelecidos em ato
do CGIBS.

§ 2º O julgamento
do recurso interposto contra a decisão de primeira instância compete à
Câmara Recursal de Julgamento do Estado em que situada a administração
tributária titular do lançamento ou do ente federativo responsável pelo
lançamento.

§ 3º As Câmaras
Recursais de Julgamento e, se for o caso, as suas Turmas Recursais de
Julgamento serão integradas, na forma prevista em ato do CGIBS:

I - por 2 (dois)
servidores indicados pela administração tributária do Estado a que a Câmara
Recursal de Julgamento se refere, ou por 4 (quatro) servidores, no caso do
Distrito Federal;

II - por 2 (dois)
servidores indicados pelas administrações tributárias dos Municípios
integrantes do Estado a que se refere o inciso I deste parágrafo;

III - por 4
(quatro) representantes dos contribuintes; e

IV - pelo
Presidente, que votará apenas em caso de empate.

§ 4º Os
representantes dos contribuintes serão nomeados, na forma estabelecida em
ato do CGIBS, dentre pessoas indicadas por entidades representativas de
categorias econômicas e aprovadas em processo seletivo público para
avaliação de conhecimentos e de experiência em matéria tributária.

§ 5º A presidência
da Câmara Recursal de Julgamento e, se for o caso, das suas Turmas Recursais
de Julgamento será exercida alternadamente, a cada exercício, exclusivamente
entre os servidores indicados pelas administrações tributárias do Estado e
dos respectivos Municípios, na forma estabelecida em ato do CGIBS.

§ 6º A quantidade
de Turmas Recursais de Julgamento existentes em cada uma das Câmaras
Recursais de Julgamento será definida pelo CGIBS em função do volume de
processos em tramitação.

§ 7º Será
selecionado igual número de suplentes para atuar na ausência do membro
efetivo.

§ 8º O
funcionamento das Câmaras Recursais de Julgamento será disciplinado em ato
do CGIBS.

Seção IV

Da Instância
de Uniformização da Jurisprudência do IBS Relativa à Legislação Específica
do IBS

Art. 95. Compete à
instância de uniformização da jurisprudência relativa à legislação
específica do IBS:

I - julgar o
recurso de uniformização em relação à legislação específica do IBS;

II - julgar o
incidente de uniformização relativo à legislação específica do IBS;

III - julgar o
pedido de retificação; e

IV - deliberar
sobre a edição, a revisão e o cancelamento de provimentos vinculantes.

Art. 96. A instância de uniformização da jurisprudência relativa à
legislação específica do IBS será composta, em meio virtual, da Câmara
Superior do IBS, integrada de forma colegiada e paritária.

§ 1º A Câmara
Superior do IBS será integrada, na forma prevista em ato do CGIBS:

I - por 4 (quatro)
servidores indicados pelas administrações tributárias dos Estados e do
Distrito Federal;

II - por 4 (quatro)
servidores indicados pelas administrações tributárias dos Municípios e do
Distrito Federal;

III - por 8 (oito)
representantes dos contribuintes; e

IV - pelo
Presidente, que votará apenas em caso de empate.

§ 2º Os
representantes dos contribuintes serão nomeados, na forma estabelecida em
ato do CGIBS, dentre pessoas indicadas por entidades representativas de
categorias econômicas e aprovadas em processo seletivo público para
avaliação de conhecimentos e de experiência em matéria tributária.

§ 3º A presidência
da Câmara Superior do IBS será exercida, de forma alternada, por servidor
indicado pelas administrações tributárias dos Estados e do Distrito Federal
ou dos Municípios, na forma estabelecida em ato do CGIBS.

§ 4º Os integrantes
da Câmara Superior do IBS serão escolhidos dentre servidores que tenham
integrado as Câmaras Julgadoras de segunda instância dos contenciosos
administrativos tributários estadual, distrital e municipal por, no mínimo,
2 (dois) mandatos.

§ 5º Será
selecionado igual número de suplentes para atuar na ausência do membro
efetivo.

§ 6º O
funcionamento da Câmara Superior do IBS será disciplinado em ato do CGIBS.

§ 7º Para fins dos
incisos I e II do § 1º deste artigo, os servidores indicados deverão ser
exclusivamente de carreira do Estado e dos respectivos Municípios, ou do
Distrito Federal, com competência para a realização do lançamento tributário
ou julgamento tributário.

CAPÍTULO IV

DA REPRESENTAÇÃO DA FAZENDA PÚBLICA

Art. 97. A
representação e a defesa jurídica da Fazenda Pública perante as Câmaras de
Julgamento serão exercidas por procuradores dos Estados, do Distrito Federal
e dos Municípios ou por autoridade fiscal integrante das administrações
tributárias, nos termos de lei do respectivo ente federativo.

§ 1º Compete à
representação da Fazenda Pública, além de outras atribuições previstas em
ato do CGIBS:

I - defender o
interesse público, a legalidade e a preservação da ordem jurídica;

II - interpor, pela
Fazenda Pública, os recursos cabíveis, as contrarrazões e os demais
instrumentos processuais previstos neste Título;

III - fazer-se
presente nas sessões de julgamento, podendo usar da palavra;

IV - representar à
autoridade competente sobre quaisquer irregularidades verificadas nos
processos, em detrimento da Fazenda Pública ou dos contribuintes, bem como
apresentar sugestões de medidas legislativas e providências administrativas
que julgar úteis ao aperfeiçoamento dos serviços de exação fiscal.

§ 2º É assegurada a
participação de representante da autoridade lançadora na condição de
assistente, a critério da representação da Fazenda Pública.

CAPÍTULO V

DISPOSIÇÕES FINAIS

Art. 98. As decisões e os acórdãos deverão indicar com clareza os
pressupostos de fato e de direito que os determinaram, cabendo ao CGIBS
assegurar a sua publicidade, na forma estabelecida em ato próprio.

Art. 99. Exceto nos casos de dolo ou de excesso de linguagem, os
julgadores não poderão ser punidos ou prejudicados pelas opiniões que
manifestarem ou pelo teor das decisões que proferirem.

Art. 100. Caracteriza renúncia tácita ao mandato a conduta do membro
julgador que:

I - retardar ou
retiver processos além dos prazos previstos em ato do CGIBS;

II - deixar de
redigir o acórdão no prazo estabelecido em ato do CGIBS; ou

III - deixar de
comparecer a 3 (três) sessões de julgamento consecutivas ou a 5 (cinco)
sessões alternadas no quadrimestre.

Parágrafo único. O
disposto neste artigo não se aplica na hipótese em que for apresentada
justificativa prévia, fundamentada e por escrito, aceita pelo Presidente da
Câmara de Julgamento ou da Câmara Superior, conforme o caso.

Art. 101. Perderá o mandato o membro julgador que:

I - empregar meios
ilícitos para procrastinar o exame e o julgamento de processos, ou praticar,
no exercício da função, quaisquer atos de favorecimento; ou

II - incorrer em
falta grave, prevista em ato do CGIBS.

§ 1º Para os fins
deste artigo, observado o devido processo administrativo em que sejam
assegurados a ampla defesa e o contraditório, caberá:

I - ao Presidente
da Câmara Superior submeter a proposta de perda de mandato do membro
julgador ao Presidente do CGIBS;

II - ao Presidente
do CGIBS decidir sobre a proposta de perda de mandato do membro julgador.

§ 2º Não caberá
recurso da decisão a que se refere o inciso II do § 1º deste artigo.

Art. 102. Compete ao CGIBS resolver os casos omissos, bem como editar
os atos normativos necessários para a execução do disposto neste Título.

TÍTULO III

DA DISTRIBUIÇÃO DO PRODUTO DA
ARRECADAÇÃO DO IBS

CAPÍTULO I

DISPOSIÇÕES PRELIMINARES

Art. 103. Os rendimentos provenientes de aplicações financeiras do
produto da arrecadação do IBS, sem prejuízo das hipóteses de acréscimos de
juros relativos ao ressarcimento de créditos do contribuinte expressamente
previstas na [Lei Complementar nº 214, de 16 de janeiro de 2025](https://www.planalto.gov.br/ccivil_03/leis/lcp/Lcp214.htm), serão
distribuídos integralmente aos Estados, ao Distrito Federal e aos
Municípios, proporcionalmente à participação de cada ente federativo na
receita do IBS apurada com base nas alíquotas de referência, nos termos do
art. 108 desta Lei Complementar, nos 12 (doze) meses imediatamente
anteriores.

§ 1º Os valores
referidos no _caput_ deste artigo serão distribuídos diretamente aos
entes federativos, não integrando o fluxo de distribuição previsto nos arts. 104
a 131 desta Lei Complementar.

§ 2º Os recursos de
que trata este artigo constituem receitas patrimoniais dos entes federativos
e não integram a base de cálculo para fins do disposto no
[inciso IV do _caput_ do art. 158](https://www.planalto.gov.br/ccivil_03/Constituicao/Constituicao.htm#art158-4), no
[§ 2º do art. 198](https://www.planalto.gov.br/ccivil_03/Constituicao/Constituicao.htm#art198%C2%A72), no
[parágrafo único do art. 204](https://www.planalto.gov.br/ccivil_03/Constituicao/Constituicao.htm#art204p),
no [art. 212](https://www.planalto.gov.br/ccivil_03/Constituicao/Constituicao.htm#art212), no
[inciso II do _caput_ do art. 212-A](https://www.planalto.gov.br/ccivil_03/Constituicao/Constituicao.htm#art212a-2) e no
[§ 6º do \\
art. 216, todos da Constituição Federal.](https://www.planalto.gov.br/ccivil_03/Constituicao/Constituicao.htm#art216%C2%A76)

Art. 104. A distribuição do produto da arrecadação do IBS aos
Estados, ao Distrito Federal e aos Municípios pelo CGIBS observará o
disposto neste Título.

§ 1º O CGIBS
transferirá aos entes federativos a parcela da receita do IBS a eles
destinada a cada período de determinação do montante do produto da
arrecadação a ser distribuído.

§ 2º Os períodos de
determinação do montante do produto da arrecadação a ser distribuído serão
definidos pelo CGIBS e não poderão ser inferiores a 1 (um) dia útil nem ser
mais extensos que o período de apuração do IBS.

§ 3º A receita
relativa a cada período de determinação do montante do produto da
arrecadação a ser distribuído será transferida aos entes federativos em até
3 (três) dias úteis após o encerramento do período de determinação, nos
termos do regulamento.

CAPÍTULO II

DA RECEITA-BASE DOS ENTES FEDERATIVOS

Art. 105. A cada período de determinação do montante do produto da
arrecadação a ser distribuído, o CGIBS calculará a Receita-Base de cada
Estado e Município e do Distrito Federal, nos termos previstos neste
Capítulo.

Parágrafo único. A
Receita-Base de cada ente federativo corresponde à receita inicial, apurada
nos termos do art. 106, após os ajustes de que tratam os arts. 107 a 111
desta Lei Complementar.

Art. 106. Compõem a receita inicial de cada ente federativo:

I - o valor do IBS
extinto e que não tenha sido apropriado como crédito relativo às operações e
às importações em que o Estado, o Distrito Federal ou o Município seja
destino da operação:

a) tributada pelo
regime regular do IBS e sujeita à alíquota-padrão ou à alíquota reduzida em
30% (trinta por cento) ou em 60% (sessenta por cento);

b) tributada pelo
Simples Nacional, nos termos da [Lei Complementar nº 123, de 14 de dezembro \\
de 2006](https://www.planalto.gov.br/ccivil_03/leis/lcp/Lcp123.htm); e

c) tributada nos
termos dos regimes específicos de tributação relativos a:

1\. bens imóveis;

2\. bares e
restaurantes;

3\. hotelaria,
parques de diversão e parques temáticos;

4\. transporte
coletivo de passageiros intermunicipal e interestadual rodoviário,
ferroviário ou hidroviário;

5\. transporte aéreo
regional coletivo de passageiros ou de carga; e

6\. fundo de
investimento contribuinte do IBS no regime regular;

II - o valor do IBS
extinto no âmbito dos demais regimes específicos de tributação e destinado
ao Estado, ao Distrito Federal ou ao Município nos termos do art. 113 desta
Lei Complementar; e

III - o valor do
IBS extinto e destinado ao Estado, ao Distrito Federal ou ao Município
contratante, nas operações e nas importações tributadas nos termos do
[art. 149-C da Constituição Federal](https://www.planalto.gov.br/ccivil_03/Constituicao/Constituicao.htm#art149c).

§ 1º Para fins do
disposto neste artigo:

I - considera-se
como IBS extinto relativo a cada operação:

a) o valor extinto
nos termos da [Lei Complementar nº 214, de 16 de janeiro de 2025](https://www.planalto.gov.br/ccivil_03/leis/lcp/Lcp214.htm), mediante:

1\. compensação de
créditos de IBS apropriados pelo contribuinte;

2\. pagamento pelo
sujeito passivo;

3\. recolhimento na
liquidação financeira da operação ( _split payment_);

4\. recolhimento
pelo adquirente; ou

5\. recolhimento por
responsável; e

b) o saldo devedor
de IBS compensado com saldo credor do ICMS, nos termos dos arts. 137, 138 e
144 desta Lei Complementar;

II - o destino da
operação é o local da ocorrência da operação, conforme definido no
[art. 11 \\
da Lei Complementar nº 214, de 16 de janeiro de 2025](https://www.planalto.gov.br/ccivil_03/leis/lcp/Lcp214.htm#art11);

III - o IBS extinto
em decorrência de lançamento de ofício será considerado como receita dos
entes federativos de destino da operação, nos termos da [Lei Complementar \\
nº 214, de 16 de janeiro de 2025](https://www.planalto.gov.br/ccivil_03/leis/lcp/Lcp214.htm);

IV - será
considerado o montante integral do IBS extinto, incluindo os juros de mora e
as multas de mora, observado o disposto no inciso III do _caput_ do
art. 108 desta Lei Complementar, e excluindo as multas punitivas e os juros
de mora sobre elas incidentes, oriundos de valores inscritos ou não em
dívida ativa;

V - integra a
receita do ente federativo de destino o montante extinto decorrente de
anulação ou estorno de crédito de IBS anteriormente apropriado;

VI - os efeitos
financeiros do cancelamento de operação que tenha gerado receita para o ente
federativo em período de determinação anterior, inclusive por ocasião da
devolução de bem material por pessoa que não seja contribuinte do IBS, serão
considerados como redução de receita do ente federativo no período de
determinação em que ocorrerem.

§ 2º Nas operações
tributadas nos termos da [Lei Complementar nº 123, de 14 de dezembro de 2006](https://www.planalto.gov.br/ccivil_03/leis/lcp/Lcp123.htm),
a que se refere a alínea “b” do inciso I do _caput_ deste artigo, a
identificação dos entes federativos de destino será feita pelo CGIBS:

I - com base nos
documentos fiscais emitidos ou nas declarações transmitidas por empresas
optantes pelo Simples Nacional, ou, ainda, com base em lançamento de ofício;
e

II - observando a
proporção entre as alíquotas de referência estadual e municipal para fins de
composição da receita inicial do Estado e do Município de destino.

§ 3º Não integram a
receita inicial:

I - as receitas de
IBS extinto decorrentes das aquisições realizadas por produtores rurais e
transportadores autônomos não contribuintes relativas a bens e serviços
necessários à sua atividade, devendo ser alocadas aos entes federativos nos
termos do § 3º do art. 108 desta Lei Complementar; e

II - as receitas de
IBS extinto pelos Microempreendedores Individuais (MEIs), as quais serão
distribuídas aos entes federativos nos termos da [Lei Complementar nº 123, de \\
14 de dezembro de 2006](https://www.planalto.gov.br/ccivil_03/leis/lcp/Lcp123.htm).

§ 4º Integram a
receita inicial dos Estados, do Distrito Federal e dos Municípios com
critérios de alocação diferentes do disposto no _caput_ deste artigo:

I - as receitas de
IBS extinto relativas às aquisições realizadas por contribuintes optantes do
Simples Nacional que recolham o imposto nos termos da [Lei Complementar \\
nº 123, de 14 de dezembro de 2006](https://www.planalto.gov.br/ccivil_03/leis/lcp/Lcp123.htm), as quais serão retidas pelo CGIBS até o
final de cada período de apuração e alocadas, ao fim do período de apuração,
nos termos do regulamento, proporcionalmente à participação de cada ente
federativo no IBS extinto incidente sobre as operações realizadas pelos
contribuintes a que se refere este inciso no respectivo período de apuração;
e

II - as receitas de
IBS extinto advindas da anulação de créditos em decorrência de saídas imunes
e isentas de que trata o [art. 51 da Lei Complementar nº 214, de 16 de \\
janeiro de 2025,](https://www.planalto.gov.br/ccivil_03/leis/lcp/Lcp214.htm#art51) ou com redução de alíquota sem manutenção de crédito, as
quais serão alocadas aos entes federativos nos termos do § 2º do art. 112
desta Lei Complementar.

§ 5º O disposto no
inciso I do § 4º deste artigo não se aplica às aquisições realizadas por MEI,
que, para fins dos critérios de alocação da receita de que trata este
artigo, serão consideradas como consumo final.

§ 6º A apropriação
de crédito de IBS relativo à operação sujeita a regime específico de
tributação em que não seja possível aferir diretamente o pagamento pelo
fornecedor será feita com base no valor do IBS registrado em documento
fiscal eletrônico hábil, idôneo e reconhecido pelo CGIBS e pela RFB.

Art. 107. O valor da receita inicial de cada ente federativo apurado
na forma do art. 106 desta Lei Complementar será ajustado por meio:

I - da dedução de
valor destinado à devolução geral do IBS às pessoas físicas, nos termos da
[Lei Complementar nº 214, de 16 de janeiro de 2025](https://www.planalto.gov.br/ccivil_03/leis/lcp/Lcp214.htm), o qual será calculado
pela aplicação de percentual sobre a receita apurada na forma do art. 106
desta Lei Complementar; e

II - quando
cabível, de ajuste decorrente da fixação, pelo ente federativo, de alíquota
distinta da alíquota de referência da respectiva esfera federativa, por
meio:

a) da dedução de
valor correspondente ao aumento da receita do ente federativo decorrente da
fixação de alíquota superior à alíquota de referência da respectiva esfera
da Federação; e

b) do acréscimo de
valor correspondente à redução da receita do ente federativo decorrente da
fixação de alíquota inferior à alíquota de referência da respectiva esfera
da Federação.

Parágrafo único. O
percentual a que se refere o inciso I do _caput_ deste artigo:

I - será fixado
pelo CGIBS para cada período de determinação do montante do produto da
arrecadação a ser distribuído, com base em estimativas do valor da devolução
geral do IBS e do valor total da receita inicial dos entes federativos; e

II - será o mesmo
para todos os Estados, o Distrito Federal e os Municípios.

Art. 108. O valor da receita de cada ente federativo apurado na forma
do art. 107 desta Lei Complementar será ajustado por meio:

I - da dedução de
valor destinado à concessão de créditos presumidos do IBS previstos na
[Lei \\
Complementar nº 214, de 16 de janeiro de 2025](https://www.planalto.gov.br/ccivil_03/leis/lcp/Lcp214.htm), o qual será calculado pela
aplicação de percentual sobre a receita apurada na forma do art. 107 desta
Lei Complementar;

II - do acréscimo
de valor correspondente ao IBS extinto incidente sobre as aquisições por
produtores rurais e transportadores autônomos não contribuintes, nos termos
do § 3º deste artigo; e

III - do acréscimo
dos valores arrecadados a título de multas e juros de mora, nos termos do
[§ 2º do art. 29 da Lei Complementar nº 214, de 16 de janeiro de 2025](https://www.planalto.gov.br/ccivil_03/leis/lcp/Lcp214.htm#art29%C2%A72),
decorrentes de operações entre contribuintes do regime regular do imposto.

§ 1º O percentual a
que se refere o inciso I do _caput_ deste artigo:

I - será fixado
pelo CGIBS para cada período de determinação do montante do produto da
arrecadação a ser distribuído, com base em estimativas do valor dos créditos
presumidos de IBS e do valor total da receita dos entes federativos
calculada na forma do art. 107 desta Lei Complementar; e

II - será o mesmo
para todos os Estados, o Distrito Federal e os Municípios.

§ 2º Observado o
disposto na [Lei Complementar nº 214, de 16 de janeiro de 2025](https://www.planalto.gov.br/ccivil_03/leis/lcp/Lcp214.htm), quanto à sua
forma de cálculo e aproveitamento, os créditos presumidos de IBS a serem
financiados com o valor retido na forma do inciso I do _caput_ deste
artigo são aqueles relativos:

I - às aquisições
de bens e serviços de produtor rural pessoa física ou jurídica que não opte
por ser contribuinte do IBS, nos termos do [art. 164 da Lei Complementar nº 214, de 16 de janeiro de 2025;](https://www.planalto.gov.br/ccivil_03/leis/lcp/Lcp214.htm#art164)

II - às aquisições
de serviço de transportador autônomo de carga pessoa física que não seja
contribuinte do IBS, nos termos do [art. 169 da Lei Complementar nº 214, de \\
16 de janeiro de 2025;](https://www.planalto.gov.br/ccivil_03/leis/lcp/Lcp214.htm#art169)

III - às aquisições
de resíduos e demais materiais destinados à reciclagem, reutilização ou
logística reversa de pessoa física, cooperativa ou outra forma de
organização popular, nos termos do [art. 170 da Lei Complementar nº 214, de \\
16 de janeiro de 2025](https://www.planalto.gov.br/ccivil_03/leis/lcp/Lcp214.htm#art170);

IV - às aquisições
de bens móveis usados de pessoa física não contribuinte para revenda, nos
termos do [art. 171 da Lei Complementar nº 214, de 16 de janeiro de 2025;](https://www.planalto.gov.br/ccivil_03/leis/lcp/Lcp214.htm#art171)

V - às operações
específicas envolvendo as sociedades cooperativas definidas na forma dos
[arts. 271](https://www.planalto.gov.br/ccivil_03/leis/lcp/Lcp214.htm#art271) e [272 da Lei Complementar nº 214, de 16 de janeiro de 2025](https://www.planalto.gov.br/ccivil_03/leis/lcp/Lcp214.htm#art272); e

VI - aos benefícios
concedidos à Zona Franca de Manaus e às Áreas de Livre Comércio, nos termos
dos [arts. 444](https://www.planalto.gov.br/ccivil_03/leis/lcp/Lcp214.htm#art444),
[447](https://www.planalto.gov.br/ccivil_03/leis/lcp/Lcp214.htm#art447), [449](https://www.planalto.gov.br/ccivil_03/leis/lcp/Lcp214.htm#art449),
[450](https://www.planalto.gov.br/ccivil_03/leis/lcp/Lcp214.htm#art450), [462](https://www.planalto.gov.br/ccivil_03/leis/lcp/Lcp214.htm#art462),
[465](https://www.planalto.gov.br/ccivil_03/leis/lcp/Lcp214.htm#art465) e [467 da Lei Complementar nº 214, de \\
16 de janeiro de 2025.](https://www.planalto.gov.br/ccivil_03/leis/lcp/Lcp214.htm#art467)

§ 3º Será
distribuído aos Estados, ao Distrito Federal e aos Municípios,
proporcionalmente à participação de cada ente federativo na receita apurada
na forma do art. 107 desta Lei Complementar nos 12 (doze) meses anteriores:

I - o valor do IBS
extinto relativo às operações em que os produtores rurais que optem por não
ser contribuintes, referidos no inciso I do § 2º deste artigo, sejam
adquirentes de bens e serviços utilizados em sua atividade;

II - o valor do IBS
extinto relativo às operações em que os transportadores autônomos de carga
pessoas físicas que não sejam contribuintes do IBS, referidos no inciso II
do § 2º deste artigo, sejam adquirentes de bens e serviços utilizados em sua
atividade; e

III - os valores
arrecadados a título de multas e juros de mora de que trata o inciso III do
_caput_ deste artigo.

§ 4º A receita
destinada a cada Estado e Município e ao Distrito Federal após os ajustes de
que trata este artigo corresponde ao produto da arrecadação do IBS apurada
com base nas alíquotas de referência a que se refere o
[§ 1º do art. 131 do ADCT](https://www.planalto.gov.br/ccivil_03/Constituicao/Constituicao.htm#adctart131-%C2%A71).

Art. 109. De 2029 a 2077, serão retidos do produto da arrecadação do
IBS destinada a cada Estado e Município e ao Distrito Federal, nos termos do
art. 108 desta Lei Complementar:

I - de 2029 a 2032,
80% (oitenta por cento);

II - em 2033, 90%
(noventa por cento); e

III - de 2034 a
2077, percentual correspondente ao aplicado em 2033, reduzido à razão de
1/45 (um quarenta e cinco avos) por ano.

Parágrafo único.
Para efeito de aplicação do disposto na
[alínea “b” do inciso I do § 5º do \\
art. 156-A da Constituição Federal](https://www.planalto.gov.br/ccivil_03/Constituicao/Constituicao.htm#art156a-%C2%A75-1b), as multas punitivas impostas por
descumprimento de obrigação tributária principal ou acessória, inclusive os
juros de mora sobre elas incidentes, não estarão sujeitas à retenção
prevista no _caput_ deste artigo.

Art. 110. De 2029 a 2096, serão retidos do produto da arrecadação do
IBS destinada a cada Estado e Município e ao Distrito Federal, nos termos do
art. 108, após a retenção de que trata o art. 109 desta Lei Complementar:

I - de 2029 a 2077,
5% (cinco por cento); e

II - de 2078 a
2096, o percentual a que se refere o inciso I deste _caput_, reduzido à
razão de 1/20 (um vinte avos) por ano.

Parágrafo único.
Para efeito de aplicação do disposto na
[alínea “b” do inciso I do § 5º do \\
art. 156-A da Constituição Federal,](https://www.planalto.gov.br/ccivil_03/Constituicao/Constituicao.htm#art156a-%C2%A75-1b) as multas punitivas impostas por
descumprimento de obrigação tributária principal ou acessória, inclusive os
juros de mora sobre elas incidentes, não estarão sujeitas à retenção
prevista no _caput_ deste artigo.

Art. 111. Considera-se Receita-Base de cada Estado e Município e do
Distrito Federal o produto da arrecadação apurado nos termos do art. 108,
após as retenções de que tratam os arts. 109 e 110 desta Lei Complementar:

I - acrescido,
quando cabível, do valor deduzido nos termos da alínea “a” do inciso II do
_caput_ do art. 107 desta Lei Complementar; ou

II - deduzido,
quando cabível, do valor acrescido nos termos da alínea “b” do inciso II do
_caput_ do art. 107 desta Lei Complementar.

Art. 112. Cabe ao CGIBS realizar a apuração e os ajustes necessários
ao cálculo do produto da arrecadação do IBS a ser destinado aos Estados, ao
Distrito Federal e aos Municípios a cada período de determinação do montante
do produto da arrecadação a ser distribuído, nos termos dos arts. 106 a 111
desta Lei Complementar.

§ 1º Ato do CGIBS
especificará:

I - o detalhamento
da forma de cálculo da Receita-Base de cada ente federativo, nos termos
deste Capítulo; e

II - a forma como
cada item de receita ou de redução de receita será alocado aos entes
federativos, conforme disciplinado nos arts. 106 a 111 desta Lei
Complementar.

§ 2º Caso algum
item de receita ou de redução de receita não possa ser alocado diretamente
aos entes federativos, ele será distribuído entre todos os Estados, o
Distrito Federal e os Municípios, proporcionalmente à sua participação no
produto da arrecadação do IBS apurada com base nas alíquotas de referência,
calculado nos termos do art. 108 desta Lei Complementar, nos 12 (doze) meses
anteriores.

§ 3º O valor
calculado nos termos do § 2º deste artigo será acrescido ou deduzido do
valor do produto da arrecadação de cada ente federativo, calculado na forma
do art. 108, antes das retenções a que se referem os arts. 109 e 110 desta
Lei Complementar.

§ 4º Caso o valor
deduzido da receita de cada ente federativo nos termos do inciso I do _caput_ do art. 107 e do inciso I do _caput_ do art. 108 desta Lei
Complementar seja insuficiente para cobrir as despesas a eles relacionadas,
o valor da deficiência será compensado pela elevação dos percentuais a que
se referem esses dispositivos no período de determinação subsequente.

§ 5º Caso o valor
deduzido da receita de cada ente federativo nos termos do inciso I do _caput_ do art. 107 e do inciso I do _caput_ do art. 108 desta Lei
Complementar resulte em valor superior ao necessário para cobrir as despesas
a ele relacionadas, o CGIBS poderá:

I - reservar o
valor excedente para a cobertura das mesmas despesas em período subsequente;

II - reduzir o
percentual a que se referem o inciso I do _caput_ do art. 107 e o
inciso I do _caput_ do art. 108 desta Lei Complementar, em períodos de
determinação subsequentes; ou

III - devolver o
montante retido em excesso aos entes federativos.

§ 6º O valor
devolvido nos termos do inciso III do § 5º deste artigo será adicionado:

I - ao valor de que
trata o art. 107 desta Lei Complementar, no caso da dedução a que se refere
o inciso I do _caput_ do referido artigo; e

II - ao valor de
que trata o art. 108 desta Lei Complementar, no caso da dedução a que se
refere o inciso I do _caput_ do referido artigo.

§ 7º
Excepcionalmente, em 2027 e 2028, o CGIBS poderá:

I - apurar o
montante da Receita-Base de cada Estado ou Município ou do Distrito Federal,
com base na receita agregada e nos critérios previstos nesta Lei
Complementar, dispensada a apuração por operação nos termos previstos neste
Capítulo; e

II - utilizar
períodos mais curtos ou estimativas próprias, quando não houver informações
relativas ao período de 12 (doze) meses anteriores consideradas nos cálculos
para a distribuição da receita nos termos deste Capítulo.

Art. 113. O recolhimento do IBS no âmbito dos regimes específicos de
tributação comporá a receita inicial dos Estados, do Distrito Federal e dos
Municípios, nos seguintes termos:

I - nas operações e
nas importações de combustíveis sujeitos à incidência única, a cada período
de apuração:

a) será apurada a
diferença entre o montante do IBS extinto pelo conjunto dos sujeitos
passivos e o valor do crédito apropriado nas aquisições de combustíveis; e

b) o valor apurado
nos termos da alínea “a” deste inciso será distribuído aos Estados, ao
Distrito Federal e aos Municípios de destino das operações que não tenham
gerado creditamento, exceto aquelas destinadas à comercialização, à
distribuição ou à revenda, na proporção do IBS relativo a essas operações;

II - nas operações
e nas importações de serviços financeiros, a cada período de apuração:

a) nas operações de
crédito, de intermediação financeira mediante a captação e o repasse de
recursos, de câmbio, com títulos e valores mobiliários e instrumentos
financeiros derivativos, de securitização e de faturização ( _factoring_):

1\. será apurada a
diferença entre o montante do IBS extinto pelos sujeitos passivos e o valor
do crédito apropriado pelos contribuintes que forem tomadores de operações
de crédito e emissores de títulos de dívida, nos termos do regime específico
de serviços financeiros; e

2\. o valor apurado
nos termos do item 1 desta alínea será distribuído aos Estados, ao Distrito
Federal e aos Municípios, proporcionalmente à participação de cada ente na
receita do IBS apurada com base nas alíquotas de referência, nos termos do
art. 108 desta Lei Complementar, nos 12 (doze) meses anteriores ao período
de apuração;

b) nas operações de
arrendamento mercantil:

1\. será apurada a
diferença entre o montante de IBS extinto pelos sujeitos passivos e o valor
do crédito apropriado pelos contratantes de arrendamento mercantil, nos
termos do regime específico de serviços financeiros; e

2\. o valor apurado
nos termos do item 1 desta alínea será distribuído aos Estados, ao Distrito
Federal e aos Municípios do domicílio principal dos contratantes de
arrendamento mercantil nas operações que não gerem créditos de IBS, na
proporção do IBS incidente sobre essas operações;

c) nas operações de
administração de consórcio e nos respectivos serviços de intermediação:

1\. será apurada a
diferença entre o montante de IBS extinto pelos sujeitos passivos e o valor
do crédito de IBS apropriado pelos adquirentes de serviços de consórcio e
intermediação de consórcio, nos termos do regime específico de serviços
financeiros; e

2\. o valor apurado
nos termos do item 1 desta alínea será distribuído aos Estados, ao Distrito
Federal e aos Municípios do domicílio principal dos adquirentes de serviços
de consórcio nas operações que não tenham gerado crédito, na proporção do
IBS incidente sobre essas operações;

d) nas operações
realizadas por meio de fundos de investimentos que não sejam contribuintes
do IBS no regime regular, inclusive os Fundos de Investimento em Direitos
Creditórios (FIDC):

1\. o valor a ser
distribuído aos entes federativos corresponde ao IBS extinto nas operações
que destinem bens e serviços ao fundo de investimento; e

2\. o valor apurado
nos termos do item 1 desta alínea será distribuído aos Estados, ao Distrito
Federal e aos Municípios do domicílio principal dos cotistas do fundo de
investimento, na proporção do valor das cotas de cada cotista no final do
período de apuração;

e) nas operações
relativas a serviços de gestão e administração de recursos prestados ao
investidor, exceto fundo de investimento, o montante de IBS extinto pelos
sujeitos passivos será distribuído aos Estados, ao Distrito Federal e aos
Municípios do domicílio principal dos investidores, na proporção do IBS
incidente sobre essas operações;

f) nas operações
relacionadas ao Fundo de Garantia do Tempo de Serviço (FGTS) o IBS extinto
será distribuído aos Estados, ao Distrito Federal e aos Municípios
proporcionalmente à participação de cada ente na receita do IBS apurada com
base nas alíquotas de referência, nos termos do art. 108 desta Lei
Complementar, nos 12 (doze) meses anteriores ao período de apuração;

g) nas operações
decorrentes de serviços de arranjos de pagamento:

1\. será apurada a
diferença entre o montante do IBS extinto pelos participantes do arranjo de
pagamento e o valor do crédito de IBS apropriado pelos tomadores de
serviços, nos termos do regime específico de serviços financeiros; e

2\. o valor apurado
nos termos do item 1 desta alínea será distribuído aos Estados, ao Distrito
Federal e aos Municípios do domicílio principal dos tomadores de serviços
nas operações que não gerem crédito de IBS, na proporção da remuneração paga
ao arranjo de pagamento por cada tomador de serviço;

h) nas operações de
liquidação antecipada de recebíveis de arranjos de pagamento:

1\. será apurada a
diferença entre o montante do IBS extinto em decorrência do desconto
aplicado na liquidação antecipada, inclusive pelo FIDC e pelos demais fundos
de investimento que sejam contribuintes do IBS, e o valor do crédito de IBS
apropriado pelos tomadores dos serviços de liquidação antecipada de
recebíveis, nos termos do regime específico de serviços financeiros; e

2\. o valor apurado
na forma do item 1 desta alínea será distribuído aos Estados, ao Distrito
Federal e aos Municípios do domicílio principal dos tomadores dos serviços
de liquidação antecipada de recebíveis nas operações que não tenham gerado
crédito de IBS, na proporção do valor do IBS incidente sobre essas
operações;

i) nas operações
relacionadas às atividades das entidades administradoras de mercados
organizados, infraestruturas de mercado e depositárias centrais:

1\. será apurada a
diferença entre o montante do IBS extinto pelos sujeitos passivos e o valor
do crédito de IBS apropriado pelos adquirentes dos serviços, nos termos do
regime específico de serviços financeiros; e

2\. o valor apurado
na forma do item 1 desta alínea será distribuído aos Estados, ao Distrito
Federal e aos Municípios do domicílio principal dos adquirentes dos serviços
nas operações que não tenham gerado creditamento, na proporção do valor do
IBS incidente sobre essas operações;

j) nas operações de
seguros e resseguros e nos respectivos serviços de intermediação:

1\. será apurada a
diferença entre o montante do IBS extinto pelos sujeitos passivos e o valor
do crédito de IBS apropriado pelos adquirentes dos serviços de seguro,
resseguro e intermediação de seguros e resseguros, nos termos do regime
específico de serviços financeiros; e

2\. o valor apurado
na forma do item 1 desta alínea será distribuído aos Estados, ao Distrito
Federal e aos Municípios do domicílio principal dos adquirentes dos serviços
de seguro e resseguro nas operações que não gerem direito a creditamento, na
proporção do valor do prêmio pago;

k) nas operações
relacionadas a previdência complementar e a seguro de pessoas com cobertura
por sobrevivência e nos respectivos serviços de intermediação, o montante do
IBS extinto pelos sujeitos passivos será distribuído aos Estados, ao
Distrito Federal e aos Municípios do domicílio principal dos participantes
ou segurados, na proporção da soma:

1\. das
contribuições ou prêmios para a entidade de previdência complementar ou
seguradora, deduzida da parcela destinada à constituição de provisões ou
reservas técnicas; e

2\. dos encargos do
fundo decorrentes da estruturação e da manutenção de planos de previdência e
seguro de pessoas com cobertura por sobrevivência;

l) nas operações de
capitalização e nos respectivos serviços de intermediação:

1\. será apurada a
diferença entre o montante do IBS extinto pelos sujeitos passivos e o valor
do crédito de IBS apropriado pelos adquirentes de títulos de capitalização e
de serviços de intermediação de títulos de capitalização, nos termos do
regime específico de serviços financeiros; e

2\. o valor apurado
na forma do item 1 desta alínea será distribuído na proporção do valor
arrecadado com o pagamento dos títulos de capitalização, nas operações que
não tenham gerado crédito de IBS, aos Estados, ao Distrito Federal e aos
Municípios:

2.1. do domicílio
principal dos adquirentes dos títulos de capitalização; ou

2.2. do local onde
o título de capitalização foi comercializado, quando, nos termos de norma do
órgão regulador competente, o subscritor não for obrigado a se identificar
por ocasião da aquisição;

m) nas operações de
serviços de ativos virtuais:

1\. será apurada a
diferença entre o montante do IBS extinto pelos sujeitos passivos e o valor
do crédito de IBS apropriado pelos adquirentes de serviços de ativos
virtuais, nos termos do regime específico de serviços financeiros; e

2\. o valor apurado
na forma do item 1 desta alínea será distribuído aos Estados, ao Distrito
Federal e aos Municípios do domicílio principal dos adquirentes dos serviços
de ativos virtuais nas operações em que não tenha sido apropriado crédito,
na proporção do valor do IBS incidente sobre essas operações; e

n) nas operações
que destinem bens e serviços, exceto serviços de administração e
operacionalização, aos fundos garantidores e executores de políticas
públicas previstos em lei, salvo o FGTS:

1\. no caso de fundo
que tenha como cotistas exclusivamente a administração pública direta, as
autarquias e as fundações públicas de um único ente federativo, será
aplicado o regime previsto no
[art. 149-C da Constituição Federal;](https://www.planalto.gov.br/ccivil_03/Constituicao/Constituicao.htm#art149c)

2\. nos casos não
abarcados no item 1, e desde que o fundo tenha seu patrimônio dividido em
cotas, o IBS extinto será distribuído aos Estados, ao Distrito Federal e aos
Municípios do domicílio principal dos cotistas do fundo, na proporção do
valor das cotas de cada cotista; e

3\. nos casos não
abarcados no item 1, e desde que o fundo não tenha o seu patrimônio dividido
em cotas, o IBS extinto será distribuído aos Estados, ao Distrito Federal e
aos Municípios proporcionalmente à participação de cada ente na receita do
IBS apurada com base nas alíquotas de referência, nos termos do art. 108
desta Lei Complementar, nos 12 (doze) meses anteriores ao período de
apuração;

III - nas operações
e, caso venham a ser permitidas, nas importações de serviços prestados por
planos de assistência à saúde, bem como nos serviços de intermediação
vinculados aos planos de assistência à saúde:

a) será apurada a
diferença entre o montante do IBS extinto pelos sujeitos passivos e o valor
do crédito apropriado pelos contribuintes que forem tributados pelo regime
regular; e

b) o valor apurado
na forma da alínea “a” deste inciso será distribuído aos Estados, ao
Distrito Federal e aos Municípios do domicílio principal dos titulares dos
planos de assistência à saúde, na proporção dos prêmios e das
contraprestações correspondentes à cobertura do titular e de seus
dependentes relativos às operações que não tenham gerado crédito de IBS;

IV - nas operações
e nas importações de concursos de prognósticos, o montante do IBS extinto
pelos sujeitos passivos a cada período de apuração será distribuído aos
Estados, ao Distrito Federal e aos Municípios, na proporção das apostas, com
base:

a) no local da
aposta, no caso de apostas realizadas presencialmente; e

b) no domicílio
principal do apostador, nos demais casos;

V - nas operações
relativas aos serviços das agências de turismo:

a) será apurada a
diferença entre o montante do IBS extinto pelos sujeitos passivos e o valor
do crédito de IBS apropriado pelos adquirentes dos serviços prestados pelas
agências; e

b) o valor apurado
nos termos da alínea “a” deste inciso será distribuído aos Estados, ao
Distrito Federal e aos Municípios do domicílio principal dos adquirentes dos
serviços das agências nas operações que não tenham gerado crédito, na
proporção do IBS incidente sobre essas operações; e

VI - nas operações
com bens e serviços realizadas por sociedade anônima de futebol, o montante
do IBS extinto mensalmente pela sociedade será destinado ao Estado, ao
Distrito Federal e ao Município do domicílio principal dela, na proporção
das respectivas alíquotas de IBS.

§ 1º À exceção das
operações com combustíveis de que trata o inciso I do _caput_ deste
artigo, nas demais operações sujeitas a regimes específicos de tributação de
que trata este artigo, a distribuição da receita do IBS entre os Estados, o
Distrito Federal e os Municípios será feita com base no montante do IBS
extinto e nas operações realizadas por cada sujeito passivo.

§ 2º O disposto:

I - na alínea “k”
do inciso II do _caput_ deste artigo não se aplica aos planos de
previdência complementar fechados, hipótese em que a receita do IBS extinto
nas suas aquisições de bens e serviços será distribuída nos termos do
art. 112, § 2º, desta Lei Complementar;

II - no inciso III
do _caput_ deste artigo não se aplica aos planos de assistência à saúde
sob a modalidade de autogestão, hipótese em que a receita do IBS extinto nas
suas aquisições de bens e serviços será distribuída nos termos do art. 112,
§ 2º, desta Lei Complementar.

§ 3º Para fins da
distribuição da receita do IBS relativo a combustíveis, nos termos da alínea
“b” do inciso I do _caput_ deste artigo, o IBS relativo a cada operação
será apurado com base na quantidade de combustível da operação e na alíquota
específica de cada tipo de combustível.

CAPÍTULO III

DA DISTRIBUIÇÃO DA RECEITA RETIDA PARA
FINS DE TRANSIÇÃO

Art. 114. De 1º de janeiro de 2029 a 31 de dezembro de 2077, o valor
retido nos termos do art. 109 desta Lei Complementar será distribuído aos
Estados, ao Distrito Federal e aos Municípios a cada período de determinação
do montante do produto da arrecadação a ser distribuído, nos termos deste
Capítulo.

§ 1º O valor de que
trata o _caput_ deste artigo será distribuído a cada ente federativo
proporcionalmente ao seu coeficiente de participação, o qual corresponderá à
razão entre a sua receita média de referência e a receita média de
referência do conjunto dos Estados, do Distrito Federal e dos Municípios.

§ 2º A receita
média de referência de cada ente federativo será aquela calculada nos termos
do art. 115 desta Lei Complementar.

Art. 115. Para fins do cálculo da receita média de referência de cada
Estado e Município e do Distrito Federal, serão consideradas:

I - para os
Estados:

a) a arrecadação
com o ICMS, após a aplicação do disposto na
[alínea “a” do inciso IV do _caput_ do art. 158 da Constituição Federal](https://www.planalto.gov.br/ccivil_03/Constituicao/Constituicao.htm#art158-4a); e

b) a receita com
contribuições destinadas ao financiamento de fundos estaduais em
funcionamento em 30 de abril de 2023 e estabelecidas como condição à
aplicação de diferimento, regime especial ou outro tratamento diferenciado
relativo ao ICMS, após a aplicação, quando couber, do disposto na
[alínea “a” \\
do inciso IV do caput do art. 158 da Constituição Federal;](https://www.planalto.gov.br/ccivil_03/Constituicao/Constituicao.htm#art158-4a)

II - para o
Distrito Federal:

a) a arrecadação
com o ICMS; e

b) a arrecadação
com o imposto de que trata o
[inciso III do _caput_ do art. 156 da \\
Constituição Federal](https://www.planalto.gov.br/ccivil_03/Constituicao/Constituicao.htm#art156iii); e

III - para os
Municípios:

a) a arrecadação do
imposto de que trata o
[inciso III do caput do art. 156 da \\
Constituição Federal](https://www.planalto.gov.br/ccivil_03/Constituicao/Constituicao.htm#art156iii); e

b) a parcela
creditada na forma da
[alínea “a” do inciso IV do caput do art. 158 da \\
Constituição Federal](https://www.planalto.gov.br/ccivil_03/Constituicao/Constituicao.htm#art158-4a).

§ 1º A arrecadação
dos impostos de que tratam a alínea “a” do inciso I, as alíneas “a” e “b” do
inciso II e a alínea “a” do inciso III do _caput_ deste artigo será
apurada de forma a incluir:

I - a receita
obtida na forma da [Lei Complementar nº 123, de 14 de dezembro de 2006](https://www.planalto.gov.br/ccivil_03/leis/lcp/Lcp123.htm);

II - a receita
obtida na forma do [art. 82 do ADCT](https://www.planalto.gov.br/ccivil_03/Constituicao/Constituicao.htm#adctart82); e

III - o montante
total da arrecadação, incluídos os juros e as multas, oriunda de valores
inscritos ou não em dívida ativa.

§ 2º O valor da
arrecadação dos impostos referidos no § 1º deste artigo e da parcela
creditada a que se refere a alínea “b” do inciso III do _caput_ deste
artigo de cada ente federativo será calculada da seguinte forma:

I - serão
considerados os valores anuais de 2019 a 2026; e

II - serão
corrigidos os valores anuais do respectivo ano até 2026, pela variação
nominal da arrecadação total dos Estados, do Distrito Federal e dos
Municípios com os impostos a que se referem o
[inciso II do caput do \\
art. 155](https://www.planalto.gov.br/ccivil_03/Constituicao/Constituicao.htm#art155ii) e o
[inciso III do caput do art. 156 da Constituição Federal](https://www.planalto.gov.br/ccivil_03/Constituicao/Constituicao.htm#art156iii).

§ 3º A receita de
cada Estado com as contribuições de que trata a alínea “b” do inciso I do _caput_ deste artigo:

I - não incluirá a
receita das contribuições sobre produtos primários e semielaborados
substituídas por contribuições semelhantes, nos termos do [art. 136 do ADCT](https://www.planalto.gov.br/ccivil_03/Constituicao/Constituicao.htm#adctart136);
e

II - terá o seu
valor calculado da seguinte forma:

a) serão
considerados os valores anuais de 2021 a 2023; e

b) serão corrigidos
os valores anuais:

1\. do respectivo
ano até 2023, pela variação nominal da arrecadação do respectivo Estado com
o ICMS; e

2\. de 2023 a 2026,
pela variação nominal da arrecadação total dos Estados, do Distrito Federal
e dos Municípios com os impostos a que se referem o
[inciso II do caput \\
do art. 155](https://www.planalto.gov.br/ccivil_03/Constituicao/Constituicao.htm#art155ii) e o
[inciso III do caput do art. 156 da Constituição \\
Federal](https://www.planalto.gov.br/ccivil_03/Constituicao/Constituicao.htm#art156iii).

§ 4º A receita
média de referência de cada Estado corresponde à soma:

I - da média dos
valores anuais de que trata a alínea “a” do inciso I do _caput_,
corrigidos nos termos do § 2º deste artigo; e

II - da média dos
valores anuais de que trata a alínea “b” do inciso I do _caput_,
corrigidos nos termos do inciso II do § 3º deste artigo.

§ 5º A receita
média de referência do Distrito Federal corresponde à soma da média dos
valores anuais de que tratam as alíneas “a” e “b” do inciso II do _caput_,
corrigidos nos termos do § 2º deste artigo.

§ 6º A receita
média de referência de cada Município corresponde à soma da média dos
valores anuais de que tratam as alíneas “a” e “b” do inciso III do _caput_,
corrigidos nos termos do § 2º deste artigo.

§ 7º A parcela
distribuída a cada Estado e Município e ao Distrito Federal, nos termos do
art. 114 desta Lei Complementar, deverá ser segregada entre os componentes a
que se referem as alíneas “a” e “b” dos incisos I, II e III do _caput_
deste artigo.

Art. 116. Competem ao CGIBS a realização dos cálculos e a
distribuição aos Estados, ao Distrito Federal e aos Municípios dos valores
de que trata este Capítulo.

§ 1º O cálculo da
participação de cada ente federativo nos valores de que trata este artigo
será divulgado pelo CGIBS até o dia 31 de agosto de 2027, mediante:

I - publicação no
Diário Oficial da União do coeficiente de participação de cada Estado e
Município e do Distrito Federal; e

II - divulgação,
nos termos previstos em ato do CGIBS, do detalhamento, para cada ente
federativo:

a) dos valores a
que se referem as alíneas “a” e “b” dos incisos I, II e III do _caput_
do art. 115 desta Lei Complementar, utilizados nos cálculos de seu
coeficiente de participação, com especificação das fontes de onde foram
obtidos; e

b) dos cálculos
realizados.

§ 2º Na apuração da
receita média de referência dos entes federativos de que trata este
Capítulo, serão utilizadas as informações do Sistema de Informações
Contábeis e Fiscais do Setor Público Brasileiro (Siconfi), sem prejuízo da
utilização de dados fiscais informados nos balanços oficiais dos entes
federativos.

§ 3º O CGIBS poderá
considerar, ainda, outras fontes legais de informações consideradas
pertinentes, desde que a metodologia de cálculo seja uniforme para todos os
entes federativos, tais como:

I - receitas do
Simples Nacional informadas pelo banco arrecadador;

II - cota-parte
municipal informada pela fonte pagadora; e

III - demais
relatórios previstos na [Lei Complementar nº 101, de 4 de maio de 2000](https://www.planalto.gov.br/ccivil_03/leis/lcp/Lcp101.htm) (Lei
de Responsabilidade Fiscal).

§ 4º Para efeito da
apuração da receita média de referência dos entes federativos, o CGIBS
poderá estimar o valor da arrecadação do ente federativo que não tiver
prestado contas fiscais na forma da [Lei Complementar nº 101, de 4 de maio de \\
2000](https://www.planalto.gov.br/ccivil_03/leis/lcp/Lcp101.htm) (Lei de Responsabilidade Fiscal), ou cujas informações sejam
comprovadamente inconsistentes, desde que não tenha acesso a nenhuma fonte
legal com essas informações e que tenha divulgado previamente os critérios
objetivos a serem utilizados na realização da estimativa.

§ 5º Os Estados
deverão informar ao CGIBS as respectivas normas instituidoras e os valores
relativos às contribuições aos fundos a que se refere a alínea “b” do inciso
I do _caput_ do art. 115 desta Lei Complementar, detalhando, quando for
o caso, os valores relativos à aplicação do disposto na
[alínea “a” do inciso \\
IV do _caput_ do art. 158 da Constituição Federal](https://www.planalto.gov.br/ccivil_03/Constituicao/Constituicao.htm#art158-4a), bem como as
vinculações a que estiverem sujeitos.

§ 6º As informações
a que se refere o § 5º deste artigo deverão ser acompanhadas da respectiva
documentação comprobatória, na forma e nos prazos estabelecidos pelo CGIBS.

§ 7º Na hipótese de
discordância com o coeficiente de participação divulgado pelo CGIBS, nos
termos do § 1º deste artigo, os Estados, o Distrito Federal ou os Municípios
poderão apresentar contestação devidamente fundamentada no prazo de 30
(trinta) dias, contado da data da publicação de que trata o inciso I do § 1º
deste artigo.

§ 8º Se houver
contestação nos termos do § 7º deste artigo, o CGIBS deverá, no prazo de 90
(noventa) dias, após o recebimento da última contestação:

I - divulgar as
respostas fundamentadas a todas as contestações apresentadas, não cabendo
nova contestação ou recurso administrativo; e

II - publicar os
novos coeficientes de participação no Diário Oficial da União, caso haja
alguma alteração nos coeficientes de participação.

CAPÍTULO IV

DA DISTRIBUIÇÃO COMPLEMENTAR PARA OS
ENTES FEDERATIVOS COM MAIOR PERDA DE PARTICIPAÇÃO RELATIVA NA RECEITA

Art. 117. De 1º de janeiro de 2029 a 31 de dezembro de 2096, o valor
retido nos termos do art. 110 desta Lei Complementar será distribuído
mensalmente aos Estados, ao Distrito Federal ou aos Municípios com as
menores razões entre:

I - a média, nos 12
(doze) meses anteriores, da receita mensal do IBS apurada com base nas
alíquotas de referência, nos termos do art. 108 desta Lei Complementar, após
a aplicação do disposto na
[alínea “b” do inciso IV do caput do \\
art. 158 da Constituição Federal](https://www.planalto.gov.br/ccivil_03/Constituicao/Constituicao.htm#art158-4b); e

II - a receita
média de referência ajustada, calculada nos termos dos §§ 3º a 6º deste
artigo.

§ 1º Os recursos de
que trata o _caput_ deste artigo serão distribuídos, sequencial e
sucessivamente, aos entes federativos com as menores razões de que trata o
_caput_ deste artigo, de modo que, ao fim da distribuição, para todos
os entes que receberem recursos seja observada a mesma razão entre:

I - a soma do valor
de que trata o inciso I do _caput_ deste artigo com o valor recebido
nos termos deste artigo; e

II - a receita
média de referência ajustada a que se refere o inciso II do _caput_
deste artigo.

§ 2º De 2029 a
2033, para fins do cálculo da média da receita do IBS a que se refere o
inciso I do _caput_ deste artigo, os valores da receita relativos a
meses do ano-calendário anterior serão multiplicados pela razão entre:

I - a alíquota de
referência do ano corrente da respectiva esfera da Federação; e

II - a alíquota de
referência do ano anterior da respectiva esfera da Federação,
considerando-se, para o ano de 2028, a alíquota de 0,05% (cinco centésimos
por cento).

§ 3º Para fins do
disposto neste artigo, entende-se por receita média de referência ajustada
de cada Estado o menor valor entre:

I - a receita média
de referência do Estado apurada na forma do art. 115 desta Lei Complementar;
e

II - 3 (três) vezes
o resultado da multiplicação entre:

a) a receita média
de referência do conjunto dos Estados dividida pela média da população do
conjunto dos Estados entre 2019 e 2026; e

b) a média da
população do Estado entre 2019 e 2026.

§ 4º Para fins do
disposto neste artigo, entende-se por receita média de referência ajustada
de cada Município o menor valor entre:

I - a receita média
de referência do Município apurada na forma do art. 115 desta Lei
Complementar; e

II - 3 (três) vezes
o resultado da multiplicação entre:

a) a receita média
de referência do conjunto dos Municípios dividida pela média da população do
conjunto dos Municípios entre 2019 e 2026; e

b) a média da
população do Município entre 2019 e 2026.

§ 5º Na apuração do
valor:

I - a que se refere
a alínea “a” do inciso II do § 3º deste artigo, deve ser considerada a
receita do Distrito Federal com o ICMS e a população do Distrito Federal; e

II - a que se
refere a alínea “a” do inciso II do § 4º deste artigo, deve ser considerada
a receita do Distrito Federal com o imposto a que se refere o
[inciso III do caput do art. 156 da Constituição Federal](https://www.planalto.gov.br/ccivil_03/Constituicao/Constituicao.htm#art156iii) e a população do Distrito
Federal.

§ 6º A receita
média de referência ajustada do Distrito Federal corresponde ao menor valor
entre:

I - a receita média
de referência do Distrito Federal apurada nos termos do art. 115 desta Lei
Complementar; e

II - 3 (três) vezes
o resultado da multiplicação entre:

a) a soma dos
valores a que se referem a alínea “a” do inciso II do § 3º e a alínea “a” do
inciso II do § 4º deste artigo; e

b) o número médio
de habitantes do Distrito Federal entre 2019 e 2026.

§ 7º Para fins da
realização dos cálculos de que trata este artigo, serão utilizadas as
estimativas mais recentes da população dos entes federativos
disponibilizadas pelo IBGE.

§ 8º A eventual
revisão das estimativas de população de que trata o § 7º deste artigo não
acarretará a revisão de valores já distribuídos.

CAPÍTULO V

DA DESTINAÇÃO DA RECEITA DOS ENTES
FEDERATIVOS

Seção I

Da Destinação
da Receita-Base dos Entes Federativos

Art. 118. A
Receita-Base de cada Estado apurada nos termos do art. 111 desta Lei
Complementar:

I - será acrescida
das multas punitivas e dos juros de mora sobre elas incidentes na hipótese
em que o ente federativo tenha promovido a fiscalização nos termos dos §§ 1º
e 2º do art. 4º desta Lei Complementar;

II - será deduzida,
a cada período de determinação do montante do produto da arrecadação a ser
distribuído:

a) do montante
correspondente à compensação ou ao ressarcimento do saldo credor de ICMS do
respectivo Estado;

b) do montante
correspondente à compensação devida pelo Estado em função da existência em
estoque, em 31 de dezembro de 2032, de mercadoria sujeita ao regime de
substituição tributária relativamente ao ICMS; e

c) do montante
correspondente à devolução específica de IBS a pessoas físicas, nos termos
previstos em lei estadual.

§ 1º Caso a soma
dos valores de que trata o inciso II do _caput_ deste artigo relativos
a cada período de apuração exceda, no período, à Receita-Base do Estado no
período de apuração acrescida da soma dos valores de que trata o inciso I do
_caput_ deste artigo, o montante excedente deverá ser deduzido nos
períodos de determinação subsequentes da receita distribuída nos termos da
Seção II deste Capítulo.

§ 2º Do montante
apurado na forma do _caput_ deste artigo, será deduzida a parcela
destinada ao Fundo de Combate à Pobreza do Estado, no percentual previsto na
respectiva legislação.

§ 3º Do montante
apurado na forma do § 2º deste artigo, será deduzida a parcela pertencente
aos Municípios do Estado, nos termos da
[alínea “b” do inciso IV do caput \\
do art. 158 da Constituição Federal](https://www.planalto.gov.br/ccivil_03/Constituicao/Constituicao.htm#art158-4b), a qual será distribuída nos termos do
art. 128 desta Lei Complementar.

§ 4º Do montante
apurado na forma do § 3º deste artigo e do valor destinado ao Fundo de
Combate à Pobreza do Estado, serão deduzidos:

I - o percentual
previsto no [inciso II do caput do art. 212-A da Constituição Federal](https://www.planalto.gov.br/ccivil_03/Constituicao/Constituicao.htm#art212a-2)
destinado ao Fundo de Manutenção e Desenvolvimento da Educação Básica e de
Valorização dos Profissionais da Educação (Fundeb); e

II - o percentual
destinado ao financiamento do CGIBS.

§ 5º Os valores
apurados na forma do § 3º deste artigo e os valores destinados ao Fundo de
Combate à Pobreza, após as deduções a que se refere o § 4º deste artigo,
serão transferidos aos Estados, no prazo estabelecido no § 3º do art. 104
desta Lei Complementar.

§ 6º Na hipótese de
delegação da atividade de fiscalização, os montantes referidos no inciso I
do _caput_ deste artigo pertencem aos entes referidos no § 2º do
art. 4º desta Lei Complementar que realizarem conjuntamente o procedimento
fiscalizatório.

§ 7º Na hipótese de
realização conjunta da atividade de fiscalização, os montantes referidos no
inciso I do _caput_ deste artigo serão partilhados entre os entes
federativos que a realizaram na forma regulamentada pelo CGIBS nos termos
previstos no § 2º do art. 4º desta Lei Complementar.

§ 8º O CGIBS deverá
distribuir, de forma segregada, os recursos de que trata este artigo.

Art. 119. A Receita-Base de cada Município apurada nos termos do
art. 111 desta Lei Complementar:

I - será acrescida
das multas punitivas e dos juros de mora sobre elas incidentes na hipótese
em que o ente federativo tenha promovido a fiscalização nos termos dos §§ 1º
e 2º do art. 4º desta Lei Complementar;

II - será deduzida,
a cada período de determinação do montante do produto da arrecadação a ser
distribuído, do montante correspondente à devolução específica de IBS a
pessoas físicas, nos termos previstos em lei municipal.

§ 1º Caso o valor
da devolução específica de IBS relativo a cada período de apuração exceda,
no período, à Receita-Base do Município no período de apuração acrescida dos
valores de que trata o inciso I do _caput_ deste artigo, o montante
excedente deverá ser deduzido nos períodos de determinação subsequentes da
receita distribuída nos termos da Seção II deste Capítulo.

§ 2º Do montante
apurado na forma do _caput_ deste artigo, será deduzida a parcela
destinada ao Fundo de Combate à Pobreza do Município, no percentual previsto
na respectiva legislação.

§ 3º Do montante
apurado na forma do § 2º deste artigo e do valor destinado ao Fundo de
Combate à Pobreza do Município, será deduzido o percentual destinado ao
financiamento do CGIBS.

§ 4º Os valores
apurados na forma do § 2º deste artigo e os valores destinados ao Fundo de
Combate à Pobreza, após a dedução a que se refere o § 3º deste artigo, serão
transferidos aos Municípios no prazo estabelecido no § 3º do art. 104 desta
Lei Complementar.

§ 5º Na hipótese de
delegação da atividade de fiscalização, os montantes referidos no inciso I
do _caput_ deste artigo pertencem aos entes referidos no § 2º do
art. 4º desta Lei Complementar que realizarem conjuntamente o procedimento
fiscalizatório.

§ 6º Na hipótese de
realização conjunta da atividade de fiscalização, os montantes referidos no
inciso I do _caput_ deste artigo serão partilhados entre os entes
federativos que a realizaram na forma regulamentada pelo CGIBS nos termos
previstos no § 2º do art. 4º desta Lei Complementar.

§ 7º O CGIBS deverá
distribuir, de forma segregada, os recursos de que trata este artigo.

Art. 120. A Receita-Base do Distrito Federal apurada nos termos do
art. 111 desta Lei Complementar:

I - será acrescida
das multas punitivas e dos juros de mora sobre elas incidentes na hipótese
em que o ente federativo tenha promovido a fiscalização nos termos dos §§ 1º
e 2º do art. 4º desta Lei Complementar;

II - será deduzida,
a cada período de determinação do montante do produto da arrecadação a ser
distribuído:

a) do montante
correspondente à compensação ou ao ressarcimento do saldo credor de ICMS do
Distrito Federal;

b) do montante
correspondente à compensação devida pelo Distrito Federal em função da
existência em estoque, em 31 de dezembro de 2032, de mercadoria sujeita ao
regime de substituição tributária relativamente ao ICMS; e

c) do montante
correspondente à devolução específica de IBS a pessoas físicas, nos termos
previstos em lei distrital.

§ 1º Caso a soma
dos valores de que trata o inciso II do _caput_ deste artigo relativos
a cada período de apuração exceda, no período, à Receita-Base do Distrito
Federal no período de apuração, acrescida dos valores de que trata o inciso
I do _caput_ deste artigo, o montante excedente deverá ser deduzido nos
períodos de determinação subsequentes da receita distribuída nos termos da
Seção II deste Capítulo.

§ 2º Do montante
apurado na forma do _caput_ deste artigo, será deduzida a parcela
destinada ao Fundo de Combate e Erradicação da Pobreza do Distrito Federal,
no percentual previsto na respectiva legislação.

§ 3º Do montante
apurado na forma do § 2º deste artigo e do valor destinado ao Fundo de
Combate e Erradicação da Pobreza do Distrito Federal serão deduzidos:

I - o percentual
previsto no [inciso II do caput do art. 212-A da Constituição Federal](https://www.planalto.gov.br/ccivil_03/Constituicao/Constituicao.htm#art212a-2),
destinado ao Fundeb;

II - o percentual
destinado ao financiamento do CGIBS.

§ 4º A dedução a
que se refere o inciso I do § 3º aplica-se apenas à parcela estadual do
valor apurado na forma do § 2º deste artigo e do Fundo de Combate e
Erradicação da Pobreza, definida pela aplicação sobre os respectivos valores
da porcentagem correspondente à divisão da parcela da receita média de
referência do Distrito Federal referente à alínea “a” do inciso II do _caput_ do art. 115 pela receita média de referência do Distrito Federal,
calculada nos termos do art. 115 desta Lei Complementar.

§ 5º Os valores
apurados na forma do § 2º deste artigo e os valores destinados ao Fundo de
Combate e Erradicação da Pobreza, após as deduções a que se refere o § 3º
deste artigo, serão transferidos ao Distrito Federal no prazo estabelecido
no § 3º do art. 104 desta Lei Complementar.

§ 6º Na hipótese de
delegação da atividade de fiscalização, os montantes referidos no inciso I
do _caput_ deste artigo pertencem aos entes referidos no § 2º do
art. 4º desta Lei Complementar que realizarem conjuntamente o procedimento
fiscalizatório.

§ 7º Na hipótese de
realização conjunta da atividade de fiscalização, os montantes referidos no
inciso I do _caput_ deste artigo serão partilhados entre os entes
federativos que a realizaram na forma regulamentada pelo CGIBS nos termos
previstos no § 2º do art. 4º desta Lei Complementar.

§ 8º O CGIBS deverá
distribuir, de forma segregada, os recursos de que trata este artigo.

Seção II

Da Destinação
da Receita Distribuída aos Entes Federativos nos Termos dos Capítulos III e
IV

Art. 121. Para fins do disposto nesta Seção, a receita transferida a
cada Estado e Município e ao Distrito Federal, nos termos dos Capítulos III
e IV deste Título, após a dedução a que se referem o art. 118, § 1º, o
art. 119, § 1º, e o art. 120, § 1º, todos desta Lei Complementar, quando
cabível, será somada e segregada entre os seguintes componentes da receita
média de referência:

I - no caso dos
Estados, na proporção:

a) da parcela
correspondente à alínea “a” do inciso I do _caput_ do art. 115 desta
Lei Complementar; e

b) da parcela
correspondente à alínea “b” do inciso I do _caput_ do art. 115 desta
Lei Complementar;

II - no caso do
Distrito Federal, na proporção:

a) da parcela
correspondente à alínea “a” do inciso II do _caput_ do art. 115 desta
Lei Complementar; e

b) da parcela
correspondente à alínea “b” do inciso II do _caput_ do art. 115 desta
Lei Complementar; e

III - no caso dos
Municípios, na proporção:

a) da parcela
correspondente à alínea “a” do inciso III do _caput_ do art. 115 desta
Lei Complementar; e

b) da parcela
correspondente à alínea “b” do inciso III do _caput_ do art. 115 desta
Lei Complementar.

Art. 122. Da receita destinada a cada Estado, nos termos da alínea “a”
do inciso I do _caput_ do art. 121 desta Lei Complementar, a cada
período de determinação do montante do produto da arrecadação a ser
distribuído, será deduzida parcela destinada ao Fundo de Combate à Pobreza
do Estado, no percentual previsto na respectiva legislação.

§ 1º Do montante
apurado na forma do _caput_ deste artigo e do valor destinado ao Fundo
de Combate à Pobreza do Estado serão deduzidos:

I - o percentual
previsto no [inciso II do caput do art. 212-A da Constituição Federal](https://www.planalto.gov.br/ccivil_03/Constituicao/Constituicao.htm#art212a-2)
destinado ao Fundeb; e

II - o percentual
destinado ao financiamento do CGIBS.

§ 2º Os valores
apurados na forma do _caput_ deste artigo e os valores destinados ao
Fundo de Combate à Pobreza, após as deduções a que se refere o § 1º deste
artigo, serão transferidos ao Estado no prazo estabelecido no § 3º do
art. 104 desta Lei Complementar.

§ 3º O CGIBS deverá
distribuir, de forma segregada, os recursos de que trata este artigo.

Art. 123. Da receita destinada a cada Estado, nos termos da alínea “b”
do inciso I do _caput_ do art. 121 desta Lei Complementar, a cada
período de determinação do montante do produto da arrecadação a ser
distribuído, será deduzida parcela destinada ao Fundo de Combate à Pobreza
do Estado, no percentual previsto na respectiva legislação.

§ 1º Do montante
apurado na forma do _caput_ deste artigo e do valor destinado ao Fundo
de Combate à Pobreza do Estado, será deduzido o percentual destinado ao
financiamento do CGIBS.

§ 2º Os valores
apurados na forma do _caput_ deste artigo e os valores destinados ao
Fundo de Combate à Pobreza, após a dedução a que se refere o § 1º deste
artigo, serão transferidos ao Estado no prazo estabelecido no § 3º do
art. 104 desta Lei Complementar.

§ 3º O CGIBS deverá
distribuir, de forma segregada, os recursos de que trata este artigo.

Art. 124. Da receita destinada ao Distrito Federal, nos termos da
alínea “a” do inciso II do _caput_ do art. 121 desta Lei Complementar,
a cada período de determinação do montante do produto da arrecadação a ser
distribuído, será deduzida parcela destinada ao Fundo de Combate e
Erradicação da Pobreza do Distrito Federal, no percentual previsto na
respectiva legislação.

§ 1º Do montante
apurado na forma do _caput_ deste artigo e do valor destinado ao Fundo
de Combate e Erradicação da Pobreza do Distrito Federal, serão deduzidos:

I - o percentual
previsto no [inciso II do caput do art. 212-A da Constituição Federal](https://www.planalto.gov.br/ccivil_03/Constituicao/Constituicao.htm#art212a-2)
destinado ao Fundeb; e

II - o percentual
destinado ao financiamento do CGIBS.

§ 2º Os valores
apurados na forma do _caput_ deste artigo e os valores destinados ao
Fundo de Combate e Erradicação da Pobreza, após as deduções a que se refere
o § 1º deste artigo, serão transferidos ao Distrito Federal no prazo
estabelecido no § 3º do art. 104 desta Lei Complementar.

§ 3º O CGIBS deverá
distribuir, de forma segregada, os recursos de que trata este artigo.

Art. 125. Da receita destinada ao Distrito Federal, nos termos da
alínea “b” do inciso II do _caput_ do art. 121 desta Lei Complementar,
a cada período de determinação do montante do produto da arrecadação a ser
distribuído, será deduzida parcela destinada ao Fundo de Combate e
Erradicação da Pobreza do Distrito Federal, no percentual previsto na
respectiva legislação.

§ 1º Do montante
apurado na forma do _caput_ deste artigo e do valor destinado ao Fundo
de Combate e Erradicação da Pobreza do Distrito Federal, será deduzido o
percentual destinado ao financiamento do CGIBS.

§ 2º Os valores
apurados na forma do _caput_ deste artigo e os valores destinados ao
Fundo de Combate e Erradicação da Pobreza, após a dedução a que se refere o
§ 1º deste artigo, serão transferidos ao Distrito Federal no prazo
estabelecido no § 3º do art. 104 desta Lei Complementar.

§ 3º O CGIBS deverá
distribuir, de forma segregada, os recursos de que trata este artigo.

Art. 126. Da receita destinada a cada Município, nos termos da alínea
“a” do inciso III do _caput_ do art. 121 desta Lei Complementar, a cada
período de determinação do montante do produto da arrecadação a ser
distribuído, será deduzida parcela destinada ao Fundo de Combate à Pobreza
do Município, no percentual previsto na respectiva legislação.

§ 1º Do montante
apurado na forma do _caput_ deste artigo e do valor destinado ao Fundo
de Combate à Pobreza do Município, será deduzido o percentual destinado ao
financiamento do CGIBS.

§ 2º Os valores
apurados na forma do _caput_ deste artigo e os valores destinados ao
Fundo de Combate à Pobreza, após a dedução a que se refere o § 1º deste
artigo, serão transferidos ao Município no prazo estabelecido no § 3º do
art. 104 desta Lei Complementar.

§ 3º O CGIBS deverá
distribuir, de forma segregada, os recursos de que trata este artigo.

Art. 127. Da receita destinada a cada Município, nos termos da alínea
“b” do inciso III do _caput_ do art. 121 desta Lei Complementar, a cada
período de determinação do montante do produto da arrecadação a ser
distribuído, será deduzida parcela destinada ao Fundo de Combate à Pobreza
do Município, no percentual previsto na respectiva legislação.

§ 1º Do montante
apurado na forma do _caput_ deste artigo e do valor destinado ao Fundo
de Combate à Pobreza do Município, serão deduzidos:

I - o percentual
previsto no [inciso II do caput do art. 212-A da Constituição Federal](https://www.planalto.gov.br/ccivil_03/Constituicao/Constituicao.htm#art212a-2)
destinado ao Fundeb; e

II - o percentual
destinado ao financiamento do CGIBS.

§ 2º Os valores
apurados na forma do _caput_ deste artigo e os valores destinados ao
Fundo de Combate à Pobreza, após as deduções a que se refere o § 1º deste
artigo, serão transferidos ao Município no prazo estabelecido no § 3º do
art. 104 desta Lei Complementar.

§ 3º O CGIBS deverá
distribuir, de forma segregada, os recursos de que trata este artigo.

Seção III

Da Destinação
da Receita Distribuída aos Municípios nos Termos da
[Alínea “b” do Inciso IV \\
do Caput do Art. 158 da Constituição Federal](https://www.planalto.gov.br/ccivil_03/Constituicao/Constituicao.htm#art158-4b)

Art. 128. O CGIBS transferirá aos Municípios o valor a eles
pertencente nos termos da
[alínea “b” do inciso IV do caput do \\
art. 158 da Constituição Federal](https://www.planalto.gov.br/ccivil_03/Constituicao/Constituicao.htm#art158-4b), e retido nos termos do § 3º do art. 118
desta Lei Complementar, observados os seguintes critérios de distribuição
previstos no [§ 2º do art. 158 da Constituição Federal:](https://www.planalto.gov.br/ccivil_03/Constituicao/Constituicao.htm#art158%C2%A72)

I - 80% (oitenta
por cento) na proporção da população;

II - 10% (dez por
cento) com base em indicadores de melhoria nos resultados de aprendizagem e
de aumento da equidade, considerado o nível socioeconômico dos educandos, de
acordo com o que dispuser lei estadual;

III - 5% (cinco por
cento) com base em indicadores de preservação ambiental, de acordo com o que
dispuser lei estadual;

IV - 5% (cinco por
cento) em montantes iguais para todos os Municípios do Estado.

§ 1º Do montante
destinado a cada Município, nos termos do _caput_ deste artigo serão
deduzidos:

I - o percentual
previsto no [inciso II do caput do art. 212-A da Constituição Federal](https://www.planalto.gov.br/ccivil_03/Constituicao/Constituicao.htm#art212a-2)
destinado ao Fundeb; e

II - o percentual
destinado ao financiamento do CGIBS.

§ 2º O valor
apurado na forma do _caput_ deste artigo, após as deduções a que se
refere o § 1º deste artigo, será transferido ao Município no prazo
estabelecido no § 3º do art. 104 desta Lei Complementar.

Seção IV

Disposições
Finais

Art. 129. O percentual da receita do IBS dos Estados, do Distrito
Federal e dos Municípios destinado ao financiamento do Fundo de Combate à
Pobreza de que trata o
[art. 82 do ADCT](https://www.planalto.gov.br/ccivil_03/Constituicao/Constituicao.htm#adctart82) poderá ser estabelecido por lei
específica do respectivo ente federativo, observado o limite superior de 1%
(um por cento), para vigência a partir de 1º de janeiro de 2033.

§ 1º Em relação ao
ente federativo que, na data de publicação da
[Emenda Constitucional nº 132, \\
de 20 de dezembro de 2023](https://www.planalto.gov.br/ccivil_03/Constituicao/Emendas/Emc/emc132.htm), já possuía o Fundo de Combate à Pobreza de que
trata o [art. 82 do ADCT](https://www.planalto.gov.br/ccivil_03/Constituicao/Constituicao.htm#adctart82), será apurada:

I - para cada
Estado, a relação percentual entre a receita média auferida com o adicional
de alíquotas previsto no
[§ 1º do art. 82 do ADCT](https://www.planalto.gov.br/ccivil_03/Constituicao/Constituicao.htm#adctart82%C2%A71) e a receita bruta média do
ICMS, considerando para ambas o período de 2019 a 2026;

II - para o
Distrito Federal, a relação percentual entre a receita média auferida com os
adicionais de alíquotas previstos nos
[§§ 1º](https://www.planalto.gov.br/ccivil_03/Constituicao/Constituicao.htm#adctart82%C2%A71) e
[2º do art. 82 do ADCT](https://www.planalto.gov.br/ccivil_03/Constituicao/Constituicao.htm#adctart82%C2%A72) e a
receita bruta média dos impostos previstos no
[inciso II do caput do \\
art. 155](https://www.planalto.gov.br/ccivil_03/Constituicao/Constituicao.htm#art155ii) e no
[inciso III do caput do art. 156 da Constituição \\
Federal](https://www.planalto.gov.br/ccivil_03/Constituicao/Constituicao.htm#art156iii), considerando para ambas o período de 2019 a 2026;

III - para cada
Município, a relação percentual entre a receita média auferida com o
adicional de alíquotas previsto no
[§ 2º do art. 82 do ADCT](https://www.planalto.gov.br/ccivil_03/Constituicao/Constituicao.htm#adctart82%C2%A72) e a receita bruta
média do imposto previsto no
[inciso III do caput do art. 156 da \\
Constituição Federal](https://www.planalto.gov.br/ccivil_03/Constituicao/Constituicao.htm#art156iii), considerando para ambas o período de 2019 a 2026.

§ 2º Na hipótese em
que o ente federativo apure relação percentual de que trata o § 1º deste
artigo mais alta que o limite previsto no _caput_ deste artigo, o
percentual da receita do IBS dos Estados, do Distrito Federal e dos
Municípios destinado ao financiamento do respectivo Fundo de Combate à
Pobreza de que trata o
[art. 82 do ADCT](https://www.planalto.gov.br/ccivil_03/Constituicao/Constituicao.htm#adctart82) fica limitado a:

I - 3/4 (três
quartos) da relação percentual apurada na forma do § 1º deste artigo no
período de 2033 a 2040;

II - metade da
relação percentual apurada na forma do § 1º deste artigo no período de 2041
a 2048;

III - 1/4 (um
quarto) da relação percentual apurada na forma do § 1º deste artigo no
período de 2049 a 2056;

IV - 1% (um por
cento) a partir de 2057.

§ 3º Na hipótese em
que os limites previstos nos incisos I, II e III do § 2º deste artigo sejam
inferiores ao limite previsto no _caput_ deste artigo, será aplicado o
percentual definido pelo ente federativo na forma do _caput_ deste
artigo.

§ 4º O percentual
do IBS a ser destinado ao financiamento do Fundo de Combate à Pobreza de que
trata o [art. 82 do ADCT](https://www.planalto.gov.br/ccivil_03/Constituicao/Constituicao.htm#adctart82) pelo ente federativo deverá ser informado ao CGIBS
até o dia 31 de julho do ano anterior ao da sua aplicação.

Art. 130. Os Estados deverão informar ao CGIBS, na forma e no prazo
previstos em regulamento, os coeficientes de participação de cada Município
do Estado a serem considerados na distribuição dos recursos de que trata a
[alínea “b” do inciso IV do caput do art. 158 da Constituição Federal.](https://www.planalto.gov.br/ccivil_03/Constituicao/Constituicao.htm#art158-4b)

Art. 131. O CGIBS deverá enviar aos Estados, ao Distrito Federal e
aos Municípios as informações necessárias à classificação dos créditos
transferidos e os dados necessários ao cálculo dos valores constitucionais e
legais a serem distribuídos aos entes federativos.

Parágrafo único. O
CGIBS disponibilizará, em portal público, as informações relativas ao
cálculo da receita de IBS destinada a cada Estado e Município e ao Distrito
Federal, detalhando a sua distribuição.

TÍTULO IV

DISPOSIÇÕES RELATIVAS À TRANSIÇÃO DO
ICMS

CAPÍTULO I

DA CARACTERIZAÇÃO, DA HOMOLOGAÇÃO E DA
UTILIZAÇÃO DO SALDO CREDOR DO ICMS

Seção I

Dos Saldos
Credores

Art. 132. Os saldos credores relativos ao ICMS existentes em 31 de
dezembro de 2032 serão reconhecidos pelos Estados e pelo Distrito Federal e
utilizados pelos contribuintes nos termos deste Capítulo.

§ 1º Para efeito do
disposto neste artigo, considera-se saldo credor o valor do imposto previsto
no _caput_ deste artigo que:

I - seja admitido
pela legislação estadual ou distrital vigente em 31 de dezembro de 2032 e
decorra de operações ocorridas até a referida data;

II - esteja
regularmente apurado na escrituração fiscal do estabelecimento, ainda que a
escrituração tenha sido realizada após 31 de dezembro de 2032;

III - não tenha
sido compensado ou utilizado pelo contribuinte até 31 de dezembro de 2032; e

IV - tenha sido
homologado nos termos do art. 134 desta Lei Complementar.

§ 2º Consideram-se
homologados os créditos reconhecidos após o prazo a que se refere o _caput_
deste artigo, inclusive os resultantes de decisões administrativas
definitivas ou judiciais com trânsito em julgado favoráveis ao sujeito
passivo.

Art. 133. A partir de 1º de fevereiro de 2033, os saldos credores a
que se refere o art. 132 desta Lei Complementar serão atualizados de acordo
com a variação mensal do IPCA desde dezembro de 2032 ou outro índice que
vier a substituí-lo.

Seção II

Do Pedido de
Homologação

Art. 134. Para efeito de homologação dos saldos credores a que se
refere o art. 132 desta Lei Complementar, ressalvado o disposto no § 1º
deste artigo, será observado o seguinte:

I - o interessado
deverá protocolar o pedido no prazo máximo de 5 (cinco) anos, contado do dia
1º de janeiro de 2033; e

II - o Estado ou o
Distrito Federal deverá pronunciar-se no prazo máximo de 24 (vinte e quatro)
meses, contado da data do respectivo protocolo.

§ 1º Em relação aos
créditos decorrentes da entrada de mercadorias destinadas ao ativo
permanente, de que trata o [§ 5º do art. 20 da Lei Complementar nº 87, de 13 \\
de setembro de 1996](https://www.planalto.gov.br/ccivil_03/leis/lcp/Lcp87.htm#art20%C2%A75) (Lei Kandir):

I - o pedido
previsto no inciso I do _caput_ deste artigo deverá ser protocolado no
mesmo período de apuração em que tiver início o aproveitamento do crédito,
na hipótese de bem cuja entrada no estabelecimento ocorra a partir de 1º de
janeiro de 2029; e

II - o Estado ou o
Distrito Federal deverá pronunciar-se no prazo máximo de 60 (sessenta) dias,
contado da data do respectivo protocolo.

§ 2º O prazo
previsto no inciso II do _caput_ deste artigo poderá ser prorrogado uma
única vez por igual período nos casos em que houver fiscalização em
andamento no momento da apresentação do pedido de homologação.

§ 3º Na ausência de
resposta ao pedido de homologação nos prazos a que se referem o inciso II do
_caput_, o inciso II do § 1º e o § 2º deste artigo, os respectivos
saldos credores serão considerados homologados.

§ 4º A homologação
tácita prevista no § 3º deste artigo não impede a apuração e o lançamento de
valores relacionados ao respectivo saldo credor, nos termos da legislação
tributária estadual ou distrital, enquanto não decaído o direito de a
Fazenda Pública constituir o crédito tributário.

§ 5º O pedido de
homologação de saldo credor de que trata este artigo será processado nos
termos da legislação do Estado ou do Distrito Federal.

Seção III

Da
Compensação do Saldo Credor do ICMS com o ICMS

Art. 135. Se houver
concordância entre o Estado ou o Distrito Federal e o sujeito passivo, o
saldo credor homologado poderá ser utilizado para compensação com crédito
tributário, definitivamente constituído ou não, relativo ao ICMS, nos termos
previstos nas respectivas legislações.

Seção IV

Da
Compensação do Saldo Credor do ICMS com o IBS

Art. 136. Os Estados e o Distrito Federal informarão ao CGIBS, em até
30 (trinta) dias contados da homologação, o valor do saldo credor
homologado, a identificação do seu titular e a data de conclusão da
compensação a que se refere o art. 137 desta Lei Complementar, observada a
seguinte segregação:

I - créditos das
entradas de mercadorias destinadas ao ativo permanente, de que trata o
[§ 5º \\
do art. 20 da Lei Complementar nº 87, de 13 de setembro de 1996](https://www.planalto.gov.br/ccivil_03/leis/lcp/Lcp87.htm#art20%C2%A75) (Lei
Kandir); e

II - demais
créditos.

Art. 137. O saldo credor informado ao CGIBS, na forma prevista no
art. 136 desta Lei Complementar, será utilizado para compensação com o IBS:

I - quanto aos
créditos de que trata o inciso I do _caput_ do art. 136 desta Lei
Complementar, pelo prazo remanescente em relação ao previsto no
[§ 5º do \\
art. 20 da Lei Complementar nº 87, de 13 de setembro de 1996](https://www.planalto.gov.br/ccivil_03/leis/lcp/Lcp87.htm#art20%C2%A75) (Lei Kandir);


II - quanto aos
créditos de que trata o inciso II do _caput_ do art. 136 desta Lei
Complementar, em 240 (duzentas e quarenta) parcelas mensais, iguais e
sucessivas.

Parágrafo único. O
início da compensação de que trata este artigo ocorrerá a partir do mês
subsequente ao do recebimento da informação pelo CGIBS.

Seção V

Da
Transferência do Saldo Credor

Art. 138. O titular
do saldo credor homologado poderá transferi-lo a integrantes do mesmo grupo
econômico ou a terceiros, que o utilizará exclusivamente para compensação:

I - no âmbito do
respectivo Estado ou do Distrito Federal, com créditos tributários,
definitivamente constituídos ou não, relativos ao ICMS, nos termos da
respectiva legislação; e

II - no âmbito do
CGIBS, com o IBS devido, nos termos do regulamento, observado o disposto na
Seção IV deste Capítulo.

§ 1º Na hipótese do
inciso II do _caput_ deste artigo, a compensação com o IBS devido, em
relação às compensações em curso, será efetuada na mesma quantidade de
parcelas remanescentes aplicáveis ao titular original do crédito.

§ 2º A
transferência de que trata este artigo será comunicada ao CGIBS
exclusivamente por meio de documento fiscal eletrônico de transferência de
crédito, na forma definida em regulamento.

Seção VI

Do
Ressarcimento do Saldo Credor

Art. 139. Na impossibilidade de compensação, alternativamente às
hipóteses previstas no art. 138 desta Lei Complementar, o titular do direito
ao saldo credor homologado poderá ser ressarcido, em espécie, pelo CGIBS, em
240 (duzentas e quarenta) parcelas mensais, iguais e sucessivas ou, em
relação às compensações em curso, pelo prazo remanescente.

§ 1º O
ressarcimento de que trata o _caput_ deste artigo será efetuado em até
90 (noventa) dias após o encerramento do mês em que ocorreria a respectiva
compensação, vedada a incidência de acréscimos de qualquer natureza.

§ 2º Na hipótese em
que o ressarcimento seja efetuado após o prazo previsto no § 1º deste
artigo, o respectivo valor será atualizado a partir do nonagésimo primeiro
dia com base na taxa referencial do Sistema Especial de Liquidação e de
Custódia (Selic).

Seção VII

Disposições
Finais

Art. 140. A transferência e o pagamento das parcelas do ressarcimento
de que tratam os arts. 138 e 139 desta Lei Complementar são condicionados à
regularidade do titular do saldo credor em relação ao IBS e ao ICMS ao
respectivo Estado ou ao Distrito Federal.

Parágrafo único. A
partir de 2034, na hipótese de aumento de arrecadação do IBS em montante
superior ao registrado nos anos anteriores, atualizado pelo IPCA, os Estados
e o Distrito Federal poderão antecipar o pagamento das parcelas de
ressarcimento dos saldos previstos no art. 139 desta Lei Complementar.

Art. 141. O CGIBS deduzirá do produto da arrecadação do IBS devido ao
respectivo Estado ou ao Distrito Federal o valor compensado ou ressarcido na
forma dos arts. 137 a 139 e 144 desta Lei Complementar, o qual não comporá a
base de cálculo para fins do disposto no
[inciso IV do caput do \\
art. 158](https://www.planalto.gov.br/ccivil_03/Constituicao/Constituicao.htm#art158-4), no [§ 2º do art. 198,](https://www.planalto.gov.br/ccivil_03/Constituicao/Constituicao.htm#art198%C2%A72) no
[parágrafo único do art. 204](https://www.planalto.gov.br/ccivil_03/Constituicao/Constituicao.htm#art204p), no
[art. 212](https://www.planalto.gov.br/ccivil_03/Constituicao/Constituicao.htm#art212),
no [inciso II do caput do art. 212-A](https://www.planalto.gov.br/ccivil_03/Constituicao/Constituicao.htm#art212a-2) e no
[§ 6º do art. 216, todos da \\
Constituição Federal.](https://www.planalto.gov.br/ccivil_03/Constituicao/Constituicao.htm#art216%C2%A76)

CAPÍTULO II

DO APROVEITAMENTO DO ICMS INCIDENTE
POR SUBSTITUIÇÃO TRIBUTÁRIA RELATIVO ÀS MERCADORIAS EM ESTOQUE EM 31 DE
DEZEMBRO DE 2032

Art. 142. O contribuinte que possuir em estoque, ao final do dia 31 de
dezembro de 2032, mercadoria sujeita ao regime de substituição tributária,
relativamente ao ICMS, poderá creditar-se do valor do imposto retido, nos
termos deste Capítulo.

Art. 143. O valor a que se refere o art. 142 desta Lei Complementar
corresponderá ao montante do ICMS:

I - retido por
substituição tributária, no caso em que o contribuinte tenha adquirido a
mercadoria diretamente daquele que efetuou a retenção;

II - recolhido a
título de substituição tributária, no caso em que o próprio contribuinte
tenha apurado o imposto devido por ocasião da entrada da mercadoria; ou

III - incidido
sobre as operações com a mercadoria, informado nos campos próprios do
documento fiscal, no caso em que o contribuinte tenha adquirido a mercadoria
de contribuinte substituído ou de contribuinte que tenha apurado o imposto
devido a título de substituição tributária por ocasião da entrada da
mercadoria.

§ 1º Se não for
possível estabelecer correspondência entre a mercadoria em estoque e seu
recebimento, a apuração do montante a que se refere o _caput_ deste
artigo será efetuada com base no valor retido do ICMS, correspondente à
média das entradas dos últimos 3 (três) meses, até o limite da quantidade
informada no inventário realizado em 31 de dezembro de 2032.

§ 2º Para os
efeitos do disposto neste artigo, também se considera em estoque a
mercadoria cuja saída do estabelecimento remetente tenha ocorrido até o dia
31 de dezembro de 2032 e cuja entrada no estabelecimento destinatário ocorra
após essa data, desde que o ICMS tenha sido retido ou recolhido por
substituição tributária.

Art. 144. Observados a forma e os prazos estabelecidos no regulamento
único do IBS:

I - o contribuinte
deverá:

a) inventariar as
mercadorias a que se refere o art. 142 desta Lei Complementar existentes em
estoque ao final do dia 31 de dezembro de 2032, em cada um dos seus
estabelecimentos;

b) apurar, nos
termos do art. 143 desta Lei Complementar, o valor do ICMS incidente, por
substituição tributária, sobre o estoque inventariado;

c) encaminhar o
inventário e o demonstrativo da apuração a que se refere a alínea “b” deste
inciso ao Estado ou ao Distrito Federal em que esteja situado o respectivo
estabelecimento e ao CGIBS;

II - o Estado e o
Distrito Federal informarão ao CGIBS, em até 60 (sessenta) dias contados do
recebimento do demonstrativo previsto na alínea “c” do inciso I deste _caput_, o valor que será utilizado para compensação em 12 (doze) parcelas
mensais, iguais e sucessivas com o montante de IBS devido pelo contribuinte
nos meses subsequentes; e

III - caso não seja
prestada a informação a que se refere o inciso II deste artigo no prazo nele
assinalado, o CGIBS utilizará o valor constante do demonstrativo previsto na
alínea “c” do inciso I do _caput_ deste artigo para efeito da referida
compensação.

Parágrafo único. A
compensação efetuada na forma dos incisos II e III do _caput_ deste
artigo não implica o reconhecimento da legitimidade nem a homologação dos
valores informados pelo contribuinte.

Art. 145. A compensação prevista no art. 144 desta Lei Complementar
não se aplica ao contribuinte optante pelo regime de apuração e recolhimento
previsto na [Lei Complementar nº 123, de 14 de dezembro de 2006](https://www.planalto.gov.br/ccivil_03/leis/lcp/Lcp123.htm).

Parágrafo único. O
contribuinte de que trata o _caput_ deste artigo deverá:

I - inventariar as
mercadorias a que se refere o art. 142 desta Lei Complementar existentes em
estoque ao final do dia 31 de dezembro de 2032; e

II - encaminhar o
inventário a que se refere o inciso I deste parágrafo único ao Estado ou ao
Distrito Federal e solicitar a restituição nos termos da legislação de cada
ente federativo.

LIVRO II

DO IMPOSTO SOBRE A TRANSMISSÃO _CAUSA MORTIS_ E DOAÇÃO DE QUAISQUER BENS OU DIREITOS (ITCMD)

TÍTULO I

DISPOSIÇÕES GERAIS

CAPÍTULO I

DISPOSIÇÕES PRELIMINARES

Art. 146. Este Livro dispõe sobre o Imposto sobre Transmissão _Causa_
_mortis_ e Doação de Quaisquer Bens ou Direitos (ITCMD), de competência
dos Estados e do Distrito Federal, de que trata o
[inciso I do _caput_ \\
do art. 155 da Constituição Federal](https://www.planalto.gov.br/ccivil_03/Constituicao/Constituicao.htm#art155i).

Art. 147. Para os fins deste Livro, considera-se:

I - excesso de
meação ou de quinhão: a divisão de patrimônio comum, na partilha ou na
adjudicação, em que for atribuído a um dos cônjuges, a um dos companheiros
ou a qualquer herdeiro, patrimônio superior à fração ideal a que faça jus,
conforme determinado pela lei civil;

II - pessoas
vinculadas:

a) cônjuge,
companheiro ou parente, consanguíneo ou afim, até o terceiro grau;

b) pessoa jurídica
que tenha como diretor ou administrador cônjuge, companheiro ou parente,
consanguíneo ou afim, até o terceiro grau, de sucessor ou donatário; ou

c) pessoa jurídica
com relação a pessoa física sócia, titular ou cotista;

III - bem ou
direito: qualquer bem móvel ou imóvel, na definição da legislação civil, com
expressão econômica, tais como os semoventes, os títulos de crédito, as
aplicações financeiras, as quotas ou ações de sociedades, as quotas de
fundos de investimento, os direitos autorais, os direitos oriundos de
propriedade industrial e os direitos da personalidade na sua dimensão
patrimonial;

IV - transmissão _causa mortis_: a realizada aos sucessores do _de cujus_ na data de
seu óbito, ainda que presumido, inclusive a reversão gratuita da
titularidade dos bens e direitos objeto de _trust_ no exterior em favor
do beneficiário por força do falecimento do instituidor;

V - sucessor: o
herdeiro, o legatário, o beneficiário, o fiduciário e o fideicomissário ou
qualquer outra pessoa física ou jurídica que seja destinatária dos bens e
direitos;

VI - doação:
qualquer ato jurídico gratuito em razão do qual o doador transfira bens ou
direitos a outrem, com inclusão, entre outros, de:

a) transferência
gratuita de bens incorpóreos, inclusive quotas ou ações de sociedade;

b) remissão de
obrigação oriunda de atos onerosos entre pessoas vinculadas;

c) excessos de
meação ou quinhão em partilha ou adjudicação de patrimônio comum, como as
oriundas de inventário, divórcio e dissolução de condomínio;

d) transferência
gratuita de frutos não usufruídos pelo usufrutuário para o nu-proprietário;

e) a reversão
gratuita da titularidade dos bens e direitos objeto de _trust_ no
exterior em favor do beneficiário em razão de fato não relacionado
diretamente ao falecimento do instituidor, independentemente de a
transferência ocorrer antes ou depois desse falecimento;

f) a transmissão
declarada como onerosa em simulação a ato gratuito;

g) transmissões
gratuitas de bens e direitos, exceto as provenientes de:

1\. dever jurídico,
como as oriundas de direito de família, a exemplo da prestação de alimentos
familiares ou compensatórios e dos gastos ordinários na educação, no
tratamento de saúde, no sustento, na defesa em processo judicial ou
administrativo, no enxoval ou no sustento de familiar;

2\. remuneração a
serviços prestados gratuitamente, como as doações remuneratórias;

3\. indenização,
repetição de indébito ou restituição de lucro indevido;

VII - instituições
sem fins lucrativos com finalidade de relevância pública e social: aquelas
que não efetuam distribuição de lucro a qualquer título e que se dedicam à
promoção dos direitos fundamentais e das políticas sociais e ambientais
previstos, respectivamente, nos
[arts. 5º](https://www.planalto.gov.br/ccivil_03/Constituicao/Constituicao.htm#art5) e
[6º](https://www.planalto.gov.br/ccivil_03/Constituicao/Constituicao.htm#art6...) e no
[Título VIII da \\
Constituição Federal;](https://www.planalto.gov.br/ccivil_03/Constituicao/Constituicao.htm#tituloviii)

VIII - _trust_:
figura contratual definida no
[art. 12 da Lei nº 14.754, de 12 de dezembro de \\
2023](https://www.planalto.gov.br/ccivil_03/_Ato2023-2026/2023/Lei/L14754.htm#art12).

Parágrafo único.
Presume-se declarada como onerosa em simulação a ato gratuito, nos termos da
alínea “f” do inciso VI deste artigo, a transmissão a pessoa:

I - que não
comprove capacidade financeira; ou

II - vinculada ao
real destinatário da liberalidade.

CAPÍTULO II

DO FATO GERADOR

Art. 148. O ITCMD
incide sobre a transmissão de quaisquer bens ou direitos para os quais se
possa atribuir valor econômico, havidos por:

I - sucessão _causa mortis_; ou

II - doação.

§ 1º O imposto
incide nas transmissões _causa mortis_ e doações decorrentes de
contratos no exterior com características similares às do _trust_, bem
como aos contratos de fidúcia no País que vierem a ser instituídos com
características similares às do _trust_, salvo se o domicílio do
adquirente for no exterior, conforme definido nesta Lei Complementar.

§ 2º Ocorrem tantos
fatos geradores distintos quantos sejam os sucessores ou donatários, em
relação a cada ente federativo competente para exigir o ITCMD, ainda que os
bens ou direitos sejam indivisíveis, respeitada a fração ideal de cada
adquirente.

§ 3º A ocorrência
do fato gerador na transmissão _causa mortis_ independe da instauração
de inventário ou arrolamento, judicial ou extrajudicial.

CAPÍTULO III

DA IMUNIDADE E DA NÃO INCIDÊNCIA

Art. 149. É imune
ao ITCMD:

I - a transmissão
_causa mortis_ ou por doação em que figure como sucessor ou donatário:

a) a União, os
Estados, o Distrito Federal e os Municípios;

b) as autarquias,
as fundações instituídas e mantidas pelo poder público e a empresa pública
prestadora de serviço postal;

c) as entidades
religiosas e os templos de qualquer culto, inclusive suas organizações
assistenciais e beneficentes;

d) os partidos
políticos, inclusive as suas fundações;

e) as entidades
sindicais de trabalhadores; e

f) as instituições
sem fins lucrativos com finalidade de relevância pública e social, incluídos
os institutos científicos e tecnológicos;

II - a transmissão
_causa mortis_ ou por doação:

a) de livros,
jornais e periódicos e do papel destinado a sua impressão; e

b) de fonogramas e
videofonogramas musicais produzidos no Brasil contendo obras musicais ou
literomusicais de autores brasileiros e/ou obras em geral interpretadas por
artistas brasileiros, bem como os suportes materiais ou arquivos digitais
que os contenham;

III - a doação:

a) destinada, no
âmbito do Poder Executivo da União:

1\. a projetos
socioambientais ou destinados a mitigar os efeitos das mudanças climáticas;
e

2\. às instituições
federais de ensino;

b) feita pelas
instituições a que se referem as alíneas “c”, “d”, “e” e “f” do inciso I
deste artigo, na consecução das suas finalidades essenciais;

c) de imóveis
desapropriados para fins de reforma agrária, para o beneficiário do
programa.

§ 1º O gozo das
imunidades de que trata este artigo aplica-se:

I - exclusivamente
às transmissões de bens ou direitos relacionados às suas finalidades
essenciais, ou às delas decorrentes, na hipótese da alínea “b” do inciso I
do _caput_ deste artigo;

II - exclusivamente
às transmissões de bens ou direitos relacionados às suas finalidades
essenciais, ou às delas decorrentes, na hipótese das alíneas “c” a “f” do
inciso I e da alínea “b” do inciso III do _caput_ deste artigo;

III -
exclusivamente às pessoas jurídicas sem fins lucrativos que atendam, de
forma cumulativa, aos requisitos previstos no [art. 14 da Lei nº 5.172, de 25 \\
de outubro de 1966](https://www.planalto.gov.br/ccivil_03/leis/L5172.htm#art14), nas hipóteses previstas nas alíneas “d”, “e” e “f” do
inciso I e na alínea “b” do inciso III do _caput_ deste artigo;

IV - a partir da
data do protocolo de declaração que ateste o cumprimento dos requisitos
legais, pela instituição, à administração tributária do Estado ou do
Distrito Federal, conforme estabelecido na legislação estadual ou distrital,
nas hipóteses previstas na alínea “f” do inciso I e na alínea “b” do inciso
III do _caput_ deste artigo.

§ 2º A legislação
do ente federativo competente poderá estabelecer mecanismos simplificados
para verificação da idoneidade das instituições sem fins lucrativos com
finalidade pública e social, podendo ser sobrestados os efeitos da
imunidade, quando houver fundados indícios de fraude.

§ 3º Observado o
contraditório e a ampla defesa, o reconhecimento da imunidade pelo ente
federativo será anulado ou cassado de ofício, a qualquer tempo, sempre que
se apure que o beneficiário não satisfazia ou deixou de satisfazer as
condições, ou não cumpria ou deixou de cumprir os requisitos, para o gozo do
benefício.

§ 4º O disposto
neste artigo não dispensa a prática de atos assecuratórios do cumprimento
das obrigações acessórias previstas na legislação de regência do imposto.

Art. 150. O ITCMD não incide:

I - sobre a
renúncia à herança ou ao legado, desde que:

a) seja feita sem
ressalva ou condição, em benefício do monte; e

b) não tenha o
renunciante praticado qualquer ato que demonstre aceitação da herança ou do
legado;

II - na extinção de
usufruto ou de qualquer outro direito real que resulte na consolidação da
propriedade plena sob titularidade do instituidor do direito;

III - sobre
benefício devido em razão de contrato de previdência privada complementar,
aberta ou fechada, de seguro, de pecúlio ou de similares negócios jurídicos
onerosos com elementos de aleatoriedade, ainda que o beneficiário seja um
terceiro;

IV - sobre a
extinção do fideicomisso, independentemente de a consolidação da propriedade
reverter-se em proveito do fiduciário ou do fideicomissário;

V - sobre a
transmissão do bem ou do direito ao _trustee_ diante da presunção da
sua onerosidade, salvo se a transmissão for gratuita;

VI - sobre a
transmissão de bens e direitos do _trust_ ee ao beneficiário, nos casos
de:

a) o beneficiário
ser o próprio instituidor; ou

b) a instituição do
_trust_ tiver decorrido de um negócio oneroso entre o instituidor e o
beneficiário;

VII - sobre a
transmissão _causa mortis_ em decorrência do falecimento de funcionário
de missão diplomática ou de repartição consular de carreira, e de seus
respectivos dependentes que com ele vivam, desde que o funcionário falecido
não seja brasileiro ou estrangeiro com residência permanente no Brasil, nos
termos do [item 4 do art. 39 do Decreto nº 56.435, de 8 de junho de 1965](https://www.planalto.gov.br/ccivil_03/decreto/Antigos/D56435.htm#art39-4), que
promulga a Convenção de Viena sobre Relações Diplomáticas, e da
[alínea “b” \\
do art. 51](https://www.planalto.gov.br/ccivil_03/decreto/D61078.htm#art51b) e do [item 4 do art. 70 do Decreto nº 61.078, de 26 de julho de \\
1967](https://www.planalto.gov.br/ccivil_03/decreto/D61078.htm#art70-4), que promulga a Convenção de Viena sobre Relações Consulares.

CAPÍTULO IV

DO MOMENTO DA OCORRÊNCIA DO FATO
GERADOR

Art. 151.
Considera-se ocorrido o fato gerador:

I - da transmissão
_causa mortis_, na data:

a) do óbito do
titular dos bens e direitos;

b) provável do
óbito indicada na sentença de declaração da morte presumida sem decretação
de ausência;

c) em que a lei
autorizaria a abertura da sucessão definitiva, no caso de morte presumida
com declaração de ausência;

d) do óbito, no
caso de transmissão decorrente de substituição fideicomissária;

II - da transmissão
por doação, na data:

a) da celebração do
contrato, ainda que a título de adiantamento da legítima;

b) da formalização
do respectivo título translativo, assim considerada a escritura pública de
doação de imóveis ou o documento equivalente passível de ser levado a
registro no Cartório de Registro de Imóveis;

c) da instituição
de usufruto convencional ou de qualquer outro direito real;

d) da renúncia à
herança ou ao legado em favor de pessoa determinada;

e) da homologação
da partilha ou adjudicação, decorrente de inventário, divórcio ou dissolução
de união estável, em relação ao excedente de meação ou de quinhão que
beneficiar uma das partes;

f) da lavratura da
escritura pública de partilha ou adjudicação extrajudicial, decorrente de
inventário, divórcio ou dissolução de união estável, em relação ao excedente
de meação ou de quinhão que beneficiar uma das partes;

g) do registro na
junta comercial do ato de transmissão de quotas de participação em empresas
ou do patrimônio de empresário individual;

h) do registro no
cartório de registro das pessoas jurídicas do ato de transmissão de quotas
de participação em sociedades não mercantis;

i) do registro no
órgão de registro competente do ato de transmissão de participação nas
sociedades não enquadradas nas alíneas “g” e “h” deste inciso;

j) do registro em
órgão público, nas demais transmissões sujeitas a registro.

§ 1º Nas
transmissões dos bens e direitos para o beneficiário de _trust_ no
exterior, considera-se ocorrido o fato gerador do imposto no momento da
mudança de titularidade dos bens e direitos para o beneficiário ou no
momento do falecimento do instituidor, o que ocorrer primeiro, hipótese em
que será considerada:

I - transmissão _causa mortis_, se decorrente do falecimento do instituidor; ou

II - doação, se
ocorrida durante a vida do instituidor.

§ 2º A transmissão
a que se refere o § 1º deste artigo poderá ser reputada ocorrida em momento
anterior caso o instituidor abdique, em caráter irrevogável, a direito sobre
parcela do patrimônio do _trust_.

§ 3º O disposto nos
§§ 1º e 2º deste artigo aplica-se aos demais contratos no exterior com
características similares às do _trust_, bem como aos contratos de
fidúcia no País que vierem a ser instituídos com características similares
às do _trust_.

CAPÍTULO V

DA BASE DE CÁLCULO

Art. 152. A base de
cálculo do ITCMD é o valor de mercado do bem ou do direito transmitido.

§ 1º Serão
deduzidas da base de cálculo do ITCMD as dívidas do _de cujus_ cuja
origem, autenticidade e preexistência à morte sejam comprovadas, conforme
estabelecido na legislação do ente tributante.

§ 2º Quando se
tratar de aplicações financeiras de qualquer natureza, a base de cálculo do
ITCMD corresponderá ao valor de mercado da aplicação na data do fato
gerador.

Art. 153. Na transmissão de bens móveis ou imóveis financiados ou
adquiridos na modalidade de consórcios, considera-se como base de cálculo:

I - o valor do bem
acobertado por seguro prestamista; ou

II - o valor de
mercado do bem, subtraído o valor presente do saldo devedor do financiamento
ou consórcio, nas hipóteses distintas da prevista no inciso I do _caput_
deste artigo.

Art. 154. No caso
de quotas ou ações de emissão de pessoas jurídicas ou no caso de empresário
individual, a base de cálculo do ITCMD será determinada de acordo com as
seguintes regras:

I - quando as
quotas ou ações forem negociadas em mercados organizados de valores
mobiliários, incluídos os mercados de bolsa e de balcão organizado, com
mercado ativo nos 90 (noventa) dias anteriores à data da avaliação, a base
de cálculo corresponderá à cotação de fechamento do dia anterior da
avaliação, conforme definido na legislação estadual ou distrital; e

II - nos demais
casos, a base de cálculo deverá ser calculada com metodologia tecnicamente
idônea e adequada às quotas ou ações, inclusive o método técnico que
contemple eventual perspectiva de geração de caixa do empreendimento, e
deverá o valor corresponder, no mínimo, ao patrimônio líquido ajustado pela
avaliação de ativos e passivos a valor de mercado, acrescido do valor de
mercado do fundo de comércio, conforme estabelecido na legislação do ente
tributante.

Art. 155. Na hipótese de sucessivas doações entre o mesmo doador e o
mesmo donatário:

I - serão
consideradas todas as transmissões realizadas a esse título, no prazo
definido na legislação tributária estadual ou distrital;

II - o valor do
ITCMD devido será recalculado a cada nova doação, mediante a adição à base
de cálculo dos valores dos bens anteriormente transmitidos; e

III - o valor a
recolher será o valor do ITCMD devido, nos termos do inciso II deste artigo,
deduzidos os valores de ITCMD anteriormente recolhidos, observada a
progressividade da alíquota prevista na legislação estadual ou distrital com
base no valor total das doações no período.

CAPÍTULO VI

DA ALÍQUOTA

Art. 156. As
alíquotas do ITCMD:

I - serão
progressivas em razão do valor do quinhão, do legado ou da doação; e

II - observarão a
alíquota máxima fixada pelo Senado Federal.

§ 1º A alíquota do
imposto, relativamente à transmissão:

I - _causa mortis_,
é a vigente no momento da abertura da sucessão;

II - por doação, é
a vigente no momento da doação.

§ 2º Para a
aplicação das alíquotas, deverá ser considerado o enquadramento do valor da
base de cálculo na faixa inicial e, naquilo que a exceder, na faixa
subsequente, e assim sucessivamente.

CAPÍTULO VII

DOS CONTRIBUINTES

Art. 157. São
contribuintes do ITCMD:

I - na transmissão
_causa mortis_, o sucessor; e

II - na transmissão
por doação, o donatário.

CAPÍTULO VIII

DA SUJEIÇÃO ATIVA

Art. 158. É
competente para instituir o imposto, relativamente a bens imóveis e
respectivos direitos:

I - situados no
Brasil, o Estado, ou o Distrito Federal, da situação do bem, ainda que o _de cujus_ ou o doador tenha domicílio ou residência no exterior; e

II - situados no
exterior, o Estado, ou Distrito Federal:

a) do domicílio do
_de cujus_ ou do doador, se domiciliado no Brasil; ou

b) do domicílio ou
residência do sucessor ou donatário, se o _de cujus_ ou o doador for
domiciliado ou residente no exterior.

§ 1º Em caso de bem
imóvel situado em mais de um Estado, ou em um Estado e no Distrito Federal,
o ITCMD será devido a cada ente federativo segundo o valor de mercado da
área do imóvel situado em seu território.

§ 2º Presumir-se-á
como domicílio o informado na declaração de rendimentos de que trata o
[_caput_ do art. 7º da Lei nº 9.250, de 26 de dezembro de 1995,](https://www.planalto.gov.br/ccivil_03/leis/L9250.htm#art7) no caso de
as pessoas mencionadas no inciso II do _caput_ deste artigo possuírem
mais de um domicílio.

Art. 159. É competente para instituir o imposto, relativamente a bens
móveis, incluindo títulos, créditos e outros direitos e bens incorpóreos:

I - na transmissão
_causa mortis_, independentemente da localização dos bens:

a) se o _de cujus_
for domiciliado no Brasil, o Estado ou Distrito Federal onde era domiciliado
o _de cujus_; ou

b) se o _de cujus_
for domiciliado no exterior, o Estado ou Distrito Federal de domicílio do
sucessor;

II - na transmissão
por doação, independentemente da localização dos bens:

a) em caso de
doador com domicílio no Brasil, o Estado ou Distrito Federal de domicílio do
doador; ou

b) em caso de
doador domiciliado no exterior, o Estado ou Distrito Federal de domicílio do
donatário; e

III - na
transmissão _causa mortis_ ou doação, em caso de transmitente e
recebedor domiciliados no exterior, o Estado ou Distrito Federal onde se
localizarem os bens, no Brasil.

§ 1º Em caso de
fato gerador caracterizado como excesso de meação ou quinhão, o ITCMD será
devido aos Estados e ao Distrito Federal, conforme as regras de competência
previstas neste Livro, em percentual proporcional ao valor de cada bem ou
direito no total do patrimônio partilhado, aplicado ao valor do respectivo
excesso de meação ou quinhão.

§ 2º Presumir-se-á
como domicílio o informado na declaração de rendimentos de que trata o
[caput do art. 7º da Lei nº 9.250, de 26 de dezembro de 1995](https://www.planalto.gov.br/ccivil_03/leis/L9250.htm#art7), no caso de
as pessoas mencionadas nos incisos do _caput_ deste artigo possuírem
mais de um domicílio.

TÍTULO II

DA FISCALIZAÇÃO

Art. 160. A
homologação do cálculo do ITCMD compete privativamente à administração
tributária dos Estados e do Distrito Federal, por meio de seus servidores
efetivos competentes para efetuar o lançamento de ofício.

Art. 161. O Conselho Nacional de Justiça, os Tribunais de Justiça e as
administrações tributárias dos Estados e do Distrito Federal poderão
celebrar convênio para compartilhar informações sobre a instauração e a
conclusão de processos, como arrolamento, inventário, divórcio, dissolução
de união estável e qualquer outro processo, inclusive aqueles nos quais
ocorra substituição processual, que envolvam transmissão _causa mortis_
ou doação, em que o ente tributante seja diverso do convenente.

Parágrafo único. As
informações obtidas nos termos do _caput_ deste artigo permanecerão
protegidas pelo sigilo fiscal, nos termos da lei.

Art. 162. A RFB deverá disponibilizar, mediante convênio, acesso
controlado e rastreável aos servidores das administrações tributárias dos
Estados e do Distrito Federal referente a informações econômico-fiscais de
pessoas físicas e jurídicas que estejam sob sua posse relacionadas a
transmissões _causa mortis_ e a doações.

§ 1º Os custos para
a disponibilização do acesso serão suportados pelas administrações
tributárias dos Estados e do Distrito Federal.

§ 2º Após a
disponibilização de que trata o _caput_ deste artigo, fica vedado aos
Estados e ao Distrito Federal a exigência ao contribuinte de cópias de
declarações entregues à RFB.

Art. 163. Os órgãos ou entidades de direito público ou privado perante
os quais se processe o registro de transmissão sujeita à incidência do ITCMD
são obrigados a prestar às administrações tributárias dos Estados e do
Distrito Federal as informações relacionadas aos referidos atos,
especialmente:

I - as juntas
comerciais;

II - os serviços
notariais e de registro, por meio de seus titulares;

III - a Secretaria
Nacional de Trânsito (Senatran);

IV - os órgãos e as
entidades executivos de trânsito da União, dos Estados, do Distrito Federal
e dos Municípios;

V - a Capitania dos
Portos do Comando da Marinha do Ministério da Defesa;

VI - a Comissão de
Valores Mobiliários (CVM);

VII - a Agência
Nacional de Aviação Civil (Anac); e

VIII - o Instituto
Nacional de Colonização e Reforma Agrária (Incra).

TÍTULO III

DISPOSIÇÕES FINAIS

Art. 164. Os
Estados e o Distrito Federal poderão, mediante convênio, promover a
padronização de obrigações acessórias e de metodologias para apuração da
base de cálculo do ITCMD.

LIVRO III

DISPOSIÇÕES FINAIS

Art. 165. A [Lei nº 5.172, de 25 de outubro de \\
1966](https://www.planalto.gov.br/ccivil_03/leis/L5172.htm) (Código Tributário Nacional), passa a vigorar com as seguintes
alterações:

[“Seção \\
III](https://www.planalto.gov.br/ccivil_03/leis/L5172.htm#livroitituloiiicapituloiiisecao3)

Do Imposto
sobre a Transmissão _Inter vivos_, por Ato Oneroso, de Bens Imóveis e
de Direitos a Eles Relativos

> > [Art. 35.](https://www.planalto.gov.br/ccivil_03/leis/L5172.htm#art35.0)
> > O Imposto sobre a Transmissão _Inter vivos_, por Ato Oneroso,
> > de Bens Imóveis e de Direitos a Eles Relativos, de competência dos
> > Municípios e do Distrito Federal, tem como fato gerador:
> >
> > I - a transmissão _inter vivos_, a qualquer título, por ato
> > oneroso, da propriedade ou do domínio útil de bens imóveis por
> > natureza ou por acessão física, como definidos na lei civil;
> >
> > II - a transmissão _inter vivos_, a qualquer título, por ato
> > oneroso, de direitos reais sobre imóveis, exceto os direitos reais
> > de garantia;
> >
> > III - a cessão _inter vivos_, por ato oneroso, de direitos
> > relativos às transmissões referidas nos incisos I e II deste _caput_.
> >
> > Parágrafo único. (Revogado).” (NR)
> >
> > [“Art. 35-A.](https://www.planalto.gov.br/ccivil_03/leis/L5172.htm#art35a) (VETADO).”
> >
> > “Art. 38.
> > .....................................................................................................................................
> >
> >
> > [§ 1º](https://www.planalto.gov.br/ccivil_03/leis/L5172.htm#art38%C2%A71) Considera-se valor venal,
> > para fins do _caput_ deste artigo, o valor pelo qual o bem ou
> > direito seria negociado à vista, em condições normais de mercado.
> >
> > § 2º O valor pelo qual o bem ou direito seria negociado à vista, em
> > condições normais de mercado, a que se refere o § 1º deste artigo,
> > será estimado por meio de critérios técnicos, considerando pelo
> > menos um dos seguintes:
> >
> > I - análise de preços praticados no mercado imobiliário;
> >
> > II - informações prestadas pelos serviços notariais e registrais e
> > por agentes financeiros;
> >
> > III - localização, tipologia, destinação, padrão e área de terreno e
> > construção, entre outras características do bem imóvel; e
> >
> > IV - outros parâmetros técnicos usualmente observados na avaliação
> > de imóveis.
> >
> > § 3º As administrações tributárias dos Municípios e do Distrito
> > Federal deverão divulgar os critérios utilizados para estimar o
> > valor venal a que se refere o _caput_ deste artigo, o qual
> > poderá ser contestado pelo contribuinte mediante a apresentação de
> > avaliação contraditória em procedimento específico, nos termos da
> > legislação específica municipal ou distrital.
> >
> > § 4º Os serviços registrais e notariais deverão compartilhar as
> > informações das operações realizadas com bens imóveis com as
> > administrações tributárias dos Municípios e do Distrito Federal, sob
> > pena de multa prevista em lei específica municipal ou distrital.” (NR)
> >
> > [“Art. 41.](https://www.planalto.gov.br/ccivil_03/leis/L5172.htm#art41.0) O imposto compete ao
> > Município da situação do bem, ou ao Distrito Federal.” (NR)
> >
> > [“TÍTULO V-A](https://www.planalto.gov.br/ccivil_03/leis/L5172.htm#titulo5a)
> >
> > DA CONTRIBUIÇÃO PARA O CUSTEIO, A
> > EXPANSÃO E A MELHORIA DO SERVIÇO DE ILUMINAÇÃO PÚBLICA E DE SISTEMAS
> > DE MONITORAMENTO PARA SEGURANÇA E PRESERVAÇÃO DE LOGRADOUROS
> > PÚBLICOS
> >
> > [Art. 82-A.](https://www.planalto.gov.br/ccivil_03/leis/L5172.htm#art82a)
> > Os Municípios e o Distrito Federal poderão instituir contribuição,
> > na forma das respectivas leis, para o custeio, a expansão e a
> > melhoria do serviço de iluminação pública e de sistemas de
> > monitoramento para segurança e preservação de logradouros públicos,
> > observado o disposto nos
> > [incisos I](https://www.planalto.gov.br/ccivil_03/Constituicao/Constituicao.htm#art150i)
> > e [III do _caput_ do art. 150 da Constituição Federal.](https://www.planalto.gov.br/ccivil_03/Constituicao/Constituicao.htm#art150iii)
> >
> > § 1º Para os fins do disposto no _caput_ deste artigo,
> > considera-se:
> >
> > I - custeio, expansão e melhoria do serviço de iluminação pública: a
> > aquisição, a implementação, a instalação, a expansão, a manutenção,
> > a operação, a gestão e o desenvolvimento dos projetos, dos
> > equipamentos, das tecnologias, dos serviços e dos ativos destinados
> > à prestação de serviços relativos à rede de iluminação pública,
> > temporária ou permanente, com o objetivo de prover iluminância em
> > vias, logradouros públicos e equipamentos públicos comunitários e
> > urbanos, em qualquer área do território municipal ou distrital; e
> >
> > II - custeio, expansão e melhoria de sistemas de monitoramento para
> > segurança e preservação de logradouros públicos: a aquisição, a
> > implementação, a instalação, a expansão, a manutenção, a operação, a
> > gestão e o desenvolvimento dos projetos, dos sistemas, das
> > tecnologias, dos meios de transmissão da informação, da
> > infraestrutura e dos equipamentos destinados ao monitoramento para
> > administração, controle, segurança, preservação e prevenção a
> > desastres em vias, logradouros públicos e equipamentos públicos
> > comunitários e urbanos, em qualquer área do território municipal ou
> > distrital, incluídos os ativos necessários ao funcionamento de
> > centros integrados de operação e controle e à integração de sistemas
> > de gestão de monitoramento pela administração pública.
> >
> > § 2º É facultada a cobrança da contribuição a que se refere o _caput_ deste artigo na fatura de consumo de energia elétrica.”

Art. 166. A [Lei Complementar nº 63, de 11 de \\
janeiro de 1990](https://www.planalto.gov.br/ccivil_03/leis/lcp/Lcp63.htm), passa a vigorar com as seguintes alterações:

> > “Art. 3º
> > ......................................................................................................................................
> >
> >
> > [I -](https://www.planalto.gov.br/ccivil_03/leis/lcp/Lcp63.htm#art3-1) 65% (sessenta e cinco por cento),
> > no mínimo, na proporção do valor adicionado nas operações relativas
> > à circulação de mercadorias e na prestação de serviços realizadas em
> > seus territórios;
> >
> > [II -](https://www.planalto.gov.br/ccivil_03/leis/lcp/Lcp63.htm#art3-2) até 35% (trinta e cinco por
> > cento), de acordo com o que dispuser lei estadual, observada,
> > obrigatoriamente, a distribuição de, no mínimo, 10 (dez) pontos
> > percentuais, com base em indicadores de melhoria nos resultados de
> > aprendizagem e de aumento da equidade, considerado o nível
> > socioeconômico dos educandos.
> >
> > .....................................................................................................................................................
> > ” (NR)
> >
> > [“Art. 5º](https://www.planalto.gov.br/ccivil_03/leis/lcp/Lcp63.htm#art5.0) Até o segundo dia útil de
> > cada semana, o estabelecimento oficial de crédito entregará a cada
> > Município, mediante crédito em conta individual, a parcela que a
> > este pertencer, do valor dos depósitos ou remessas feitos, na semana
> > imediatamente anterior, referente ao imposto de que trata o art. 3º
> > desta Lei Complementar.
> >
> > Parágrafo único. Para efeito de entrega das parcelas a partir do
> > exercício financeiro de 2033, o Estado aplicará os índices
> > percentuais vigentes no exercício financeiro de 2032.” (NR)

Art. 167. O § 1º do art. 13 da [Lei Complementar \\
nº 87, de 13 de setembro de 1996](https://www.planalto.gov.br/ccivil_03/leis/lcp/Lcp87.htm) (Lei Kandir), passa a vigorar acrescido
do seguinte inciso III:

> > “Art. 13.
> > .....................................................................................................................................
> >
> >
> > .............................................................................................................................................................
> >
> >
> > § 1º
> > ...........................................................................................................................................
> >
> >
> > .............................................................................................................................................................
> >
> >
> > [III -](https://www.planalto.gov.br/ccivil_03/leis/lcp/Lcp87.htm#art13%C2%A71-3) a partir de 1º de janeiro de
> > 2027, o valor correspondente ao Imposto Seletivo a que se refere o
> > [inciso VIII \\
> > do _caput_ do art. 153 da Constituição Federal.](https://www.planalto.gov.br/ccivil_03/Constituicao/Constituicao.htm#art153-8)
> >
> > .....................................................................................................................................................
> > ” (NR)

Art. 168. A [Lei Complementar nº 123, de 14 de \\
dezembro de 2006](https://www.planalto.gov.br/ccivil_03/leis/lcp/Lcp123.htm), passa a vigorar com as seguintes alterações:

> > [“Art. 22.](https://www.planalto.gov.br/ccivil_03/leis/lcp/Lcp123.htm#art22.0) O CGSN definirá o sistema
> > de repasses do total arrecadado, inclusive encargos legais, para o:
> >
> > .............................................................................................................................................................
> >
> >
> > [IV -](https://www.planalto.gov.br/ccivil_03/leis/lcp/Lcp123.htm#art22-4) Comitê Gestor do Imposto sobre
> > Bens e Serviços (CGIBS), do valor correspondente ao Imposto sobre
> > Bens e Serviços (IBS), ressalvado o disposto nos incisos V e VI
> > deste _caput_;
> >
> > V - Município, ou o Distrito Federal, do estabelecimento, do valor
> > correspondente a 50% (cinquenta por cento) do valor do IBS recolhido
> > pelo MEI; e
> >
> > VI - Estado, ou o Distrito Federal, do estabelecimento, do valor
> > correspondente a 50% (cinquenta por cento) do valor do IBS recolhido
> > pelo MEI.
> >
> > .....................................................................................................................................................
> > ” (NR)
> >
> > [“Art. 33.](https://www.planalto.gov.br/ccivil_03/leis/lcp/Lcp123.htm#art33.0) A competência para
> > fiscalizar o cumprimento das obrigações principais e acessórias
> > relativas ao Simples Nacional e para verificar a ocorrência das
> > hipóteses previstas no art. 29 desta Lei Complementar é da
> > Secretaria Especial da Receita Federal do Brasil do Ministério da
> > Fazenda e das secretarias de fazenda ou de finanças do Estado, do
> > Distrito Federal ou do Município.
> >
> > .....................................................................................................................................................
> > ” (NR)
> >
> > [“Art. 39.](https://www.planalto.gov.br/ccivil_03/leis/lcp/Lcp123.htm#art39.0) Observados os
> > dispositivos legais relativos aos processos administrativos fiscais
> > de cada ente federativo e o disposto em relação ao processo
> > administrativo tributário do IBS, o contencioso administrativo
> > relativo ao Simples Nacional será de competência:
> >
> > I - dos órgãos julgadores integrantes da estrutura administrativa
> > tributária da União, quando versar sobre o lançamento, o
> > indeferimento da opção ou a exclusão de ofício realizados pela
> > Secretaria Especial da Receita Federal do Brasil;
> >
> > II - dos Estados, Distrito Federal e Municípios, por meio do CGIBS,
> > quando versar sobre o lançamento, o indeferimento da opção ou a
> > exclusão de ofício por eles realizados em decorrência do IBS;
> >
> > III - dos órgãos julgadores integrantes da estrutura administrativa
> > do Estado, Distrito Federal ou Município que efetuar o lançamento, o
> > indeferimento da opção ou a exclusão de ofício não relacionados ao
> > IBS.
> >
> > [§ 1º](https://www.planalto.gov.br/ccivil_03/leis/lcp/Lcp123.htm#art39%C2%A71.0) No caso do inciso III do _caput_ deste artigo, o Município poderá, mediante convênio,
> > transferir a atribuição de julgamento exclusivamente ao respectivo
> > Estado em que se localiza.
> >
> > .............................................................................................................................................................
> >
> >
> > [§ 2º-A.](https://www.planalto.gov.br/ccivil_03/leis/lcp/Lcp123.htm#art39%C2%A72a) No caso em que seja
> > apurada omissão de receita, de que não se consiga identificar a
> > origem em relação ao contribuinte do Simples Nacional, a autuação
> > utilizará a maior alíquota prevista nesta Lei Complementar.
> >
> > .............................................................................................................................................................
> >
> >
> > [§ 5º](https://www.planalto.gov.br/ccivil_03/leis/lcp/Lcp123.htm#art39%C2%A75.0) A impugnação relativa ao
> > indeferimento da opção ou à exclusão poderá ser decidida em órgão
> > diverso do previsto nos incisos I a III do _caput_ deste
> > artigo, na forma estabelecida pela respectiva administração
> > tributária.
> >
> > .....................................................................................................................................................
> > ” (NR)
> >
> > “Art. 41.
> > .....................................................................................................................................
> >
> >
> > .............................................................................................................................................................
> >
> >
> > [§ 4º](https://www.planalto.gov.br/ccivil_03/leis/lcp/Lcp123.htm#art41%C2%A74.1) Aplica-se o disposto neste
> > artigo aos impostos e às contribuições que não tenham sido
> > recolhidos resultantes das informações prestadas nas declarações a
> > que se referem o § 15 do art. 18 e os arts. 25 e 25-B.
> >
> > [I -](https://www.planalto.gov.br/ccivil_03/leis/lcp/Lcp123.htm#art41%C2%A74-1) (revogado);
> >
> > [II -](https://www.planalto.gov.br/ccivil_03/leis/lcp/Lcp123.htm#art41%C2%A74-2) (revogado);
> >
> > .....................................................................................................................................................
> > ” (NR)

Art. 169. A [Lei Complementar nº 123, de 14 de dezembro de 2006](https://www.planalto.gov.br/ccivil_03/leis/lcp/Lcp123.htm), passa
a vigorar com as seguintes alterações:    [Produção de efeitos](https://www.planalto.gov.br/ccivil_03/leis/lcp/Lcp227.htm#art182)

> > “Art. 18.
> > .....................................................................................................................................
> >
> >
> > .............................................................................................................................................................
> >
> >
> > § 4º O contribuinte deverá considerar, destacadamente, para fim de
> > pagamento, as receitas decorrentes de:
> >
> > .............................................................................................................................................................
> >
> >
> > VIII - operações com serviços e com bens imateriais, inclusive
> > direitos, sobre as quais incidem o IBS e a CBS e não incidem o ISS e
> > o ICMS, que serão tributadas na forma do Anexo III desta Lei
> > Complementar, e sobre as quais deverá ser deduzida a parcela
> > correspondente ao ISS; e
> >
> > IX - operações com os demais bens materiais, no caso em que incidem
> > o IBS e a CBS, mas não incide o ICMS, que serão tributadas na forma
> > do Anexo I desta Lei Complementar, observado o disposto no inciso
> > II, e sobre as quais deverá ser deduzida a parcela correspondente ao
> > ICMS.
> >
> > .....................................................................................................................................................
> > ” (NR)
> >
> > “Art. 18-A.
> > .................................................................................................................................
> >
> >
> > .............................................................................................................................................................
> >
> >
> > § 7º
> > ...........................................................................................................................................
> >
> >
> > I - por opção, que deverá ser efetuada até 31 de dezembro do
> > ano-calendário, na forma disciplinada pelo Comitê Gestor, produzindo
> > efeitos a partir de 1º de janeiro do ano-calendário subsequente ao
> > da comunicação;
> >
> > .....................................................................................................................................................
> > ” (NR)
> >
> > “Art. 21.
> > .....................................................................................................................................
> >
> >
> > .............................................................................................................................................................
> >
> >
> > § 4º
> > ...........................................................................................................................................
> >
> >
> > I - a alíquota aplicável na retenção na fonte deverá ser informada
> > no documento fiscal e corresponderá à alíquota efetiva de ISS a que
> > a microempresa ou a empresa de pequeno porte estiver sujeita no mês
> > da prestação;
> >
> > .....................................................................................................................................................
> > ” (NR)
> >
> > “Art. 33.
> > .....................................................................................................................................
> >
> >
> > .............................................................................................................................................................
> >
> >
> > § 1º-C. As autoridades fiscais de que trata o _caput_ deste
> > artigo têm competência para efetuar o lançamento de todos os
> > tributos previstos nos incisos I a X do _caput_ do art. 13
> > desta Lei Complementar, apurados na forma do Simples Nacional,
> > relativamente a todos os estabelecimentos da empresa,
> > independentemente do ente federativo instituidor do tributo.
> >
> > .....................................................................................................................................................
> > ” (NR)
> >
> > “Art. 38-B.
> > .................................................................................................................................
> >
> >
> > .............................................................................................................................................................
> >
> >
> > II - 60% (sessenta por cento) para as microempresas ou empresas de
> > pequeno porte optantes pelo Simples Nacional.
> >
> > Parágrafo único.
> > ........................................................................................................................
> >
> >
> > I - hipótese de sonegação, fraude, simulação, conluio, resistência
> > ou embaraço à fiscalização;
> >
> > .....................................................................................................................................................
> > ” (NR)

Art. 170. A [Lei Complementar nº 141, de 13 de \\
janeiro de 2012](https://www.planalto.gov.br/ccivil_03/leis/lcp/Lcp141.htm), passa a vigorar com as seguintes alterações:

> > [“Art. \\
> > 6º](https://www.planalto.gov.br/ccivil_03/leis/lcp/Lcp141.htm#art6.0)
> >
> > Os Estados e o Distrito Federal aplicarão, anualmente, em ações e
> > serviços públicos de saúde, no mínimo 12% (doze por cento) da
> > arrecadação dos impostos a que se refere o
> > [art. 155](https://www.planalto.gov.br/ccivil_03/Constituicao/Constituicao.htm#art155),
> > dos recursos de que tratam o [art. 157](https://www.planalto.gov.br/ccivil_03/Constituicao/Constituicao.htm#art157)
> > e a [alínea “a” do inciso I](https://www.planalto.gov.br/ccivil_03/Constituicao/Constituicao.htm#art159ia)
> > e o [inciso II do _caput_\\
> > do art. 159](https://www.planalto.gov.br/ccivil_03/Constituicao/Constituicao.htm#art159ii)
> > e da receita distribuída aos Estados e ao Distrito Federal, no
> > exercício de sua competência estadual, referente ao imposto de que
> > trata o [art. 156-A, \\
> > todos da Constituição Federal,](https://www.planalto.gov.br/ccivil_03/Constituicao/Constituicao.htm#art156a)
> > deduzidas as parcelas que forem transferidas aos respectivos
> > Municípios.
> >
> > .....................................................................................................................................................
> > ” (NR)
> >
> > [“Art. 7º](https://www.planalto.gov.br/ccivil_03/leis/lcp/Lcp141.htm#art7.0) Os Municípios e o Distrito
> > Federal aplicarão, anualmente, em ações e serviços públicos de
> > saúde, no mínimo 15% (quinze por cento) da arrecadação dos impostos
> > a que se refere o [art. 156](https://www.planalto.gov.br/ccivil_03/Constituicao/Constituicao.htm#art156),
> > dos recursos de que tratam o [art. 158](https://www.planalto.gov.br/ccivil_03/Constituicao/Constituicao.htm#art158)
> > e a [alínea “b” do inciso I do\\
> > _caput_](https://www.planalto.gov.br/ccivil_03/Constituicao/Constituicao.htm#art159ib)
> > e o [§ 3º do art. 159](https://www.planalto.gov.br/ccivil_03/Constituicao/Constituicao.htm#art159%C2%A73)
> > e da receita distribuída aos Municípios e ao Distrito Federal, no
> > exercício de sua competência municipal, referente ao imposto de que
> > trata o [art. 156-A, \\
> > todos da Constituição Federal.](https://www.planalto.gov.br/ccivil_03/Constituicao/Constituicao.htm#art156a)
> >
> > .....................................................................................................................................................
> > ” (NR)

Art. 171. O _caput_ do art. 3º da
[Lei nº 14.113, de 25 de \\
dezembro de 2020](https://www.planalto.gov.br/ccivil_03/_Ato2019-2022/2020/Lei/L14113.htm), passa a vigorar acrescido do seguinte inciso X:

> > “Art. 3º
> > ......................................................................................................................................
> >
> >
> > .............................................................................................................................................................
> >
> >
> > [X -](https://www.planalto.gov.br/ccivil_03/_Ato2019-2022/2020/Lei/L14113.htm#art3-10)
> > parcela do produto da arrecadação do Imposto sobre Bens e Serviços (IBS)
> > devida aos Estados e ao Distrito Federal no exercício de sua
> > competência estadual, prevista no [art. 156-A](https://www.planalto.gov.br/ccivil_03/Constituicao/Constituicao.htm#art156a),
> > combinado com a [alínea “b” \\
> > do inciso IV do caput do art. 158, ambos da Constituição Federal.](https://www.planalto.gov.br/ccivil_03/Constituicao/Constituicao.htm#art158-4b)
> >
> > .....................................................................................................................................................
> > ” (NR)

Art. 172. A [Lei nº 1.079, de 10 de abril de \\
1950](https://www.planalto.gov.br/ccivil_03/leis/L1079.htm), passa a vigorar acrescida da seguinte Parte Quinta:

> > [“PARTE QUINTA](https://www.planalto.gov.br/ccivil_03/leis/L1079.htm#partequinta)
> >
> > TÍTULO ÚNICO
> >
> > CAPÍTULO ÚNICO
> >
> > DO PRESIDENTE DO COMITÊ GESTOR DO
> > IMPOSTO SOBRE BENS E SERVIÇOS (CGIBS)
> >
> > [Art. 79-A.](https://www.planalto.gov.br/ccivil_03/leis/L1079.htm#art79a)
> > São crimes de responsabilidade do Presidente do CGIBS:
> >
> > I - omitir ou retardar dolosamente a publicação dos atos do CGIBS;
> >
> > II - deixar de prestar as contas relativas ao exercício anterior aos
> > Poderes Legislativos dos entes federativos de origem dos membros
> > titulares do Conselho Superior do CGIBS, até 30 de abril;
> >
> > III - deixar de comparecer, sem justificação adequada, perante a
> > Câmara dos Deputados ou o Senado Federal, ou qualquer das suas
> > comissões, quando convocado para prestar pessoalmente informações
> > acerca de assunto previamente determinado;
> >
> > IV - deixar de prestar à Câmara dos Deputados ou ao Senado Federal,
> > no prazo de 30 (trinta) dias, sem motivo justo, as informações que
> > lhe forem solicitadas por escrito, ou prestá-las com falsidade;
> >
> > V - os demais atos definidos nesta Lei, quando por ele praticados ou
> > ordenados, ressalvados os constantes dos itens 1 e 2 do art. 9º e do
> > item 1 do art. 10.
> >
> > [Art. 79-B.](https://www.planalto.gov.br/ccivil_03/leis/L1079.htm#art79b)
> > O processo e o julgamento do Presidente do CGIBS observarão o
> > disposto nesta Lei para o Presidente da República e os Ministros de
> > Estado, inclusive quanto às sanções aplicáveis.”

Art. 173. O [Decreto nº 70.235, \\
de 6 de março de 1972](https://www.planalto.gov.br/ccivil_03/decreto/D70235cons.htm), passa a vigorar com as seguintes alterações:

> > [“Art. 5º](https://www.planalto.gov.br/ccivil_03/decreto/D70235cons.htm#art5.0) Na
> > contagem dos prazos previstos neste Decreto:
> >
> > I - serão considerados os dias corridos, salvo se houver disposição
> > em contrário; e
> >
> > II - será excluído da contagem o dia do início e incluído o dia do
> > vencimento.
> >
> > .....................................................................................................................................................
> > ” (NR)
> >
> > [“Art. 5º-A.](https://www.planalto.gov.br/ccivil_03/decreto/D70235cons.htm#art5a)
> > Suspende-se o curso do prazo processual nos dias compreendidos entre
> > 20 de dezembro e 20 de janeiro, inclusive.
> >
> > Parágrafo único. No período referido no _caput_ deste artigo,
> > não serão realizadas sessões de julgamento no órgão referido no
> > inciso II do art. 25 deste Decreto.”
> >
> > [“Art. 5º-B.](https://www.planalto.gov.br/ccivil_03/decreto/D70235cons.htm#art5b) Se não
> > houver prazo expressamente previsto neste Decreto, será de 10 (dez)
> > dias úteis o prazo para a realização de ato a cargo do sujeito
> > passivo ou da Fazenda Pública.”
> >
> > “Art. 7º
> > ......................................................................................................................................
> >
> >
> > .............................................................................................................................................................
> >
> >
> > [§ 2º](https://www.planalto.gov.br/ccivil_03/decreto/D70235cons.htm#art7%C2%A72.0) Para os
> > efeitos do disposto no § 1º, os atos referidos nos incisos I e II do
> > _caput_ deste artigo valerão pelo prazo de 90 (noventa) dias,
> > prorrogável, sucessivamente, por igual período, com qualquer outro
> > ato escrito que indique o prosseguimento dos trabalhos.” (NR)
> >
> > “Art. 10.
> > .....................................................................................................................................
> >
> >
> > .............................................................................................................................................................
> >
> >
> > [V -](https://www.planalto.gov.br/ccivil_03/decreto/D70235cons.htm#art10v.0) a
> > determinação da exigência e a intimação para cumpri-la ou impugná-la
> > no prazo de 20 (vinte) dias úteis;
> >
> > .....................................................................................................................................................
> > ” (NR)
> >
> > [“Art. 15.](https://www.planalto.gov.br/ccivil_03/decreto/D70235cons.htm#art15.0) A
> > impugnação, formalizada por escrito e instruída com os documentos em
> > que se fundamentar, será apresentada ao órgão preparador no prazo de
> > 20 (vinte) dias úteis, contado da data em que for feita a intimação
> > da exigência.
> >
> > .....................................................................................................................................................
> > ” (NR)
> >
> > “Art. 27.
> > .....................................................................................................................................
> >
> >
> > [§ 1º](https://www.planalto.gov.br/ccivil_03/decreto/D70235cons.htm#art27%C2%A71)
> > ...........................................................................................................................................
> >
> >
> > § 2º Relativamente ao processo relacionado em pauta de julgamento, é
> > facultado ao sujeito passivo o pedido de retirada de pauta de sessão
> > de julgamento agendada para o período referido no art. 5º-A deste
> > Decreto, conforme disciplinado em ato do Secretário Especial da
> > Receita Federal do Brasil.” (NR)
> >
> > [“Art. 33.](https://www.planalto.gov.br/ccivil_03/decreto/D70235cons.htm#art33.0) Da
> > decisão caberá recurso voluntário, total ou parcial, com efeito
> > suspensivo, dentro dos 20 (vinte) dias úteis seguintes à ciência da
> > decisão.
> >
> > .....................................................................................................................................................
> > ” (NR)
> >
> > “Art. 37.
> > .....................................................................................................................................
> >
> >
> > .............................................................................................................................................................
> >
> >
> > [§ 5º](https://www.planalto.gov.br/ccivil_03/decreto/D70235cons.htm#art39%C2%A75) No caso do
> > inciso II do § 2º deste artigo, em se tratando de contencioso
> > relativo à Contribuição Social sobre Bens e Serviços, o recurso
> > especial será cabível somente em relação à legislação específica da
> > contribuição e o prazo para sua interposição será de 10 (dez) dias
> > úteis da ciência do acórdão ao interessado.” (NR)

Art. 174. A [Lei Complementar nº 214, de 16 de janeiro de 2025](https://www.planalto.gov.br/ccivil_03/leis/lcp/Lcp214.htm), passa a
vigorar com as seguintes alterações:

> > “Art. 3º
> > ......................................................................................................................................
> >
> >
> > .............................................................................................................................................................
> >
> >
> > [§ 3º](https://www.planalto.gov.br/ccivil_03/leis/lcp/Lcp214.htm#art3%C2%A73) Incluem-se nas operações de que trata a alínea “a” do inciso I
> > do _caput_ deste artigo a locação, o arrendamento e a cessão
> > temporária do bem.” (NR)
> >
> > “Art. 4º
> > ......................................................................................................................................
> >
> >
> > .............................................................................................................................................................
> >
> >
> > [§ 4º](https://www.planalto.gov.br/ccivil_03/leis/lcp/Lcp214.htm#art4%C2%A74) O IBS e a CBS incidem sobre qualquer operação com bem ou com
> > serviço realizada pelo contribuinte, incluindo aquelas realizadas
> > com ativo não circulante ou no exercício de atividade econômica não
> > habitual.
> >
> > .............................................................................................................................................................
> >
> >
> > [§ 6º](https://www.planalto.gov.br/ccivil_03/leis/lcp/Lcp214.htm#art4%C2%A76) A aquisição e o fornecimento, por pessoa física caracterizada
> > como contribuinte, de bens e serviços não relacionados ao
> > desenvolvimento de sua atividade econômica sujeitam-se às mesmas
> > regras aplicáveis aos não contribuintes.” (NR)
> >
> > “Art. 5º
> > ......................................................................................................................................
> >
> >
> > [I -](https://www.planalto.gov.br/ccivil_03/leis/lcp/Lcp214.htm#art5-1) fornecimento não oneroso ou a valor inferior ao de mercado de
> > bens e serviços:
> >
> > a) adquiridos pelo contribuinte, que tenham permitido a apropriação
> > de créditos de IBS e de CBS, para:
> >
> > 1\. o próprio contribuinte, caso este seja pessoa física;
> >
> > 2\. as pessoas físicas que sejam sócias, acionistas, administradoras
> > e membros de conselhos de administração e fiscal e comitês de
> > assessoramento do conselho de administração do contribuinte
> > previstos em lei;
> >
> > 3\. os empregados do contribuinte; e
> >
> > 4\. os cônjuges, companheiros ou parentes, consanguíneos ou afins,
> > até o terceiro grau, das pessoas físicas referidas nos itens 1 a 3
> > desta alínea;
> >
> > b) produzidos ou prestados pelo contribuinte para:
> >
> > 1\. as pessoas físicas de que tratam os itens 2 e 3 da alínea “a”
> > deste inciso; e
> >
> > 2\. os cônjuges, companheiros ou parentes, consanguíneos ou afins,
> > até o terceiro grau, das pessoas físicas referidas no item 1 desta
> > alínea; e
> >
> > c) nas demais hipóteses previstas nesta Lei Complementar;
> >
> > .............................................................................................................................................................
> >
> >
> > [§ 8º](https://www.planalto.gov.br/ccivil_03/leis/lcp/Lcp214.htm#art5%C2%A78) Não se aplica o disposto nas alíneas “a” e “b” do inciso I do
> > _caput_ deste artigo ao fornecimento às pessoas físicas neles
> > referidas de bens e serviços utilizados preponderantemente na
> > atividade econômica do contribuinte, conforme os critérios previstos
> > nos incisos IV e V do § 3º do art. 57 desta Lei Complementar.
> >
> > § 9º O fornecimento não oneroso ou a valor inferior ao de mercado
> > dos bens e serviços nas hipóteses de que tratam as alíneas “a” e “b”
> > do inciso I do _caput_ deste artigo será tributado em montante
> > equivalente ao IBS e à CBS incidentes sobre o valor de mercado do
> > bem ou serviço.
> >
> > § 10\. O regulamento disporá sobre critérios simplificados e
> > opcionais para a tributação do fornecimento dos bens e serviços nas
> > hipóteses de que tratam as alíneas “a” e “b” do inciso I do _caput_
> > deste artigo para utilização temporária pelas pessoas físicas neles
> > referidas.” (NR)
> >
> > “Art. 6º
> > ......................................................................................................................................
> >
> >
> > .............................................................................................................................................................
> >
> >
> > [XII -](https://www.planalto.gov.br/ccivil_03/leis/lcp/Lcp214.htm#art6-12) as contribuições associativas estatutárias, de natureza não contraprestacional e destinadas à manutenção das associações civis
> > sem fins econômicos que atendam aos requisitos previstos no
> > [art. 14 \\
> > da Lei nº 5.172, de 25 de outubro de 1966](https://www.planalto.gov.br/ccivil_03/leis/L5172.htm#art14) (Código Tributário
> > Nacional).
> >
> > .....................................................................................................................................................
> > ” (NR)
> >
> > [“Art. 7º-A.](https://www.planalto.gov.br/ccivil_03/leis/lcp/Lcp214.htm#art7a) Caso seja possível a aplicação de mais de um dos
> > seguintes institutos à mesma operação, prevalecerá a ordem de
> > aplicação a seguir:
> >
> > I - redução a zero de alíquota;
> >
> > II - suspensão com conversão em alíquota zero;
> >
> > III - isenção;
> >
> > IV - diferimento; e
> >
> > V - redução de alíquota distinta daquela de que trata o inciso I.
> >
> > Parágrafo único. Caso seja possível a aplicação de mais de uma
> > redução de alíquota à mesma operação:
> >
> > I - somente em caso de previsão expressa haverá a aplicação
> > cumulativa das reduções; e
> >
> > II - não havendo previsão de cumulação, prevalecerá a maior
> > redução.”
> >
> > “Art. 10.
> > .....................................................................................................................................
> >
> >
> > .............................................................................................................................................................
> >
> >
> > [§ 3º](https://www.planalto.gov.br/ccivil_03/leis/lcp/Lcp214.htm#art10%C2%A73) Nas operações de execução continuada ou fracionada,
> > considera-se ocorrido o fato gerador na primeira entre as seguintes
> > ocorrências:
> >
> > I - quando se torna exigível a parte da contraprestação
> > correspondente a cada pagamento; ou
> >
> > II - pagamento da obrigação decorrente do fornecimento.
> >
> > § 4º
> > ...........................................................................................................................................
> >
> >
> > I -
> > .............................................................................................................................................
> >
> >
> > a)
> > .............................................................................................................................................
> >
> >
> > .............................................................................................................................................................
> >
> >
> > [2.](https://www.planalto.gov.br/ccivil_03/leis/lcp/Lcp214.htm#art10%C2%A74-1a.2) as alíquotas serão aquelas vigentes e aplicáveis à operação na
> > data da emissão do documento fiscal eletrônico que corresponda ao
> > pagamento ou na data do pagamento, o que ocorrer primeiro;
> >
> > .............................................................................................................................................................
> >
> >
> > II -
> > .............................................................................................................................................
> >
> >
> > .............................................................................................................................................................
> >
> >
> > [c)](https://www.planalto.gov.br/ccivil_03/leis/lcp/Lcp214.htm#art10%C2%A74-2c) caso os valores das antecipações sejam superiores aos
> > definitivos, observar-se-ão as regras aplicáveis ao pagamento
> > indevido ou a maior.
> >
> > [§ 5º](https://www.planalto.gov.br/ccivil_03/leis/lcp/Lcp214.htm#art10%C2%A75) Na hipótese do § 4º deste artigo, caso não ocorra o
> > fornecimento a que se refere o pagamento, inclusive em decorrência
> > de distrato, observar-se-ão as regras aplicáveis ao cancelamento.
> >
> > § 6º A extinção dos débitos de que trata o § 4º permitirá ao
> > adquirente a apropriação de crédito nos termos dos arts. 47 a 57
> > desta Lei Complementar.
> >
> > § 7º O regulamento estabelecerá hipóteses em que, observado o prazo
> > máximo de 5 (cinco) dias entre o pagamento antecipado e a data do
> > fornecimento, as antecipações de que trata a alínea “a” do inciso I
> > do § 4º deste artigo poderão constar como débitos no período de
> > apuração do fornecimento.” (NR)
> >
> > “Art. 11.
> > .....................................................................................................................................
> >
> >
> > .............................................................................................................................................................
> >
> >
> > [X -](https://www.planalto.gov.br/ccivil_03/leis/lcp/Lcp214.htm#art11-10) bem ou serviço não abrangido pelos demais incisos deste artigo:
> >
> > [a)](https://www.planalto.gov.br/ccivil_03/leis/lcp/Lcp214.htm#art11-10.a) se a operação for onerosa:
> >
> > 1\. o local do domicílio principal do adquirente residente ou
> > domiciliado no País; ou
> >
> > 2\. o local do domicílio principal do destinatário residente ou
> > domiciliado no País, caso o adquirente não seja residente ou
> > domiciliado no País.
> >
> > [b)](https://www.planalto.gov.br/ccivil_03/leis/lcp/Lcp214.htm#art11-10.b) se a operação for não onerosa, o local do domicílio principal do
> > destinatário residente ou domiciliado no País.
> >
> > .............................................................................................................................................................
> >
> >
> > § 4º
> > ...........................................................................................................................................
> >
> >
> > [I -](https://www.planalto.gov.br/ccivil_03/leis/lcp/Lcp214.htm#art11%C2%A74-1) os serviços de que trata o inciso IX do _caput_ deste
> > artigo e a locação de bem móvel material serão considerados
> > fornecidos no domicílio principal do adquirente; e
> >
> > .............................................................................................................................................................
> >
> >
> > § 7º
> > ...........................................................................................................................................
> >
> >
> > .............................................................................................................................................................
> >
> >
> > [II -](https://www.planalto.gov.br/ccivil_03/leis/lcp/Lcp214.htm#art11%C2%A77-2) o local do estabelecimento principal do adquirente, definido
> > nos termos do § 4º deste artigo, nas operações que não envolvam
> > efetivo consumo:
> >
> > .............................................................................................................................................................
> >
> >
> > [§ 8º](https://www.planalto.gov.br/ccivil_03/leis/lcp/Lcp214.htm#art11%C2%A78) (Revogado).
> >
> > [§ 9º](https://www.planalto.gov.br/ccivil_03/leis/lcp/Lcp214.htm#art11%C2%A79) Nas aquisições de energia elétrica realizadas de forma
> > multilateral, considera-se local da operação o do estabelecimento do
> > agente ou de seus representados que figurem na posição devedora da
> > liquidação financeira apurada pela Câmara de Comercialização de
> > Energia Elétrica.
> >
> > .....................................................................................................................................................
> > ” (NR)
> >
> > “Art. 12.
> > .....................................................................................................................................
> >
> >
> > .............................................................................................................................................................
> >
> >
> > § 3º (VETADO).
> >
> > § 4º
> > ...........................................................................................................................................
> >
> >
> > .............................................................................................................................................................
> >
> >
> > III - (VETADO); e
> >
> > .............................................................................................................................................................
> >
> >
> > [§ 9º](https://www.planalto.gov.br/ccivil_03/leis/lcp/Lcp214.htm#art12%C2%A79) Nas aquisições de energia elétrica realizadas de forma
> > multilateral, a base de cálculo é o valor da liquidação financeira
> > apurada pela Câmara de Comercialização de Energia Elétrica,
> > observada a participação proporcional dos estabelecimentos do agente
> > ou de seus representados.” (NR)
> >
> > “Art. 16.
> > .....................................................................................................................................
> >
> >
> > [Parágrafo único.](https://www.planalto.gov.br/ccivil_03/leis/lcp/Lcp214.htm#art16p) As reduções de alíquotas estabelecidas nos regimes
> > diferenciados e específicos de que tratam os Títulos IV e V deste
> > Livro serão aplicadas sobre a alíquota de cada ente federativo,
> > ressalvados os casos de aplicação de alíquota nacionalmente
> > uniforme.” (NR)
> >
> > “Art. 22.
> > .....................................................................................................................................
> >
> >
> > .............................................................................................................................................................
> >
> >
> > [II -](https://www.planalto.gov.br/ccivil_03/leis/lcp/Lcp214.htm#art22-2) solidariamente com o fornecedor residente e domiciliado no
> > País, caso:
> >
> > [a)](https://www.planalto.gov.br/ccivil_03/leis/lcp/Lcp214.htm#art22-2a) a plataforma digital não forneça as informações previstas no § 5º
> > deste artigo; ou
> >
> > [b)](https://www.planalto.gov.br/ccivil_03/leis/lcp/Lcp214.htm#art22-2b) o fornecedor:
> >
> > 1\. seja contribuinte, ainda que não inscrito nos termos do § 1º do
> > art. 21 desta Lei Complementar; e
> >
> > 2\. não emita documento fiscal eletrônico no valor da operação
> > realizada por meio da plataforma.
> >
> > .............................................................................................................................................................
> >
> >
> > [§ 7º](https://www.planalto.gov.br/ccivil_03/leis/lcp/Lcp214.htm#art22%C2%A77) A plataforma digital não será responsável pelo pagamento de
> > eventuais diferenças entre os valores de IBS e CBS recolhidos e
> > aqueles devidos na operação pelo fornecedor residente e domiciliado
> > no País caso:
> >
> > I - seja possível realizar o _split payment_ na liquidação
> > financeira da operação e a plataforma digital apresente as
> > informações de que trata o § 6º deste artigo; e
> >
> > II - a plataforma digital apresente as informações de que trata o
> > § 5º deste artigo.
> >
> > [§ 8º](https://www.planalto.gov.br/ccivil_03/leis/lcp/Lcp214.htm#art22%C2%A78) (Revogado).
> >
> > [§ 9º](https://www.planalto.gov.br/ccivil_03/leis/lcp/Lcp214.htm#art22%C2%A79) (Revogado).
> >
> > .............................................................................................................................................................
> >
> >
> > [§ 13.](https://www.planalto.gov.br/ccivil_03/leis/lcp/Lcp214.htm#art22%C2%A713) A plataforma digital poderá optar, com anuência do fornecedor,
> > na forma estabelecida em regulamento, por ser substituta tributária
> > em relação às operações que intermediar de fornecedor residente ou
> > domiciliado no País, hipótese na qual deverá:
> >
> > I - emitir documentos fiscais eletrônicos relativos às operações do
> > fornecedor substituído, inclusive de forma consolidada;
> >
> > II - apurar o IBS e a CBS decorrentes das mencionadas operações de
> > acordo com o disposto nos incisos I ou II do § 10 deste artigo,
> > conforme o caso; e
> >
> > III - pagar o IBS e a CBS com base no valor e nas demais informações
> > da operação intermediada pela plataforma, mantida a obrigação do
> > fornecedor em relação a eventuais diferenças.
> >
> > [§ 14.](https://www.planalto.gov.br/ccivil_03/leis/lcp/Lcp214.htm#art22%C2%A714) Na hipótese da alínea “b” do inciso II do _caput_ deste
> > artigo, caso a plataforma emita o documento fiscal no prazo de 30
> > (trinta) dias contado da data em que o fornecedor deveria tê-lo
> > emitido e pague o IBS e a CBS conforme regulamento, com base no
> > valor e nas demais informações da operação por ela intermediada, os
> > acréscimos de que trata o § 2º do art. 29 desta Lei Complementar e a
> > penalidade por falta de emissão do documento fiscal serão exigidos
> > exclusivamente do fornecedor.
> >
> > [§ 15.](https://www.planalto.gov.br/ccivil_03/leis/lcp/Lcp214.htm#art22%C2%A715) Nas hipóteses dos §§ 12, 13 e 14 deste artigo, a plataforma
> > digital fica autorizada a calcular os débitos de IBS e de CBS pelas
> > alíquotas de referência no caso de indisponibilidade de informação
> > quanto às regras tributárias aplicáveis ao fornecedor e eventual
> > diferença do IBS e da CBS devidos na operação deverá ser:
> >
> > I - paga pelo fornecedor, caso as alíquotas incidentes sejam maiores
> > que as alíquotas de referência; ou
> >
> > II - devolvida caso as alíquotas incidentes sejam menores que as
> > alíquotas de referência.” (NR)
> >
> > “Art. 26.
> > .....................................................................................................................................
> >
> >
> > .............................................................................................................................................................
> >
> >
> > [V -](https://www.planalto.gov.br/ccivil_03/leis/lcp/Lcp214.htm#art26-5.0) fundos de investimento, observado o disposto nos §§ 5º-A a 8º-A
> > deste artigo;
> >
> > .............................................................................................................................................................
> >
> >
> > § 2º
> > ...........................................................................................................................................
> >
> >
> > [I -](https://www.planalto.gov.br/ccivil_03/leis/lcp/Lcp214.htm#art26%C2%A72-1) caso exerça a opção pelo regime regular, nos termos do § 1º
> > deste artigo, o IBS e a CBS incidirão sobre todas as taxas e demais
> > valores cobrados pelo condomínio dos seus condôminos e de terceiros;
> > e
> >
> > .............................................................................................................................................................
> >
> >
> > [§ 5º-A.](https://www.planalto.gov.br/ccivil_03/leis/lcp/Lcp214.htm#art26%C2%A75a) Para fins do disposto no inciso V do _caput_ deste
> > artigo, não são contribuintes do IBS e da CBS:
> >
> > I - os Fundos de Investimento Imobiliário (FII) e os Fundos de
> > Investimento nas Cadeias Produtivas do Agronegócio (Fiagro), de que
> > trata a [Lei nº 8.668, de 25 de junho de 1993](https://www.planalto.gov.br/ccivil_03/leis/L8668.htm), que realizem operações
> > com bens imóveis, inclusive operações com direitos reais sobre bens
> > imóveis, e que, cumulativamente:
> >
> > a) tenham suas cotas admitidas à negociação exclusivamente em bolsas
> > de valores ou mercado de balcão organizado e possuam, no mínimo, 100
> > (cem) cotistas;
> >
> > b) não possuam:
> >
> > 1\. cotista pessoa física titular de cotas que representem 20% (vinte
> > por cento) ou mais da totalidade das cotas emitidas pelos FII ou
> > pelos Fiagro, ou ainda cujas cotas lhe derem direito ao recebimento
> > de rendimento superior a 20% (vinte por cento) do total de
> > rendimentos;
> >
> > 2\. conjunto de cotistas pessoas físicas ligadas, assim entendidos os
> > parentes até segundo grau, titulares de cotas que representem 40%
> > (quarenta por cento) ou mais da totalidade das cotas emitidas pelos
> > FII ou pelos Fiagro, ou ainda cujas cotas lhes deem direito ao
> > recebimento de rendimento superior a 40% (quarenta por cento) do
> > total de rendimentos auferidos pelo fundo;
> >
> > 3\. cotistas pessoas jurídicas que, isoladamente ou em conjunto com
> > cotistas que sejam seu sócio controlador ou suas controladas e
> > coligadas, detenham mais de 50% (cinquenta por cento) das cotas do
> > fundo, exceto quando o cotista for entidade fechada de previdência;
> >
> > II - os FII e os Fiagro que realizem operações com bens imóveis,
> > inclusive operações com direitos reais sobre bens imóveis, e que não
> > atendam às condições estabelecidas no inciso I deste parágrafo,
> > cujas cotas sejam detidas, direta ou indiretamente, em mais de 95%
> > (noventa e cinco por cento), por:
> >
> > a) FII ou Fiagro que atenda ao disposto no inciso I deste parágrafo;
> >
> > b) fundo de investimento constituído no País exclusivamente para
> > acolher recursos de planos de benefícios de previdência complementar
> > e de planos de seguros de pessoas, regulados e fiscalizados pelos
> > órgãos governamentais competentes;
> >
> > c) entidades de previdência e fundos de pensão no País, regulados e
> > fiscalizados pelos órgãos governamentais competentes; ou
> >
> > d) fundo de investimento que, embora não constituído como FII ou
> > Fiagro, atenda aos requisitos previstos nas alíneas “a” e “b” do
> > inciso I deste parágrafo; e
> >
> > III - os demais fundos de investimento cujo patrimônio seja
> > constituído exclusivamente por aplicações em participações
> > societárias, certificados, direitos, títulos, valores mobiliários e
> > demais ativos financeiros permitidos pela Comissão de Valores
> > Mobiliários, observado o disposto no § 6º-A e no § 8º-A deste
> > artigo.
> >
> > [§ 5º-B.](https://www.planalto.gov.br/ccivil_03/leis/lcp/Lcp214.htm#art26%C2%A75b) Não descaracteriza o cumprimento das exigências de que
> > tratam os incisos do § 5º-A deste artigo a posse temporária pelo
> > fundo de investimento de bens obtidos em decorrência de
> > procedimentos judiciais ou extrajudiciais relativos à recuperação de
> > ativos integrantes de sua carteira.
> >
> > .............................................................................................................................................................
> >
> >
> > [§ 6º-A.](https://www.planalto.gov.br/ccivil_03/leis/lcp/Lcp214.htm#art26%C2%A76a) São contribuintes do IBS e da CBS no regime regular:
> >
> > I - os FII e os Fiagro que realizem operações com bens imóveis,
> > inclusive operações com direitos reais sobre bens imóveis, que:
> >
> > a) não atendam às condições estabelecidas no inciso I ou no inciso
> > II do § 5º-A deste artigo; ou
> >
> > b) estejam sujeitos à tributação aplicável às pessoas jurídicas, nos
> > termos da legislação vigente; e
> >
> > II - os Fundos de Investimento em Direitos Creditórios (FIDC) e os
> > demais fundos de investimentos que liquidem antecipadamente
> > recebíveis, não caracterizados como entidade de investimento, nos
> > termos previstos no art. 193, § 5º, ou no art. 219, § 6º, ambos
> > desta Lei Complementar.
> >
> > [§ 7º](https://www.planalto.gov.br/ccivil_03/leis/lcp/Lcp214.htm#art26%C2%A77) (Revogado).
> >
> > § 7º-A. Os FII e os Fiagro de que tratam os incisos I e II do § 5º-A
> > deste artigo poderão optar a qualquer momento, de forma
> > irretratável, pelo regime regular do IBS e da CBS.
> >
> > .............................................................................................................................................................
> >
> >
> > [§ 8º-A.](https://www.planalto.gov.br/ccivil_03/leis/lcp/Lcp214.htm#art26%C2%A78a) Caso, após a data da publicação desta Lei Complementar,
> > venha a ser permitida, conforme regulamentação a ser expedida pelos
> > órgãos governamentais que compõem o Sistema Financeiro Nacional, a
> > realização de novas operações com bens ou com serviços sujeitas à
> > incidência do IBS e da CBS por fundo de investimento, esse fundo
> > será considerado contribuinte no regime regular.
> >
> > .............................................................................................................................................................
> >
> >
> > [§ 9º-A.](https://www.planalto.gov.br/ccivil_03/leis/lcp/Lcp214.htm#art26%C2%A79a) Na hipótese em que os fundos de investimento sejam
> > contribuintes do IBS e da CBS no regime regular, quando o cotista
> > estiver sujeito à tributação pelo regime específico de serviços
> > financeiros, nos termos do Capítulo II do Título V deste Livro, a
> > parcela dos rendimentos percebidos pelo cotista correspondente às
> > operações tributadas no fundo não integrará a base de cálculo do
> > regime específico de serviços financeiros.
> >
> > [§ 10.](https://www.planalto.gov.br/ccivil_03/leis/lcp/Lcp214.htm#art26%C2%A710) Para fins de enquadramento como nanoempreendedor nos termos do
> > inciso IV do _caput_ deste artigo, será considerada como
> > receita bruta da pessoa física prestadora de serviço de transporte
> > privado individual de passageiros ou de entrega de bens, inclusive
> > na hipótese em que houver intermediação por plataformas digitais,
> > 25% (vinte e cinco por cento) do valor bruto mensal recebido.
> >
> > .....................................................................................................................................................
> > ” (NR)
> >
> > [“Art. 28.](https://www.planalto.gov.br/ccivil_03/leis/lcp/Lcp214.htm#art28.0) Nas operações com energia elétrica ou com direitos a ela
> > relacionados, o recolhimento do IBS e da CBS relativo a importação,
> > geração, comercialização, distribuição e transmissão será realizado
> > exclusivamente:
> >
> > I - pela distribuidora de energia elétrica, nas hipóteses de
> > fornecimento para adquirente atendido no ambiente de contratação
> > regulada ou de cobrança pelo uso dos sistemas de distribuição para
> > consumidores atendidos no ambiente de contratação livre;
> >
> > II - pelo alienante, caso se trate de aquisição no ambiente de
> > contratação livre de energia para consumo do adquirente ou quando o
> > adquirente não esteja sujeito ao regime regular do IBS e da CBS;
> >
> > III - na hipótese de aquisição para consumo, realizada de forma
> > multilateral:
> >
> > a) pelo comercializador varejista, em relação ao consumo das
> > unidades consumidoras representadas; ou
> >
> > b) nos demais casos, pelo estabelecimento consumidor;
> >
> > IV - pela transmissora de energia elétrica, na prestação de serviço
> > de transmissão de energia elétrica e de conexão ao sistema de
> > transmissão a consumidor conectado diretamente à rede básica de
> > transmissão.
> >
> > [§ 1º](https://www.planalto.gov.br/ccivil_03/leis/lcp/Lcp214.htm#art28%C2%A71) O recolhimento do IBS e da CBS incidentes nas operações com
> > energia elétrica, ou com direitos a ela relacionados, relativas a
> > importação, geração, comercialização, distribuição e transmissão
> > ocorrerá somente no fornecimento:
> >
> > .............................................................................................................................................................
> >
> >
> > [§ 2º](https://www.planalto.gov.br/ccivil_03/leis/lcp/Lcp214.htm#art28%C2%A72) No serviço de transmissão de energia elétrica e de conexão aos
> > sistemas de transmissão, considera-se ocorrido o fornecimento no
> > momento definido nos termos do § 3º do art. 10 desta Lei
> > Complementar.
> >
> > .....................................................................................................................................................
> > ” (NR)
> >
> > “Art. 29.
> > .....................................................................................................................................
> >
> >
> > [§ 1º](https://www.planalto.gov.br/ccivil_03/leis/lcp/Lcp214.htm#art29%C2%A71) Caso o pagamento efetuado pelo contribuinte seja maior do que o
> > saldo a recolher, a parcela excedente, até o montante dos débitos do
> > período de apuração que tenham sido extintos pelas modalidades
> > previstas nos incisos III a V do _caput_ do art. 27 desta Lei
> > Complementar entre o final do período de apuração e o processamento
> > do pagamento efetuado pelo contribuinte, será transferida ao
> > contribuinte em até 3 (três) dias úteis.
> >
> > .............................................................................................................................................................
> >
> >
> > [§ 5º](https://www.planalto.gov.br/ccivil_03/leis/lcp/Lcp214.htm#art29%C2%A75) Incidem juros de mora, nos termos do inciso II do § 2º deste
> > artigo, sobre as multas punitivas inadimplidas.” (NR)
> >
> > “Art. 31.
> > .....................................................................................................................................
> >
> >
> > [§ 1º](https://www.planalto.gov.br/ccivil_03/leis/lcp/Lcp214.htm#art31%C2%A71) Os procedimentos do _split payment_ previstos nesta
> > Subseção compreendem:
> >
> > I - o procedimento padrão, de que trata o art. 32 desta Lei
> > Complementar; e
> >
> > II - o procedimento simplificado, de que trata o art. 33 desta Lei
> > Complementar.
> >
> > [§ 1º-A](https://www.planalto.gov.br/ccivil_03/leis/lcp/Lcp214.htm#art31%C2%A71a). Para fins do disposto nesta Subseção, entende-se por:
> >
> > I - originador da transação de pagamento aquele que iniciar a
> > transação junto ao arranjo de pagamento, podendo ser o pagador ou o
> > recebedor dos recursos;
> >
> > II - transações de pagamento iniciadas pelo recebedor aquelas
> > originadas por meio de instrução ou instrumento emitido pelo
> > recebedor dos recursos, que define o valor do pagamento, cabendo ao
> > pagador apenas efetivar o pagamento, ainda que parcial; e
> >
> > III - transações de pagamento iniciadas pelo pagador aquelas
> > originadas pelo pagador, que define o valor do pagamento, sem
> > intervenção prévia do recebedor dos recursos junto ao arranjo de
> > pagamento.
> >
> > .....................................................................................................................................................
> > ” (NR)
> >
> > “Art. 32.
> > .....................................................................................................................................
> >
> >
> > [§ 1º](https://www.planalto.gov.br/ccivil_03/leis/lcp/Lcp214.htm#art32%C2%A71) O originador da transação de pagamento deverá transmitir ao
> > prestador de serviço de pagamento informações que permitam:
> >
> > I - a vinculação das operações com a transação de pagamento; e
> >
> > II - a identificação dos valores do IBS e da CBS incidentes sobre as
> > operações.
> >
> > [§ 2º](https://www.planalto.gov.br/ccivil_03/leis/lcp/Lcp214.htm#art32%C2%A72) As informações previstas no § 1º deste artigo deverão ser
> > transmitidas aos prestadores de serviço de pagamento:
> >
> > [I -](https://www.planalto.gov.br/ccivil_03/leis/lcp/Lcp214.htm#art32%C2%A72-1) pelo fornecedor ou pelo adquirente, nos casos em que iniciarem a
> > transação de pagamento;
> >
> > .............................................................................................................................................................
> >
> >
> > [III -](https://www.planalto.gov.br/ccivil_03/leis/lcp/Lcp214.htm#art32%C2%A72-3) por outra pessoa ou entidade sem personalidade jurídica, nos
> > casos em que iniciarem a transação de pagamento.
> >
> > [§ 2º-A.](https://www.planalto.gov.br/ccivil_03/leis/lcp/Lcp214.htm#art32%C2%A72a) Nas transações de pagamento iniciadas pelo recebedor, esse
> > poderá optar por não transmitir ao prestador de serviço de pagamento
> > a informação a que se refere o inciso I do § 1º deste artigo,
> > hipótese em que o fornecedor ou a plataforma digital deverá incluir
> > no documento fiscal eletrônico informações que permitam a vinculação
> > da operação com a transação de pagamento.
> >
> > .....................................................................................................................................................
> > ” (NR)
> >
> > [“Art. 33.](https://www.planalto.gov.br/ccivil_03/leis/lcp/Lcp214.htm#art33.0) O procedimento simplificado do _split payment_ será
> > opcional e obedecerá ao disposto neste artigo.
> >
> > .............................................................................................................................................................
> >
> >
> > [§ 2º-A.](https://www.planalto.gov.br/ccivil_03/leis/lcp/Lcp214.htm#art33%C2%A72a) A originação de transação de pagamento relativa à operação
> > com bem ou com serviço sem a identificação dos valores do IBS e da
> > CBS, nos termos do inciso II do § 1º do art. 32 desta Lei
> > Complementar, implica opção pelo procedimento simplificado de que
> > trata este artigo.
> >
> > [§ 3º](https://www.planalto.gov.br/ccivil_03/leis/lcp/Lcp214.htm#art33%C2%A73) Os valores do IBS e da CBS recolhidos por meio do procedimento
> > simplificado de que trata este artigo serão utilizados para
> > pagamento, em ordem cronológica do documento fiscal:
> >
> > I - de débitos não extintos do contribuinte decorrentes de operações
> > ocorridas no período de apuração em que o adquirente não seja
> > contribuinte do IBS e da CBS no regime regular; e
> >
> > II - de outros débitos não extintos do contribuinte, no final do
> > período de apuração, caso remanesçam valores não utilizados nos
> > termos do inciso I do § 3º deste artigo.
> >
> > [§ 4º](https://www.planalto.gov.br/ccivil_03/leis/lcp/Lcp214.htm#art33%C2%A74) O Comitê Gestor do IBS (CGIBS) e a RFB transferirão ao
> > fornecedor, em até 3 (três) dias úteis contados da conclusão da
> > apuração, os valores do IBS e da CBS recolhidos por meio do
> > procedimento simplificado no período de apuração e não utilizados
> > nos termos do § 3º deste artigo.
> >
> > [§ 5º](https://www.planalto.gov.br/ccivil_03/leis/lcp/Lcp214.htm#art33%C2%A75) (Revogado).
> >
> > [§ 6º](https://www.planalto.gov.br/ccivil_03/leis/lcp/Lcp214.htm#art33%C2%A76) Ato conjunto do CGIBS e da RFB poderá determinar a utilização
> > do procedimento simplificado de que trata este artigo para as
> > operações em que o adquirente não seja contribuinte do IBS e da CBS
> > no regime regular, enquanto o procedimento padrão descrito no
> > art. 32 não estiver em funcionamento em nível adequado para os
> > principais instrumentos de pagamento eletrônico utilizados nessas
> > operações.
> >
> > [§ 7º](https://www.planalto.gov.br/ccivil_03/leis/lcp/Lcp214.htm#art33%C2%A77) O recolhimento do IBS e da CBS por meio do procedimento
> > simplificado de que trata este artigo:
> >
> > I - assegura a extinção de débitos do contribuinte exclusivamente
> > nos termos do § 3º deste artigo; e
> >
> > II - não gera direito ao adquirente contribuinte do IBS e da CBS no
> > regime regular à apropriação de crédito pelo valor segregado e
> > recolhido.” (NR)
> >
> > “Art. 34.
> > .....................................................................................................................................
> >
> >
> > .............................................................................................................................................................
> >
> >
> > V -
> > ............................................................................................................................................
> >
> >
> > [a)](https://www.planalto.gov.br/ccivil_03/leis/lcp/Lcp214.htm#art34-5a) serão responsáveis por segregar e recolher os valores do IBS e da
> > CBS de acordo com o disposto nesta Subseção; e
> >
> > .....................................................................................................................................................
> > ” (NR)
> >
> > “Art. 47.
> > .....................................................................................................................................
> >
> >
> > .............................................................................................................................................................
> >
> >
> > [§ 8º](https://www.planalto.gov.br/ccivil_03/leis/lcp/Lcp214.htm#art47%C2%A78) Na devolução e no cancelamento de operações em que o adquirente
> > não seja contribuinte no regime regular, o fornecedor sujeito ao
> > regime regular poderá apropriar créditos ou estornar débitos com
> > base nos valores dos débitos incidentes na operação devolvida ou
> > cancelada.
> >
> > .............................................................................................................................................................
> >
> >
> > [§ 12.](https://www.planalto.gov.br/ccivil_03/leis/lcp/Lcp214.htm#art47%C2%A712) Nas hipóteses de devolução e no cancelamento de operações em
> > que o adquirente seja contribuinte do regime regular, o regulamento
> > disciplinará os procedimentos e requisitos a serem observados, que
> > poderão consistir em:
> >
> > I - para o adquirente, constituição de débito ou estorno de crédito;
> > e
> >
> > II - para o fornecedor, apropriação de crédito ou estorno de débito.
> >
> > [§ 13.](https://www.planalto.gov.br/ccivil_03/leis/lcp/Lcp214.htm#art47%C2%A713) Na devolução e no cancelamento de operações cujo débito do IBS
> > e da CBS tenha sido extinto, no todo ou em parte, em razão de
> > recolhimento na liquidação financeira realizado na forma dos arts. 31
> > a 34 desta Lei Complementar ( _split payment_), o regulamento
> > poderá prever a transferência total ou parcial ao fornecedor do
> > valor recolhido, observado o seguinte:
> >
> > I - a transferência deverá ser realizada no prazo de até 3 (três)
> > dias úteis contado da data do estorno do débito ou da data em que
> > seria permitida a apropriação de crédito pelo fornecedor; e
> >
> > II - o valor transferido não poderá ser apropriado como crédito pelo
> > fornecedor.” (NR)
> >
> > “Art. 57.
> > .....................................................................................................................................
> >
> >
> > I -
> > .............................................................................................................................................
> >
> >
> > .............................................................................................................................................................
> >
> >
> > [g)](https://www.planalto.gov.br/ccivil_03/leis/lcp/Lcp214.htm#art57-1g) bens e serviços relacionados à aquisição ou à manutenção dos bens
> > de que trata este inciso;
> >
> > [II -](https://www.planalto.gov.br/ccivil_03/leis/lcp/Lcp214.htm#art57-2) os bens e serviços adquiridos pelo contribuinte e fornecidos de
> > forma não onerosa ou a valor inferior ao de mercado para:
> >
> > .............................................................................................................................................................
> >
> >
> > [c)](https://www.planalto.gov.br/ccivil_03/leis/lcp/Lcp214.htm#art57-2c) os empregados do contribuinte; e
> >
> > .............................................................................................................................................................
> >
> >
> > § 3º
> > ...........................................................................................................................................
> >
> >
> > .............................................................................................................................................................
> >
> >
> > IV -
> > ...........................................................................................................................................
> >
> >
> > .............................................................................................................................................................
> >
> >
> > [f)](https://www.planalto.gov.br/ccivil_03/leis/lcp/Lcp214.htm#art57%C2%A73-4f) serviços de planos de assistência à saúde destinados a empregados
> > e seus dependentes em decorrência de acordo ou convenção coletiva de
> > trabalho, sendo os créditos na aquisição desses serviços
> > equivalentes aos respectivos débitos do fornecedor apurados e
> > extintos de acordo com o disposto no regime específico de planos de
> > assistência à saúde;
> >
> > .............................................................................................................................................................
> >
> >
> > [h)](https://www.planalto.gov.br/ccivil_03/leis/lcp/Lcp214.htm#art57%C2%A73-4h) fornecimento de vale-transporte, vale-refeição e
> > vale-alimentação, sendo os créditos na aquisição desses serviços
> > equivalentes aos respectivos débitos do fornecedor apurados e
> > extintos de acordo com o disposto no regime específico de serviços
> > financeiros, observada a disciplina aplicável aos arranjos de
> > pagamento;
> >
> > .............................................................................................................................................................
> >
> >
> > [§ 4º](https://www.planalto.gov.br/ccivil_03/leis/lcp/Lcp214.htm#art57%C2%A74) (Revogado).
> >
> > .............................................................................................................................................................
> >
> >
> > [§ 6º](https://www.planalto.gov.br/ccivil_03/leis/lcp/Lcp214.htm#art57%C2%A76) (Revogado).
> >
> > [§ 7º](https://www.planalto.gov.br/ccivil_03/leis/lcp/Lcp214.htm#art57%C2%A77) (Revogado).
> >
> > .............................................................................................................................................................
> >
> >
> > [§ 9º](https://www.planalto.gov.br/ccivil_03/leis/lcp/Lcp214.htm#art57%C2%A79) Na hipótese de alienação de bem que não tenha permitido a
> > apropriação de crédito quando de sua aquisição, nos termos do § 5º
> > deste artigo, o contribuinte poderá excluir da base de cálculo o
> > valor de aquisição do bem, até o limite do valor da alienação, desde
> > que seja possível a identificação inequívoca do bem.” (NR)
> >
> > “Art. 58.
> > .....................................................................................................................................
> >
> >
> > .............................................................................................................................................................
> >
> >
> > [§ 4º](https://www.planalto.gov.br/ccivil_03/leis/lcp/Lcp214.htm#art58%C2%A74) É assegurada ao contribuinte a gratuidade de acesso aos
> > mecanismos de integração sistêmica para envio e recebimento de dados
> > e transações mínimos destinados à apuração e ao cumprimento de
> > obrigações acessórias relativas ao IBS e à CBS, disponibilizados,
> > respectivamente, pelo CGIBS e pela RFB.
> >
> > [§ 5º](https://www.planalto.gov.br/ccivil_03/leis/lcp/Lcp214.htm#art58%C2%A75) O CGIBS e a RFB poderão fornecer, mediante ressarcimento dos
> > custos, transações automatizadas que extrapolem as mínimas
> > necessárias para apuração e cumprimento de obrigações acessórias,
> > conforme definido em regulamento.” (NR)
> >
> > “Art. 59.
> > .....................................................................................................................................
> >
> >
> > .............................................................................................................................................................
> >
> >
> > [§ 5º](https://www.planalto.gov.br/ccivil_03/leis/lcp/Lcp214.htm#art59%C2%A75) O Domicílio Tributário Eletrônico (DTE) previsto no art. 332
> > desta Lei Complementar será unificado, no âmbito do IBS, e
> > obrigatório para todas as entidades e demais pessoas jurídicas
> > sujeitas à inscrição no CNPJ.” (NR)
> >
> > “Art. 60.
> > .....................................................................................................................................
> >
> >
> > .............................................................................................................................................................
> >
> >
> > [§ 7º](https://www.planalto.gov.br/ccivil_03/leis/lcp/Lcp214.htm#art60%C2%A77) Para fins de simplificação, o ato conjunto de que trata o § 3º
> > deste artigo deverá permitir a emissão de documentos fiscais
> > consolidados.” (NR)
> >
> > “Art. 64.
> > .....................................................................................................................................
> >
> >
> > [§ 1º](https://www.planalto.gov.br/ccivil_03/leis/lcp/Lcp214.htm#art64%C2%A71) Considera-se consumo no País de serviço ou de bem imaterial,
> > inclusive direitos, o fornecimento realizado por residente ou
> > domiciliado no exterior:
> >
> > I - cujo local da operação seja no País, nos termos dos incisos II a
> > IX do _caput_ do art. 11 desta Lei Complementar; ou
> >
> > II - em que o adquirente ou o destinatário tenham residência ou
> > domicílio no País, nos demais casos.
> >
> > .............................................................................................................................................................
> >
> >
> > § 5º
> > ...........................................................................................................................................
> >
> >
> > I -
> > .............................................................................................................................................
> >
> >
> > .............................................................................................................................................................
> >
> >
> > [b)](https://www.planalto.gov.br/ccivil_03/leis/lcp/Lcp214.htm#art64%C2%A75-1b) (revogada);
> >
> > .............................................................................................................................................................
> >
> >
> > [IV -](https://www.planalto.gov.br/ccivil_03/leis/lcp/Lcp214.htm#art64%C2%A75-4) para fins da determinação das alíquotas estadual, distrital e
> > municipal do IBS, considera-se ocorrida a importação no local:
> >
> > a) da operação definido nos termos dos incisos II a IX do _caput_
> > do art. 11 desta Lei Complementar; ou
> >
> > b) do domicílio principal do adquirente ou do destinatário, nos
> > demais casos;
> >
> > .............................................................................................................................................................
> >
> >
> > [§ 7º](https://www.planalto.gov.br/ccivil_03/leis/lcp/Lcp214.htm#art64%C2%A77) (Revogado).” (NR)
> >
> > [“Art. 71.](https://www.planalto.gov.br/ccivil_03/leis/lcp/Lcp214.htm#art71.0) As alíquotas do IBS e da CBS incidentes sobre cada
> > importação de bem material são as mesmas incidentes sobre a
> > aquisição do respectivo bem no País, observadas as disposições
> > próprias relativas à fixação das alíquotas nas importações de bens
> > sujeitos aos regimes específicos de tributação e ressalvado o
> > disposto no § 6º do art. 126 desta Lei Complementar.
> >
> > .....................................................................................................................................................
> > ” (NR)
> >
> > “Art. 73.
> > .....................................................................................................................................
> >
> >
> > .............................................................................................................................................................
> >
> >
> > [Parágrafo único.](https://www.planalto.gov.br/ccivil_03/leis/lcp/Lcp214.htm#art73p) Nos casos dos incisos I e II do _caput_ deste
> > artigo, a responsabilidade será excluída nas hipóteses de caso
> > fortuito ou de força maior.” (NR)
> >
> > “Art. 76.
> > .....................................................................................................................................
> >
> >
> > .............................................................................................................................................................
> >
> >
> > [§ 3º](https://www.planalto.gov.br/ccivil_03/leis/lcp/Lcp214.htm#art76%C2%A73) O regulamento poderá estabelecer hipóteses em que o pagamento
> > do IBS e da CBS possa ocorrer em momento posterior ao definido no _caput_ deste artigo, para os sujeitos passivos certificados no
> > Programa Brasileiro de Operador Econômico Autorizado (Programa OEA)
> > estabelecido na forma da legislação específica e para bens de
> > remessas internacionais em que se tenha aplicado o Regime de
> > Tributação Simplificada (RTS).
> >
> > .....................................................................................................................................................
> > ” (NR)
> >
> > “Art. 80.
> > .....................................................................................................................................
> >
> >
> > § 1º
> > ...........................................................................................................................................
> >
> >
> > .............................................................................................................................................................
> >
> >
> > [II -](https://www.planalto.gov.br/ccivil_03/leis/lcp/Lcp214.htm#art80%C2%A71-2) o fornecimento dos seguintes bens e serviços, desde que
> > vinculados direta e exclusivamente à exportação de bens materiais ou
> > associados à entrega no exterior de bens materiais:
> >
> > .............................................................................................................................................................
> >
> >
> > [§ 1º-A.](https://www.planalto.gov.br/ccivil_03/leis/lcp/Lcp214.htm#art80%C2%A71a) Considera-se consumo no exterior de serviço ou de bem
> > imaterial, inclusive direitos, o fornecimento:
> >
> > I - cujo local da operação não seja no País, nos termos dos incisos
> > II a IX do _caput_ do art. 11 desta Lei Complementar; ou
> >
> > II - em que o adquirente e o destinatário sejam residentes ou
> > domiciliados no exterior, nos demais casos.
> >
> > [§ 2º](https://www.planalto.gov.br/ccivil_03/leis/lcp/Lcp214.htm#art80%C2%A72) (Revogado).
> >
> > [§ 3º](https://www.planalto.gov.br/ccivil_03/leis/lcp/Lcp214.htm#art80%C2%A73) (Revogado).
> >
> > .............................................................................................................................................................
> >
> >
> > [§ 6º](https://www.planalto.gov.br/ccivil_03/leis/lcp/Lcp214.htm#art80%C2%A76) (Revogado).
> >
> > .....................................................................................................................................................
> > ” (NR)
> >
> > [“Art. 81-A.](https://www.planalto.gov.br/ccivil_03/leis/lcp/Lcp214.htm#art81a) A exportação de bens materiais, inclusive nos casos em
> > que não haja saída física do território nacional de que trata o
> > art. 81, será comprovada mediante registro pelo órgão competente ou
> > documentação e procedimentos estabelecidos na legislação aduaneira,
> > nos termos do regulamento.
> >
> > § 1º Decorrido o prazo de 180 (cento e oitenta) dias, contado da
> > emissão do documento fiscal eletrônico, sem a comprovação da
> > exportação, considera-se ocorrida operação onerosa e serão exigidos
> > do exportador, com os devidos acréscimos, a CBS e o IBS incidentes
> > na operação, inclusive os relativos às operações de que trata o
> > inciso II do § 1º do art. 80.
> >
> > § 2º O regulamento poderá prever hipóteses de ampliação do prazo
> > previsto no § 1º deste artigo.”
> >
> > “Art. 89.
> > .....................................................................................................................................
> >
> >
> > .............................................................................................................................................................
> >
> >
> > [§ 4º](https://www.planalto.gov.br/ccivil_03/leis/lcp/Lcp214.htm#art89%C2%A74) Na hipótese de a importação temporária de aeronaves, seus
> > componentes e motores, ser realizada por contribuinte do regime
> > regular do IBS e da CBS mediante contrato de arrendamento mercantil:
> >
> > [I -](https://www.planalto.gov.br/ccivil_03/leis/lcp/Lcp214.htm#art89%C2%A71) será dispensado o pagamento do IBS e da CBS; e
> >
> > .....................................................................................................................................................
> > ” (NR)

[“Seção \\
VIII](https://www.planalto.gov.br/ccivil_03/leis/lcp/Lcp214.htm#secao8)

Disposições
Finais

> > [Art. \\
> > 98-A](https://www.planalto.gov.br/ccivil_03/leis/lcp/Lcp214.htm#art98a).
> > O regulamento poderá prever hipóteses em que os regimes aduaneiros
> > especiais de que tratam os arts. 84, 85, 88 e 90 desta Lei
> > Complementar serão aplicados a bens materiais com destino ao
> > exterior, inclusive em caso de saída temporária do País.
> >
> > [Art. \\
> > 98-B.](https://www.planalto.gov.br/ccivil_03/leis/lcp/Lcp214.htm#art98b)
> > A suspensão do pagamento do IBS e da CBS decorrente da aplicação de
> > regime aduaneiro especial converte-se em alíquota zero na hipótese
> > em que o bem material for destruído, sob controle aduaneiro e às
> > expensas do interessado, como providência para extinção da aplicação
> > do regime.”
> >
> > “Art. 106.
> > ...................................................................................................................................
> >
> >
> > .............................................................................................................................................................
> >
> >
> > [§ 7º](https://www.planalto.gov.br/ccivil_03/leis/lcp/Lcp214.htm#art106%C2%A77) Os benefícios fiscais do regime especial de que trata este
> > artigo aplicam-se também aos beneficiários do Regime Especial de
> > Incentivos para a Produção de Hidrogênio de Baixa Emissão de Carbono
> > (Rehidro), instituído pela
> > [Lei nº 14.948, de 2 de agosto de 2024](https://www.planalto.gov.br/ccivil_03/_Ato2023-2026/2024/Lei/L14948.htm),
> > observada a disciplina estabelecida na legislação específica.” (NR)
> >
> > “Art. 116.
> > ...................................................................................................................................
> >
> >
> > .............................................................................................................................................................
> >
> >
> > [§ 5º](https://www.planalto.gov.br/ccivil_03/leis/lcp/Lcp214.htm#art116%C2%A75) (VETADO).” (NR)
> >
> > “Art. 117.
> > ...................................................................................................................................
> >
> >
> > .............................................................................................................................................................
> >
> >
> > § 2º
> > ...........................................................................................................................................
> >
> >
> > [I -](https://www.planalto.gov.br/ccivil_03/leis/lcp/Lcp214.htm#art117%C2%A72-1) o consumo total de bens e serviços pelas famílias destinatárias,
> > ressalvados os bens e serviços sujeitos ao Imposto Seletivo, de que
> > trata o Livro II desta Lei Complementar;
> >
> > .....................................................................................................................................................
> > ” (NR)
> >
> > “Art. 126.
> > ...................................................................................................................................
> >
> >
> > .............................................................................................................................................................
> >
> >
> > [§ 6º](https://www.planalto.gov.br/ccivil_03/leis/lcp/Lcp214.htm#art126%C2%A76) O disposto no § 1º deste artigo não se aplica às remessas
> > internacionais sujeitas ao Regime de Tributação Simplificada (RTS),
> > exceto na hipótese de produtos acabados pertencentes a classes de
> > medicamentos importados por pessoa física para uso próprio ou
> > individual.” (NR)
> >
> > “Art. 142.
> > ...................................................................................................................................
> >
> >
> > .............................................................................................................................................................
> >
> >
> > [II -](https://www.planalto.gov.br/ccivil_03/leis/lcp/Lcp214.htm#art142-2) fornecimento de serviços de segurança da informação e segurança
> > cibernética desenvolvidos por sociedade que tenha sócio brasileiro
> > com o mínimo de 20% (vinte por cento) do seu capital social,
> > relacionados no  Anexo XI desta Lei Complementar,
> > com a especificação
> > das respectivas classificações da NBS.” (NR)
> >
> > “ [Art. 146](https://www.planalto.gov.br/ccivil_03/leis/lcp/Lcp214.htm#art146.0). São reduzidas a zero as alíquotas do IBS e da CBS sobre o
> > fornecimento dos medicamentos registrados na Anvisa, desde que
> > destinados, de acordo com o registro sanitário, a:
> >
> > I - doenças raras;
> >
> > II - doenças negligenciadas;
> >
> > III - oncologia;
> >
> > IV - diabetes;
> >
> > V - HIV/aids e outras infecções sexualmente transmissíveis (IST);
> >
> > VI - doenças cardiovasculares; e
> >
> > VII - Programa Farmácia Popular do Brasil ou equivalente.
> >
> > § 1º São também reduzidas a zero as alíquotas do IBS e da CBS sobre
> > o fornecimento de medicamentos registrados na Anvisa quando:
> >
> > I - adquiridos por órgãos da administração pública direta, por
> > autarquias e por fundações públicas;
> >
> > II - adquiridos por entidades de saúde imunes ao IBS e à CBS que
> > possuam Cebas por comprovarem a prestação de serviços ao SUS, nos
> > termos dos [arts. 9º a 11 da Lei Complementar nº 187, de 16 de \\
> > dezembro de 2021](https://www.planalto.gov.br/ccivil_03/leis/lcp/Lcp187.htm#art9); ou
> >
> > III - classificados como soros ou vacinas, conforme regulamentação
> > sanitária específica.
> >
> > § 2º A redução de alíquotas de que trata o _caput_ deste artigo
> > aplica-se também ao fornecimento de composições para nutrição
> > enteral e parenteral, composições especiais e fórmulas nutricionais
> > destinadas às pessoas com erros inatos do metabolismo relacionadas
> > no
> > Anexo VI desta Lei Complementar,
> > com a especificação das
> > respectivas classificações da NCM/SH, quando adquiridas por órgãos e
> > entidades mencionados nos incisos I e II do § 1º deste artigo.
> >
> > § 3º Ato conjunto do Ministério da Fazenda e do CGIBS, ouvido o
> > Ministério da Saúde, divulgará, a cada 120 (cento e vinte) dias, a
> > lista dos medicamentos que terão direito a alíquota zero do IBS e da
> > CBS, conforme disposto no _caput_ deste artigo e no inciso III
> > do § 1º deste artigo.
> >
> > § 4º Em caso de emergência de saúde pública reconhecida pelo Poder
> > Legislativo federal, estadual, distrital ou municipal competente,
> > ato conjunto do Ministro da Fazenda, do Ministério da Saúde e do
> > CGIBS poderá ser editado, a qualquer momento, tão somente para
> > incluir medicamentos e linhas de cuidado não contemplados na redução
> > de alíquota a que se refere este artigo, limitada a vigência do
> > benefício ao período da respectiva emergência de saúde pública.” (NR)
> >
> > “Art. 149.
> > ...................................................................................................................................
> >
> >
> > .............................................................................................................................................................
> >
> >
> > § 2º
> > ...........................................................................................................................................
> >
> >
> > .............................................................................................................................................................
> >
> >
> > [II -](https://www.planalto.gov.br/ccivil_03/leis/lcp/Lcp214.htm#art149%C2%A72-2) na hipótese do inciso II do _caput_ deste artigo, a
> > automóvel cujo preço de venda ao consumidor, incluídos os tributos
> > incidentes caso não houvesse as reduções e não incluídos os custos
> > necessários para a adaptação a que se refere o § 3º deste artigo,
> > não seja superior a R$ 200.000,00 (duzentos mil reais), limitado o
> > benefício ao valor da operação de até R$ 100.000,00 (cem mil reais).
> >
> > [§ 3º](https://www.planalto.gov.br/ccivil_03/leis/lcp/Lcp214.htm#art149%C2%A73) (Revogado).
> >
> > .....................................................................................................................................................
> > ” (NR)
> >
> > “Art. 152.
> > ...................................................................................................................................
> >
> >
> > .............................................................................................................................................................
> >
> >
> > [II -](https://www.planalto.gov.br/ccivil_03/leis/lcp/Lcp214.htm#art152-2) na hipótese do inciso II do _caput_ do art. 149 desta Lei
> > Complementar, em intervalos não inferiores a 3 (três) anos.
> >
> > .....................................................................................................................................................
> > ” (NR)
> >
> > “ [Art. 156](https://www.planalto.gov.br/ccivil_03/leis/lcp/Lcp214.htm#art156.0). São reduzidas a zero as alíquotas do IBS e da CBS
> > incidentes sobre a prestação de serviços de pesquisa e
> > desenvolvimento por Instituição Científica, Tecnológica e de
> > Inovação (ICT) sem fins lucrativos, bem como por fundações de apoio
> > credenciadas na forma da lei, para:
> >
> > .....................................................................................................................................................
> > ” (NR)
> >
> > “Art. 168.
> > ...................................................................................................................................
> >
> >
> > .............................................................................................................................................................
> >
> >
> > [§ 6º](https://www.planalto.gov.br/ccivil_03/leis/lcp/Lcp214.htm#art168%C2%A76) Os percentuais de que trata o § 4º poderão ser diferenciados,
> > observadas as categorias estabelecidas em regulamento, em função do
> > bem ou serviço fornecido pelo produtor rural ou pelo produtor rural
> > integrado, do nível de receita anual e da tipologia de produtor
> > rural.
> >
> > .....................................................................................................................................................
> > ” (NR)
> >
> > “Art. 172.
> > ...................................................................................................................................
> >
> >
> > [I -](https://www.planalto.gov.br/ccivil_03/leis/lcp/Lcp214.htm#art172-1) gasolina e suas correntes;
> >
> > .............................................................................................................................................................
> >
> >
> > [III -](https://www.planalto.gov.br/ccivil_03/leis/lcp/Lcp214.htm#art172-3) óleo diesel e suas correntes;
> >
> > .............................................................................................................................................................
> >
> >
> > [§ 1º](https://www.planalto.gov.br/ccivil_03/leis/lcp/Lcp214.htm#art172-%C2%A71) Para efeitos dos incisos I e III do _caput_ deste artigo,
> > consideram-se correntes os hidrocarbonetos líquidos derivados de
> > petróleo e os hidrocarbonetos líquidos derivados de gás natural
> > utilizados em mistura mecânica para a produção de gasolina ou de
> > diesel, em conformidade com as normas estabelecidas pela ANP.
> >
> > § 2º Ato conjunto da RFB e do CGIBS preverá hipóteses de suspensão
> > do IBS e da CBS incidentes nas operações com hidrocarbonetos
> > líquidos derivados de petróleo não combustíveis ou de gás natural,
> > inclusive nafta, desde que:
> >
> > I - os adquirentes sejam centrais petroquímicas devidamente
> > autorizadas pela ANP;
> >
> > II - sejam utilizados como insumo pela indústria petroquímica; e
> >
> > III - obedeçam a critérios e condições estabelecidos no referido ato
> > conjunto.
> >
> > § 3º Ato conjunto do CGIBS e do Poder Executivo da União poderá
> > postergar a implementação do regime específico dos combustíveis de
> > que tratam os incisos IX, X e XI do _caput_ deste artigo.” (NR)
> >
> > “Art. 182.
> > ...................................................................................................................................
> >
> >
> > .............................................................................................................................................................
> >
> >
> > [IX -](https://www.planalto.gov.br/ccivil_03/leis/lcp/Lcp214.htm#art182-9) arranjos de pagamento, incluídas as operações dos instituidores
> > e das instituições de pagamentos, a liquidação antecipada de recebíveis desses arranjos e a administração de programas de
> > fidelização;
> >
> > .............................................................................................................................................................
> >
> >
> > [XVII](https://www.planalto.gov.br/ccivil_03/leis/lcp/Lcp214.htm#art182-17) \- operações de proteção patrimonial mutualista.
> >
> > .....................................................................................................................................................
> > ” (NR)
> >
> > “Art. 183.
> > ...................................................................................................................................
> >
> >
> > .............................................................................................................................................................
> >
> >
> > § 2º
> > ...........................................................................................................................................
> >
> >
> > [I -](https://www.planalto.gov.br/ccivil_03/leis/lcp/Lcp214.htm#art183%C2%A72-1) participantes de arranjos de pagamento e entidades que realizam
> > a administração de programas de fidelização que não são instituições
> > de pagamento;
> >
> > .....................................................................................................................................................
> > ” (NR)
> >
> > “Art. 192.
> > ...................................................................................................................................
> >
> >
> > .............................................................................................................................................................
> >
> >
> > [V -](https://www.planalto.gov.br/ccivil_03/leis/lcp/Lcp214.htm#art192-5) perdas incorridas no recebimento de créditos decorrentes das
> > atividades das instituições financeiras e das demais instituições
> > autorizadas a funcionar pelo Banco Central do Brasil nas operações
> > com serviços financeiros de que tratam os incisos I a III do _caput_ do art. 182 desta Lei Complementar, e perdas na cessão
> > desses créditos e na concessão de descontos, desde que sejam
> > realizadas a valor de mercado, obedecidas, ainda, em todos os casos,
> > as mesmas regras de dedutibilidade da legislação do imposto de renda
> > aplicáveis a essas perdas para os períodos de apuração iniciados a
> > partir de 1º de janeiro de 2027; e
> >
> > .....................................................................................................................................................
> > ” (NR)
> >
> > “ [Art. 197](https://www.planalto.gov.br/ccivil_03/leis/lcp/Lcp214.htm#art197.0). Não poderão apropriar créditos na forma prevista nos arts. 194
> > a 196 desta Lei Complementar:
> >
> > I - os associados tomadores de operações de crédito com sociedades
> > cooperativas que fornecerem serviços financeiros e exercerem a opção
> > de que trata o art. 271 desta Lei Complementar; e
> >
> > II - os tomadores de operações de crédito referenciadas em moeda
> > estrangeira e os emissores de títulos de dívida referenciados em
> > moeda estrangeira, observado o disposto no art. 198 desta Lei
> > Complementar.” (NR)
> >
> > “ [Art. 212](https://www.planalto.gov.br/ccivil_03/leis/lcp/Lcp214.htm#art212.0). As operações relacionadas ao Fundo de Garantia do Tempo
> > de Serviço (FGTS) são sujeitas à incidência do IBS e da CBS, por
> > alíquotas nacionalmente uniformes, calculadas nos termos do
> > [inciso \\
> > II do § 1º do art. 10 da Emenda Constitucional nº 132, de 20 de \\
> > dezembro de 2023.](https://www.planalto.gov.br/ccivil_03/Constituicao/Emendas/Emc/emc132.htm#art10%C2%A71-2)
> >
> > .............................................................................................................................................................
> >
> >
> > § 3º
> > ...........................................................................................................................................
> >
> >
> > [I -](https://www.planalto.gov.br/ccivil_03/leis/lcp/Lcp214.htm#art212%C2%A73-1) no caso das operações previstas no inciso I do § 2º deste
> > artigo, à alíquota zero do IBS e da CBS;
> >
> > II - no caso das operações previstas nos incisos II e III do § 2º
> > deste artigo, às alíquotas do IBS e da CBS que serão fixadas de modo
> > que a soma das alíquotas corresponda:
> >
> > a) em 2027 a 1,0% (um inteiro por cento);
> >
> > b) em 2028 a 1,0% (um inteiro por cento);
> >
> > c) em 2029 a 1,2% (um inteiro e dois décimos por cento);
> >
> > d) em 2030 a 1,4% (um inteiro e quatro décimos por cento);
> >
> > e) em 2031 a 1,6% (um inteiro e seis décimos por cento);
> >
> > f) em 2032 a 1,8% (um inteiro e oito décimos por cento); e
> >
> > g) a partir de 2033, a 3,0% (três inteiros por cento).
> >
> > § 4º Observada, a cada ano, a proporção entre as alíquotas da CBS e
> > do IBS nos termos do § 2º do art. 189 desta Lei Complementar, as
> > alíquotas da CBS e do IBS serão fixadas de modo que a soma das
> > alíquotas corresponda ao percentual fixado nas alíneas do inciso II
> > do § 3º deste artigo.
> >
> > § 5º Aplicam-se às operações de que tratam os incisos II e III do
> > § 2º deste artigo, naquilo que não lhes for contrário, as
> > disposições da Seção III deste Capítulo II.
> >
> > § 6º Aplica-se o disposto no § 6º do art. 233 às alíquotas de que
> > trata o inciso II do § 3º deste artigo.
> >
> > § 7º As alíquotas de que trata o inciso II do § 3º deste artigo
> > incidirão sobre o valor dos serviços financeiros relacionados ao
> > FGTS, excluídos:
> >
> > I - o IBS e a CBS; e
> >
> > II - o imposto a que se refere o
> > [art. 156, inciso III, da \\
> > Constituição Federal.](https://www.planalto.gov.br/ccivil_03/Constituicao/Constituicao.htm#art156iii)” (NR)
> >
> > “Art. 214.
> > ...................................................................................................................................
> >
> >
> > .............................................................................................................................................................
> >
> >
> > [§ 3º](https://www.planalto.gov.br/ccivil_03/leis/lcp/Lcp214.htm#art214%C2%A73) A base de cálculo do IBS e da CBS devidos pelos contribuintes
> > sujeitos ao regime específico desta Seção corresponderá ao valor
> > bruto da remuneração efetivamente recebida do credenciado, do
> > instituidor do arranjo ou de outros participantes, garantido o
> > direito ao crédito correspondente às parcelas a eles pagas, desde
> > que os débitos de IBS e CBS tenham sido regularmente extintos.
> >
> > .............................................................................................................................................................
> >
> >
> > [§ 6º](https://www.planalto.gov.br/ccivil_03/leis/lcp/Lcp214.htm#art214%C2%A76) O disposto no § 3º não implica o reconhecimento de existência
> > de relação de contratação ou subcontratação entre o instituidor do
> > arranjo e outros participantes, ou inclusão dos valores repassados a
> > outros participantes ou ao instituidor na base de cálculo dos
> > tributos que serão extintos conforme previsto na
> > [Emenda \\
> > Constitucional nº 132, de 20 de dezembro de 2023](https://www.planalto.gov.br/ccivil_03/Constituicao/Emendas/Emc/emc132.htm).” (NR)
> >
> > “ [Art. 218-A](https://www.planalto.gov.br/ccivil_03/leis/lcp/Lcp214.htm#art218a). Para viabilizar a operacionalização do disposto no § 3º
> > do art. 214, o regulamento deverá:
> >
> > I - prever prazos de recolhimentos específicos para o instituidor e
> > os diferentes participantes do arranjo, inclusive mais curtos que
> > aqueles aplicáveis aos participantes do arranjo que liquidem valores
> > diretamente aos credenciados e demais destinatários do arranjo;
> >
> > II - estabelecer:
> >
> > a) hipóteses de retenção do IBS e da CBS, que deverão observar o
> > disposto no art. 36 desta Lei Complementar;
> >
> > b) hipótese pela qual instituidor do arranjo e os demais
> > participantes que iniciem o fluxo financeiro para outro participante
> > do arranjo, inclusive por meio de câmara de compensação ou
> > liquidação, efetuem a extinção antecipada dos tributos incidentes
> > sobre o valor da sua própria remuneração, por quaisquer das
> > modalidades previstas no art. 27 desta Lei Complementar; e
> >
> > c) que, nos casos em que o regulamento permitir o registro
> > consolidado de operações, o documento de arrecadação relativo ao
> > recolhimento de que trata a alínea “a” deste inciso deverá
> > identificá-lo.
> >
> > § 1º O contribuinte que liquidar valores diretamente aos
> > credenciados fornecerá as informações necessárias para lhes atribuir
> > os créditos do IBS e da CBS de que trata o art. 218 desta Lei
> > Complementar, bem como para a destinação do produto do recolhimento,
> > na forma do regulamento, dispensando o instituidor do arranjo e os
> > demais participantes dessa obrigação.
> >
> > § 2º A regulamentação dos procedimentos previstos neste artigo
> > deverá buscar a não alteração dos fluxos financeiros e operacionais
> > dos instituidores e demais participantes do arranjo.”
> >
> > “ [Art. 219-A](https://www.planalto.gov.br/ccivil_03/leis/lcp/Lcp214.htm#art219a). A administração de programas de fidelização será
> > tributada na forma deste artigo, hipótese em que:
> >
> > I - a base de cálculo do IBS e da CBS corresponderá, a cada período
> > de apuração, ao valor dos pontos emitidos, deduzidos os valores
> > pagos no resgate dos pontos e os ressarcidos por pontos não
> > utilizados computados como receita;
> >
> > II - o adquirente dos pontos não terá direito ao crédito de IBS e de
> > CBS.
> >
> > Parágrafo único. O regime específico de que trata este artigo
> > aplica-se inclusive aos programas de fidelidade próprios em que os
> > pontos sejam utilizados como contraprestação no fornecimento de bens
> > e serviços pelo próprio emissor dos pontos, hipótese em que os
> > pontos utilizados como contraprestação serão deduzidos da base de
> > cálculo tendo por base o valor considerado na fixação da base de
> > cálculo do IBS e da CBS na operação, nos termos do inciso III do §
> > 4º do art. 12 desta Lei Complementar.”
> >
> > “Art. 231.
> > ...................................................................................................................................
> >
> >
> > § 1º
> > ...........................................................................................................................................
> >
> >
> > .............................................................................................................................................................
> >
> >
> > [IV -](https://www.planalto.gov.br/ccivil_03/leis/lcp/Lcp214.htm#art231%C2%A71-4) nas hipóteses em que o importador dos serviços financeiros seja
> > contribuinte que realize as operações de que tratam os incisos I a V
> > do _caput_ do art. 182, será aplicada alíquota zero na
> > importação, sem prejuízo da manutenção do direito de dedução dessas
> > despesas da base de cálculo do IBS e da CBS, segundo o disposto no
> > art. 192 desta Lei Complementar.
> >
> > .............................................................................................................................................................
> >
> >
> > [§ 3º](https://www.planalto.gov.br/ccivil_03/leis/lcp/Lcp214.htm#art231%C2%A73) Não se aplica a alíquota zero prevista no inciso IV do § 1º
> > deste artigo na hipótese de importação de serviços financeiros de
> > parte relacionada sobre a parcela do valor da operação que exceda os
> > preços e taxas usualmente praticados em condições de mercado.” (NR)
> >
> > “ [Art. 233](https://www.planalto.gov.br/ccivil_03/leis/lcp/Lcp214.htm#art233.0). De 2027 a 2033, a soma das alíquotas do IBS e da CBS
> > incidentes sobre os serviços financeiros de que trata o art. 189
> > desta Lei Complementar, calculada nos termos do
> > [inciso II do § 1º do \\
> > art. 10 da Emenda Constitucional nº 132, de 20 de dezembro de 2023](https://www.planalto.gov.br/ccivil_03/Constituicao/Emendas/Emc/emc132.htm#art10%C2%A71-2),
> > corresponderá:
> >
> > I - em 2027 e 2028, a 10,85% (dez inteiros e oitenta e cinco
> > centésimos por cento);
> >
> > II - em 2029, a 11,00% (onze por cento);
> >
> > III - em 2030, a 11,15% (onze inteiros e quinze centésimos por
> > cento);
> >
> > IV - em 2031, a 11,30% (onze inteiros e trinta centésimos por
> > cento);
> >
> > V - em 2032, a 11,50% (onze inteiros e cinquenta centésimos por
> > cento); e
> >
> > VI - em 2033, a 12,50% (doze inteiros e cinquenta centésimos por
> > cento).
> >
> > § 1º (Revogado).
> >
> > § 2º (Revogado).
> >
> > § 3º Observada, a cada ano, a proporção entre as alíquotas da CBS e
> > do IBS nos termos do § 2º do art. 189 desta Lei Complementar, as
> > alíquotas da CBS e do IBS serão fixadas de modo que a soma das
> > alíquotas corresponda ao percentual fixado nos incisos do _caput_
> > deste artigo.
> >
> > § 4º (Revogado).
> >
> > § 5º (Revogado).
> >
> > .............................................................................................................................................................
> >
> >
> > [§ 7º](https://www.planalto.gov.br/ccivil_03/leis/lcp/Lcp214.htm#art233%C2%A77)(Revogado).
> >
> > § 8º (Revogado).
> >
> > § 9º As alíquotas de que tratam os incisos do _caput_ deste
> > artigo incidirão sobre o valor dos serviços financeiros, excluídos:
> >
> > I - o IBS e a CBS; e
> >
> > II - o imposto a que se refere o
> > [art. 156, III, da Constituição \\
> > Federal](https://www.planalto.gov.br/ccivil_03/Constituicao/Constituicao.htm#art156iii).
> >
> > § 10\. No caso de serviços financeiros sobre os quais incida o
> > imposto a que se refere o
> > [art. 156, III, da Constituição Federal](https://www.planalto.gov.br/ccivil_03/Constituicao/Constituicao.htm#art156iii), a
> > soma das alíquotas previstas nos incisos do _caput_ deste
> > artigo será reduzida:
> >
> > I - em 2027 e 2028, em 2 p.p. (dois pontos percentuais);
> >
> > II - em 2029, em 1,8 p.p. (um inteiro e oito décimos de ponto
> > percentual);
> >
> > III - em 2030, em 1,6 p.p. (um inteiro e seis décimos de ponto
> > percentual);
> >
> > IV - em 2031 em 1,4 p.p. (um inteiro e quatro décimos de ponto
> > percentual); e
> >
> > V - em 2032, em 1,2 p.p. (um inteiro e dois décimos de ponto
> > percentual).” (NR)
> >
> > “Art. 238.
> > ...................................................................................................................................
> >
> >
> > [Parágrafo único](https://www.planalto.gov.br/ccivil_03/leis/lcp/Lcp214.htm#art238p). O disposto no _caput_ deste artigo não se
> > aplica à hipótese de que trata a alínea “f” do inciso IV do § 3º do
> > art. 57 desta Lei Complementar, em que os créditos do IBS e da CBS a
> > serem aproveitados pelo contratante que seja contribuinte no regime
> > regular:
> >
> > .....................................................................................................................................................
> > ” (NR)
> >
> > “Art. 252.
> > ...................................................................................................................................
> >
> >
> > .............................................................................................................................................................
> >
> >
> > § 2º
> > ...........................................................................................................................................
> >
> >
> > [I -](https://www.planalto.gov.br/ccivil_03/leis/lcp/Lcp214.htm#art252%C2%A72-1) nas operações de permuta entre bens imóveis, exceto sobre a
> > torna, que será tributada nos termos deste Capítulo;
> >
> > .............................................................................................................................................................
> >
> >
> > [§ 5º](https://www.planalto.gov.br/ccivil_03/leis/lcp/Lcp214.htm#art252%C2%A75) Nas permutas entre bens imóveis realizadas entre contribuintes
> > do regime regular do IBS e da CBS:
> >
> > .............................................................................................................................................................
> >
> >
> > [§ 5º-A](https://www.planalto.gov.br/ccivil_03/leis/lcp/Lcp214.htm#art252%C2%A75a). Nas permutas entre imóveis realizadas entre contribuinte do
> > regime regular do IBS e da CBS e não contribuinte do regime regular:
> >
> > I - não será constituído redutor de ajuste para o imóvel recebido em
> > permuta pelo não contribuinte do regime regular; e
> >
> > II - o valor do redutor de ajuste do imóvel recebido em permuta pelo
> > contribuinte do regime regular corresponderá:
> >
> > a) se não houver torna, ao valor do redutor de ajuste do imóvel por
> > ele dado em permuta;
> >
> > b) se houver pagamento de torna por parte do contribuinte do regime
> > regular, ao valor do redutor do ajuste do imóvel por ele dado em
> > permuta, acrescido do valor da torna; e
> >
> > c) se houver pagamento de torna por parte do não contribuinte do
> > regime regular, ao valor do redutor de ajuste do imóvel dado em
> > permuta pelo contribuinte do regime regular, com a dedução do valor
> > da torna, não podendo o valor do redutor de ajuste ser negativo.
> >
> > .............................................................................................................................................................
> >
> >
> > [§ 8º](https://www.planalto.gov.br/ccivil_03/leis/lcp/Lcp214.htm#art252%C2%A78) O disposto no § 7º deste artigo não se aplica caso a quantidade
> > e o valor das operações com os imóveis nele referidos caracterizem
> > atividade econômica do contribuinte, nos termos dos §§ 1º e 2º do
> > art. 251.
> >
> > .....................................................................................................................................................
> > ” (NR)
> >
> > “Art. 253.
> > ...................................................................................................................................
> >
> >
> > [§ 1º](https://www.planalto.gov.br/ccivil_03/leis/lcp/Lcp214.htm#art253%C2%A71) Para fins do _caput_ deste artigo consideram-se
> > contribuintes sujeitos ao regime regular do IBS e da CBS as pessoas
> > físicas que atendam ao disposto no inciso I do § 1º e no inciso II
> > do § 2º, ambos do art. 251 desta Lei Complementar.
> >
> > § 2º As operações de que trata este artigo deverão ser incluídas nos
> > limites de que tratam o inciso I do § 1º e o inciso II do § 2º,
> > ambos do art. 251 desta Lei Complementar.” (NR)
> >
> > “Art. 258.
> > ...................................................................................................................................
> >
> >
> > .............................................................................................................................................................
> >
> >
> > II -
> > .............................................................................................................................................
> >
> >
> > [a)](https://www.planalto.gov.br/ccivil_03/leis/lcp/Lcp214.htm#art258-2a) do valor de aquisição do imóvel sobre o qual está sendo realizada
> > a construção, constante dos instrumentos mencionados na forma do
> > § 1º do art. 254, atualizado nos termos do § 4º deste artigo; e
> >
> > .............................................................................................................................................................
> >
> >
> > [III](https://www.planalto.gov.br/ccivil_03/leis/lcp/Lcp214.htm#art258-3)\- no caso de bens imóveis adquiridos de não contribuinte do
> > regime regular do IBS e da CBS a partir de 1º de janeiro de 2027, ao
> > valor de aquisição do bem imóvel.
> >
> > .............................................................................................................................................................
> >
> >
> > [§ 10](https://www.planalto.gov.br/ccivil_03/leis/lcp/Lcp214.htm#art258%C2%A710). No caso de bens imóveis adquiridos de contribuinte sujeito ao
> > regime regular do IBS e da CBS a partir de 1º de janeiro de 2027, é
> > assegurada a manutenção do valor do redutor de ajuste, nos termos do
> > inciso I do § 4º do art. 257, sem prejuízo do direito ao crédito do
> > IBS e da CBS incidentes na operação.” (NR)
> >
> > “ [Art. 260](https://www.planalto.gov.br/ccivil_03/leis/lcp/Lcp214.htm#art260.0). Na operação de locação, cessão onerosa ou arrendamento de
> > bem imóvel para uso residencial realizada por contribuinte sujeito
> > ao regime regular do IBS e da CBS, poderá ser deduzido da base de
> > cálculo do IBS e da CBS redutor social no valor de R$ 600,00
> > (seiscentos reais), por mês, por bem imóvel, até o limite do valor
> > da base de cálculo.
> >
> > .....................................................................................................................................................
> > ” (NR)
> >
> > “Art. 280.
> > ...................................................................................................................................
> >
> >
> > [Parágrafo único](https://www.planalto.gov.br/ccivil_03/leis/lcp/Lcp214.htm#art280p). As operações de fornecimento de alimentação e
> > bebidas pelos estabelecimentos que prestam os serviços de que trata
> > esta Seção observarão as regras relativas ao regime específico de
> > bares e restaurantes.” (NR)
> >
> > “Art. 293.
> > ...................................................................................................................................
> >
> >
> > .............................................................................................................................................................
> >
> >
> > § 4º
> > ...........................................................................................................................................
> >
> >
> > I -  (VETADO);
> >
> > [II](https://www.planalto.gov.br/ccivil_03/leis/lcp/Lcp214.htm#art293%C2%A74-1) \- 1% (um por cento) para a CBS; e
> >
> > III - 1% (um por cento) para o IBS, sendo:
> >
> > .............................................................................................................................................................
> >
> >
> > § 5º (VETADO).
> >
> > .............................................................................................................................................................
> >
> >
> > § 8º (VETADO).
> >
> > [§ 9º](https://www.planalto.gov.br/ccivil_03/leis/lcp/Lcp214.htm#art293%C2%A79) (VETADO).
> >
> > § 10\. (VETADO).” (NR)
> >
> > “Art. 321.
> > ...................................................................................................................................
> >
> >
> > .............................................................................................................................................................
> >
> >
> > [§ 1º](https://www.planalto.gov.br/ccivil_03/leis/lcp/Lcp214.htm#art321%C2%A71)
> > ...........................................................................................................................................
> >
> >
> > § 2º A harmonização da interpretação da legislação do IBS e da CBS
> > poderá ser requerida pelas autoridades referidas no § 1º do art. 322
> > e por qualquer das entidades representativas de categorias
> > econômicas responsáveis pela indicação dos representantes dos
> > contribuintes nos órgãos de julgamento administrativo do IBS e da
> > CBS.
> >
> > § 3º O requerimento de harmonização da interpretação da legislação
> > do IBS e da CBS, nos termos do § 2º deste artigo, será decidido em
> > até 90 (noventa) dias úteis contados da data de apresentação do
> > requerimento.
> >
> > § 4º No exercício das competências previstas nos incisos do _caput_
> > deste artigo, as decisões do Comitê de Harmonização das
> > Administrações Tributárias devem ser fundamentadas.” (NR)
> >
> > “Art. 322.
> > ...................................................................................................................................
> >
> >
> > .............................................................................................................................................................
> >
> >
> > [II -](https://www.planalto.gov.br/ccivil_03/leis/lcp/Lcp214.htm#art322-2) analisar controvérsias jurídicas relativas ao IBS e à CBS
> > suscitadas nos termos do § 1º.
> >
> > § 1º O Fórum de Harmonização Jurídica das Procuradorias examinará as
> > questões relacionadas às controvérsias jurídicas relativas ao IBS e
> > à CBS suscitadas pelas seguintes autoridades:
> >
> > .....................................................................................................................................................
> > ” (NR)
> >
> > “ [Art. 323-A](https://www.planalto.gov.br/ccivil_03/leis/lcp/Lcp214.htm#art323a). É assegurado ao sujeito passivo de obrigação tributária
> > o direito de formular consulta escrita sobre a aplicação da
> > legislação tributária do IBS e da CBS, em relação a fato determinado
> > de seu interesse, que deverá ser completa e exatamente descrito na
> > petição.
> >
> > § 1º Da consulta constará:
> >
> > I - a qualificação do consulente;
> >
> > II - a matéria de direito objeto da dúvida;
> >
> > III - a data do fato gerador da obrigação principal ou acessória, se
> > já ocorrido;
> >
> > IV - a declaração de existência ou não de início de procedimento
> > fiscal em relação ao consulente.
> >
> > § 2º Cada consulta deverá referir-se a uma só matéria, admitindo-se
> > a cumulação apenas quando se tratar de questões conexas.”
> >
> > “ [Art. 323-B](https://www.planalto.gov.br/ccivil_03/leis/lcp/Lcp214.htm#art323b). A solução de consulta relativa à interpretação e à
> > aplicação da legislação do IBS e da CBS será emitida pelos
> > respectivos órgãos do CGIBS e da RFB, observado o disposto neste
> > artigo.
> >
> > § 1º Elaborada a proposta de solução de consulta, o órgão consultado
> > disponibilizará em ambiente virtual compartilhado a minuta para ser
> > avaliada pelo outro órgão, o qual poderá, no prazo de 30 (trinta)
> > dias contado da disponibilização, prorrogável, justificadamente, uma
> > única vez, por igual período:
> >
> > I - acolher a minuta e emitir a solução de consulta em conjunto;
> >
> > II - encaminhar a proposta para deliberação do Comitê de
> > Harmonização das Administrações Tributárias, em caso de divergência;
> > ou
> >
> > III - manifestar-se pela inexistência de matéria comum ao IBS e à
> > CBS.
> >
> > § 2º O encaminhamento da proposta de solução para deliberação do
> > Comitê de Harmonização das Administrações Tributárias suspenderá a
> > tramitação do procedimento de consulta perante o órgão consultado
> > até que seja editada resolução nos termos do § 1º do art. 321 desta
> > Lei Complementar.
> >
> > § 3º Transcorrido o prazo de que trata o § 1º deste artigo sem
> > manifestação do outro órgão, considerar-se-á tacitamente aceita a
> > minuta compartilhada e será publicada solução de consulta em
> > conjunto, com a informação de aceitação tácita por um dos órgãos.
> >
> > § 4º O regulamento disporá sobre o procedimento referido neste
> > artigo.”
> >
> > “ [Art. 323-C](https://www.planalto.gov.br/ccivil_03/leis/lcp/Lcp214.htm#art323c). A consulta produz os seguintes efeitos:
> >
> > I - nenhum procedimento fiscal será promovido, em relação à espécie
> > consultada, no período entre a protocolização do requerimento de
> > consulta e a ciência da resposta, desde que a referida
> > protocolização tenha ocorrido até o vencimento da obrigação a que se
> > refira;
> >
> > II - vincula as administrações tributárias e o sujeito passivo
> > consulente, nos limites do fato determinado objeto da análise, não
> > alcançando terceiros.
> >
> > Parágrafo único. O tributo devido conforme resposta à consulta será
> > pago sem imposição de penalidade, desde que:
> >
> > I - seja efetuado o recolhimento dentro do prazo de 15 (quinze) dias
> > contado da data em que o consulente tiver ciência da resposta;
> >
> > II - a protocolização da petição de consulta tenha ocorrido até o
> > vencimento da obrigação a que se refira.”
> >
> > “ [Art. 323-D](https://www.planalto.gov.br/ccivil_03/leis/lcp/Lcp214.htm#art323d). A consulta não suspende o prazo para recolhimento do
> > tributo, antes ou depois de sua apresentação, nem o prazo para o
> > cumprimento de obrigações acessórias a que esteja sujeito o
> > consulente.
> >
> > Parágrafo único. Não produzirão os efeitos previstos no art. 323-C
> > as consultas:
> >
> > I - que contenham dados inexatos ou inverídicos;
> >
> > II - que não descrevam exata e completamente o fato que lhes deu
> > origem;
> >
> > III - que sejam meramente protelatórias, assim entendidas as que
> > versem sobre disposições claramente expressas na legislação
> > tributária ou sobre questão de direito já resolvida por decisão
> > definitiva administrativa ou judicial;
> >
> > IV - que deixem de observar exigência formal que não seja suprida no
> > prazo estabelecido pela autoridade tributária;
> >
> > V - que versem sobre arguição de inconstitucionalidade ou sobre
> > negativa de aplicação da legislação tributária;
> >
> > VI - formuladas após o início de procedimento fiscal em relação à
> > matéria consultada.”
> >
> > “ [Art. 323-E](https://www.planalto.gov.br/ccivil_03/leis/lcp/Lcp214.htm#art323e). O tributo objeto da matéria consultada não será lançado
> > em relação ao sujeito passivo que agir em estrita consonância com a
> > solução de consulta, de que tenha sido intimado, enquanto não
> > revogada, total ou parcialmente.
> >
> > § 1º A reforma de orientação não obriga ao pagamento do tributo
> > considerado devido cujo fato gerador tenha ocorrido entre a data da
> > intimação da solução reformada e a da nova orientação.
> >
> > § 2º Na pendência de resposta à consulta formulada, o sujeito
> > passivo é também considerado intimado da solução de consulta com a
> > publicação de qualquer ato normativo que verse sobre a mesma
> > matéria.
> >
> > § 3º A superveniência de norma de legislação tributária faz cessar
> > os efeitos da resposta à consulta naquilo que aquela conflitar com
> > esta, independentemente de comunicação ao consulente.”
> >
> > “ [Art. 323-F](https://www.planalto.gov.br/ccivil_03/leis/lcp/Lcp214.htm#art323f). Não cabe recurso nem pedido de reconsideração da
> > solução de consulta ou do despacho que declarar sua ineficácia.
> >
> > Parágrafo único. A solução de consulta será definitiva e deverá ser
> > proferida no prazo definido em regulamento, contado da data da sua
> > protocolização.”

[“CAPÍTULO II-A](https://www.planalto.gov.br/ccivil_03/leis/lcp/Lcp214.htm#capitulo2a)

DA INTEGRAÇÃO DO CONTENCIOSO DE IBS E
CBS

> > [Art. \\
> > 323-G](https://www.planalto.gov.br/ccivil_03/leis/lcp/Lcp214.htm#art323g).
> > Cabe recurso especial, no prazo de 10 (dez) dias úteis, contra
> > decisão do CGIBS proferida por Câmara Recursal de Julgamento ou por
> > Câmara de Julgamento de primeira instância no rito sumário, ou
> > contra decisão de Câmara, turma de Câmara, turma extraordinária ou
> > turma especial do Conselho Administrativo de Recursos Fiscais (Carf),
> > que conferir à legislação comum do IBS e da CBS interpretação do
> > direito divergente da que lhe tenha dado outra decisão desses órgãos
> > de julgamento, com vistas a uniformizar a jurisprudência
> > administrativa em matéria comum aos dois tributos.
> >
> > § 1º O recurso de que trata o _caput_ será apreciado pela
> > Câmara Nacional de Integração do Contencioso Administrativo do IBS e
> > da CBS, composta:
> >
> > I -
> > por 4 (quatro) conselheiros representantes da Fazenda Nacional na
> > Câmara Superior de Recursos Fiscais do Carf, indicados pelo Ministro
> > de Estado da Fazenda;
> >
> > II -
> > por 4 (quatro) membros da Câmara Superior do CGIBS, sendo 2 (dois)
> > das administrações tributárias dos Estados e do Distrito Federal e 2
> > (dois) das administrações tributárias dos Municípios e do Distrito
> > Federal, indicados pelo CGIBS;
> >
> > III -
> > por 4 (quatro) representantes dos contribuintes, sendo 2 (dois)
> > entre os conselheiros da Câmara Superior de Recursos Fiscais do Carf
> > e 2 (dois) entre os membros da Câmara Superior do CGIBS, indicados
> > respectivamente pelo Ministro de Estado da Fazenda e pelo CGIBS;
> >
> > IV - pelo Presidente, que votará apenas em caso de empate.
> >
> > § 2º
> > A petição de interposição do recurso especial deverá transcrever a
> > ementa e os trechos pertinentes da decisão paradigma, suficientes
> > para demonstrar a existência de divergência acerca da legislação
> > comum do IBS e da CBS.
> >
> > § 3º
> > Podem interpor o recurso especial:
> >
> > I - a
> > representação da Fazenda Pública;
> >
> > II -
> > o sujeito passivo.
> >
> > § 4º
> > O recurso especial suspende a exigibilidade do crédito tributário.
> >
> > § 5º
> > As decisões tomadas em sede de recurso especial:
> >
> > I -
> > não se vinculam aos fundamentos trazidos pelas partes e podem
> > divergir tanto do acórdão paradigma quanto da decisão recorrida;
> >
> > II -
> > não podem afastar a aplicação ou deixar de observar a legislação
> > tributária sob o fundamento de inconstitucionalidade ou ilegalidade;
> >
> > III -
> > restringem-se à apreciação de questões de direito, vedado o reexame
> > fático-probatório;
> >
> > IV -
> > serão publicadas no Diário Oficial da União e, a partir de sua
> > publicação, vincularão os órgãos julgadores da União e do CGIBS.
> >
> > § 6º
> > Não cabe recurso da decisão colegiada da Câmara Nacional de
> > Integração do Contencioso Administrativo do IBS e da CBS que
> > inadmitir o recurso especial.
> >
> > § 7º
> > Ato conjunto do CGIBS e do Ministro de Estado da Fazenda
> > regulamentará o disposto neste artigo, inclusive em relação aos
> > mandatos dos julgadores de que trata o § 1º.
> >
> > § 8º A Presidência da Câmara Nacional de Integração do Contencioso
> > Administrativo do IBS e da CBS será exercida, de forma alternada,
> > por representante da Fazenda Nacional ou por representante do CGIBS,
> > na forma estabelecida no ato conjunto a que se refere o § 7º deste
> > artigo.
> >
> > [Art. \\
> > 323-H](https://www.planalto.gov.br/ccivil_03/leis/lcp/Lcp214.htm#art323h).
> > É cabível a proposição de incidente de uniformização perante a
> > Câmara Nacional de Integração do Contencioso Administrativo do IBS e
> > da CBS:
> >
> > I -
> > de matérias repetitivas, quando houver julgamentos reiterados sobre
> > a mesma questão de direito, observado o disposto nos arts. 323-I e
> > 323-J;
> >
> > II -
> > da decisão de segunda instância que deixar de aplicar provimento
> > vinculante, observado o disposto nos arts. 323-K e 323-L.
> >
> > § 1º
> > O julgamento do incidente de uniformização de matérias repetitivas
> > fixará tese sobre a matéria, e caberá à Câmara Nacional de
> > Integração do Contencioso Administrativo do IBS e da CBS editar
> > súmula que terá caráter de provimento vinculante a partir de sua
> > publicação no Diário Oficial da União.
> >
> > § 2º
> > O efeito vinculante de que trata o § 1º deste artigo alcança também
> > todas as impugnações e recursos, pendentes ou futuros, que versem
> > sobre idêntica questão de direito.
> >
> > § 3º
> > Caberá revisão da tese firmada no incidente de uniformização de
> > ofício ou mediante pedido dos legitimados a que se referem os arts. 323-J
> > e 323-L.
> >
> > § 4º
> > Ato conjunto do CGIBS e do Ministro de Estado da Fazenda disporá
> > sobre o processamento do incidente de que trata este artigo.
> >
> > [Art. \\
> > 323-I](https://www.planalto.gov.br/ccivil_03/leis/lcp/Lcp214.htm#art323i).
> > A proposição do incidente de uniformização de que trata o inciso I
> > do _caput_ do art. 323-H deverá estar acompanhada de 5 (cinco)
> > decisões definitivas proferidas por Câmara de Julgamento do CGIBS ou
> > por Câmara, turma de Câmara, turma extraordinária ou turma especial
> > do Carf ou por 3 (três) decisões proferidas pela Câmara Nacional de
> > Integração do Contencioso Administrativo do IBS e da CBS, por, no
> > mínimo, maioria de votos, em sessões de julgamento distintas, sob
> > pena de não conhecimento.
> >
> > [Art. \\
> > 323-J](https://www.planalto.gov.br/ccivil_03/leis/lcp/Lcp214.htm#art323j).
> > Poderão suscitar o incidente de uniformização de que trata o inciso
> > I do _caput_ do art. 323-H:
> >
> > I - a
> > representação da Fazenda Pública;
> >
> > II - os Presidentes de Câmara de Julgamento do CGIBS, os Presidentes
> > de Câmara, turma de Câmara, turma extraordinária ou turma especial
> > do Carf ou o Presidente da Câmara Nacional de Integração do
> > Contencioso Administrativo do IBS e da CBS.
> >
> > Parágrafo único. O incidente de uniformização de que trata o inciso
> > I do _caput_ do art. 323-H não suspenderá a exigibilidade do
> > crédito tributário.
> >
> > [Art. \\
> > 323-K](https://www.planalto.gov.br/ccivil_03/leis/lcp/Lcp214.htm#art323k).
> > A proposição do incidente de uniformização de que trata o inciso II
> > do _caput_ do art. 323-H deverá estar acompanhada da indicação
> > do provimento vinculante que deixou de ser aplicado pela decisão de
> > segunda instância.
> >
> > [Art. \\
> > 323-L](https://www.planalto.gov.br/ccivil_03/leis/lcp/Lcp214.htm#art323l).
> > Poderão suscitar o incidente de uniformização de que trata o inciso
> > II do _caput_ do art. 323-H:
> >
> > I - a representação da Fazenda Pública;
> >
> > II - o sujeito passivo.
> >
> > Parágrafo único. O incidente de uniformização de que trata o inciso
> > II do _caput_ do art. 323-H suspenderá a exigibilidade do
> > crédito tributário.
> >
> > [Art. \\
> > 323-M](https://www.planalto.gov.br/ccivil_03/leis/lcp/Lcp214.htm#art323m).
> > Ato conjunto do CGIBS e do Ministro de Estado da Fazenda
> > regulamentará o disposto nos arts. 323-H a 323-L.”
> >
> > “Art. 325.
> > ...................................................................................................................................
> >
> >
> > .............................................................................................................................................................
> >
> >
> > [§ 4º](https://www.planalto.gov.br/ccivil_03/leis/lcp/Lcp214.htm#art325%C2%A74) No ambiente de que trata o inciso II do _caput_ deste
> > artigo:
> >
> > I - ficarão arquivadas as respostas, os esclarecimentos e os
> > documentos fornecidos em atendimento a:
> >
> > a) procedimento de fiscalização de qualquer dos entes federativos,
> > vedada a solicitação, em outro procedimento de fiscalização relativo
> > aos mesmos fatos geradores e ao mesmo período, das mesmas respostas,
> > esclarecimentos e documentos;
> >
> > b) processo administrativo tributário de qualquer dos entes
> > federativos, os quais serão levados em consideração pelos órgãos de
> > julgamento em outros processos administrativos tributários relativos
> > aos mesmos fatos e período de apuração;
> >
> > II - serão registrados os acessos e o compartilhamento das
> > informações e documentos contidos nele, exigindo-se, no mínimo:
> >
> > a) identificação do servidor público efetivo responsável pelo
> > acesso;
> >
> > b) data, hora e motivo do acesso;
> >
> > c) histórico de acessos e alterações realizadas;
> >
> > III - não serão compartilhadas as informações e os documentos:
> >
> > a) obtidos com base em tratados, acordos ou convenções
> > internacionais para o intercâmbio de informações tributárias cujo
> > compartilhamento seja vedado pelo tratado, acordo ou convenção,
> > exceto se houver anuência e estiver autorizado na legislação interna
> > do país informante;
> >
> > b) protegidos por sigilo judicial;
> >
> > c) obtidos com fundamento no disposto no [art. 6º da Lei Complementar nº 105, de 10 de janeiro de 2001](https://www.planalto.gov.br/ccivil_03/leis/lcp/Lcp105.htm#art6).” (NR)
> >
> > “ [Art. 327-A](https://www.planalto.gov.br/ccivil_03/leis/lcp/Lcp214.htm#art327a). Na Zona Franca de Manaus e nas Áreas de Livre Comércio,
> > a Suframa exercerá, exclusivamente por meio de seus servidores
> > efetivos, as atividades de fiscalização do cumprimento do processo
> > produtivo básico ou de outros compromissos assumidos pelo sujeito
> > passivo por ocasião da aprovação do projeto econômico, dos
> > investimentos em pesquisa, desenvolvimento e inovação e, sem
> > prejuízo das competências das administrações tributárias, do
> > ingresso de bens e serviços.
> >
> > § 1º A Suframa comunicará às administrações tributárias federal,
> > distrital, estaduais e municipais integrantes das áreas
> > incentivadas, sempre que constatado o descumprimento do disposto no
> > _caput_.
> >
> > § 2º As administrações tributárias e demais órgãos públicos
> > interessados poderão apresentar pedido fundamentado para que a
> > Suframa instaure incidente de verificação de cumprimento do processo
> > produtivo básico ou de outros compromissos assumidos pelo sujeito
> > passivo por ocasião da aprovação do projeto econômico e dos
> > investimentos em pesquisa, desenvolvimento e inovação de que trata o
> > _caput_ deste artigo.
> >
> > § 3º (VETADO).”
> >
> > “Art. 330.
> > ...................................................................................................................................
> >
> >
> > [§ 1º](https://www.planalto.gov.br/ccivil_03/leis/lcp/Lcp214.htm#art330%C2%A71)...........................................................................................................................................
> >
> >
> > .............................................................................................................................................................
> >
> >
> > [§ 2º](https://www.planalto.gov.br/ccivil_03/leis/lcp/Lcp214.htm#art330%C2%A72) A lavratura do ato de lançamento de ofício e a sua instrução
> > deverão ser implementadas em meio eletrônico.
> >
> > § 3º A lavratura do ato de lançamento de ofício não impede a adoção
> > de procedimentos de solução consensual de controvérsias
> > tributárias.” (NR)

[“CAPÍTULO IV](https://www.planalto.gov.br/ccivil_03/leis/lcp/Lcp214.htm#titulo7capitulo4)

DAS INFRAÇÕES E PENALIDADES RELATIVAS
AO IBS E À CBS

> > [Art. \\
> > 341-A](https://www.planalto.gov.br/ccivil_03/leis/lcp/Lcp214.htm#art341a). Constitui infração toda ação ou
> > omissão, ainda que involuntária, que importe inobservância, por
> > parte do sujeito passivo, de obrigação tributária principal ou
> > acessória.
> >
> > [Art. \\
> > 341-B](https://www.planalto.gov.br/ccivil_03/leis/lcp/Lcp214.htm#art341b). As multas punitivas serão calculadas
> > após o acréscimo a que se refere o inciso II do § 2º do art. 29
> > desta Lei Complementar.
> >
> > [Art. \\
> > 341-C](https://www.planalto.gov.br/ccivil_03/leis/lcp/Lcp214.htm#art341c). É instituída a Unidade Padrão Fiscal
> > dos Tributos sobre Bens e Serviços (UPF), no valor de R$ 200,00
> > (duzentos reais), a ser atualizada anualmente pela variação do IPCA
> > ou de outro índice que vier a substituí-lo.
> >
> > Parágrafo único. Ato conjunto do CGIBS e da RFB divulgará o valor
> > atualizado da UPF, a que se refere o _caput_ deste artigo.
> >
> > [Art. \\
> > 341-D](https://www.planalto.gov.br/ccivil_03/leis/lcp/Lcp214.htm#art341d). As penalidades serão cumulativas
> > quando resultarem do não cumprimento concomitante de obrigações
> > tributárias acessória e principal.
> >
> > Parágrafo único. Quando o valor do tributo devido já tiver servido
> > de base para a aplicação da multa punitiva, não se aplica, até a
> > data da notificação do lançamento de ofício, a multa de mora
> > prevista no inciso I do § 2º do art. 29 desta Lei Complementar.
> >
> > [Art. \\
> > 341-E](https://www.planalto.gov.br/ccivil_03/leis/lcp/Lcp214.htm#art341e). A aplicação das penalidades previstas
> > neste Título não exclui:
> >
> > I - a exigência do pagamento do tributo não recolhido, com os
> > devidos acréscimos legais, quando for o caso; e
> >
> > II - a cassação de licenças, concessões ou autorizações, a baixa de
> > ofício da inscrição no CNPJ, a imposição de regimes especiais de
> > fiscalização e de cobrança, o cancelamento da habilitação de
> > benefícios fiscais, a exclusão de regimes especiais de tributação ou
> > as representações fiscais para fins penais, entre outras medidas
> > administrativas previstas em lei.
> >
> > [Art. \\
> > 341-F](https://www.planalto.gov.br/ccivil_03/leis/lcp/Lcp214.htm#art341f). Aplica-se a multa de 75% (setenta e
> > cinco por cento), nos casos de lançamento de ofício:
> >
> > I - sobre o valor do tributo não declarado ou declarado a menor e
> > não pago ou não recolhido, no todo ou em parte; ou
> >
> > II - sobre o valor do crédito indevido, pela utilização indevida.
> >
> > § 1º Nos casos de sonegação, fraude, simulação ou conluio,
> > independentemente de outras penalidades administrativas ou criminais
> > cabíveis, a multa será majorada para:
> >
> > I - 100% (cem por cento) sobre a totalidade ou a diferença do
> > tributo objeto do lançamento de ofício;
> >
> > II - 150% (cento e cinquenta por cento) sobre a totalidade ou a
> > diferença do tributo objeto do lançamento de ofício, nos casos em
> > que verificada a reincidência do sujeito passivo.
> >
> > § 2º Para os efeitos do disposto neste artigo, consideram-se:
> >
> > I - sonegação: toda ação ou omissão dolosa tendente a impedir ou
> > retardar, total ou parcialmente, o conhecimento por parte da
> > autoridade fazendária:
> >
> > a) da ocorrência do fato gerador da obrigação tributária principal,
> > sua natureza ou circunstâncias materiais;
> >
> > b) das condições pessoais de sujeito passivo, suscetíveis de afetar
> > a obrigação tributária principal ou o crédito tributário
> > correspondente;
> >
> > II - fraude: toda ação ou omissão dolosa tendente a impedir ou
> > retardar, total ou parcialmente, a ocorrência do fato gerador da
> > obrigação tributária principal, ou a excluir ou modificar as suas
> > características essenciais, de modo a reduzir o montante do tributo
> > devido, a evitar ou a diferir o seu pagamento;
> >
> > III - (VETADO);
> >
> > IV - conluio: o ajuste doloso entre 2 (duas) ou mais pessoas
> > naturais ou jurídicas, visando a qualquer dos efeitos referidos nos
> > incisos I a III deste parágrafo;
> >
> > V - reincidência: a prática de nova infração qualificada como
> > sonegação, fraude, simulação ou conluio, pela mesma pessoa jurídica
> > ou pelos seus sucessores, considerando-se em conjunto todos os seus
> > estabelecimentos, ou pela mesma pessoa natural, dentro de 3 (três)
> > anos contados da data em que houver sido efetuado o lançamento
> > anterior.
> >
> > § 3º A multa a que se refere o inciso I do _caput_ deste artigo
> > será de 50% (cinquenta por cento) sobre a parcela do tributo objeto
> > de lançamento de ofício, desde que a declaração descreva
> > corretamente o bem ou serviço e as respectivas quantidades, bem como
> > o valor da operação.
> >
> > § 4º Fica descaracterizada a reincidência de que trata o inciso V do
> > § 2º deste artigo, caso a responsabilidade pela infração apontada no
> > lançamento anterior tenha sido afastada por decisão definitiva em
> > âmbito administrativo ou decisão judicial transitada em julgado.
> >
> > § 5º Fica garantido o ressarcimento do valor recolhido em excesso,
> > caso tenha sido afastada a reincidência, nos termos do § 4º deste
> > artigo, e o sujeito passivo tenha adimplido a multa majorada com
> > base no inciso V do § 2º deste artigo.
> >
> > § 6º O valor a ressarcir de que trata o § 5º deste artigo será
> > corrigido pela taxa Selic, desde o efetivo pagamento.
> >
> > [Art. \\
> > 341-G](https://www.planalto.gov.br/ccivil_03/leis/lcp/Lcp214.htm#art341g). As multas a serem aplicadas em razão
> > de infrações por descumprimento de obrigações tributárias acessórias
> > do IBS ou da CBS são as seguintes:
> >
> > I - deixar de fazer inscrição no cadastro com identificação única de
> > que trata o art. 59 desta Lei Complementar, no prazo previsto em
> > regulamento: 10 (dez) UPF;
> >
> > II - não atualizar o domicílio principal previsto na alínea “b” do
> > inciso I do § 3º do art. 11 desta Lei Complementar no cadastro com
> > identificação única de que trata o art. 59 desta Lei Complementar,
> > quando houver alteração, observados a forma e o prazo previstos em
> > regulamento: 10 (dez) UPF por infração;
> >
> > III - não comunicar à administração tributária a venda ou a
> > transferência de estabelecimento e o encerramento ou a paralisação
> > temporária de atividades, na forma e nos prazos estabelecidos na
> > legislação tributária: 10 (dez) UPF por infração;
> >
> > IV - entregar em atraso, deixar de entregar, de registrar, de
> > disponibilizar ou de manter, ou manter, registrar ou entregar em
> > desacordo com a legislação tributária, inclusive com relação ao
> > descumprimento de prazo fixado em intimação fiscal, arquivos
> > eletrônicos decorrentes da emissão de documentos fiscais ou de sua
> > escrituração, documento informativo do movimento econômico ou
> > fiscal, declarações periódicas ou outras informações previstas na
> > legislação necessárias à escrituração ou à apuração do tributo:
> >
> > a) 20 (vinte) UPF por período de apuração, independentemente de
> > intimação fiscal; e
> >
> > b) 30 (trinta) UPF por período de apuração e a cada intimação
> > fiscal;
> >
> > V - instalar ou manter instalado programa, _software_,
> > aplicativo fiscal ou solução tecnológica que possibilite a emissão
> > de documentos fiscais com supressão ou redução de valores do tributo
> > ou da operação ou que não atenda aos requisitos estabelecidos na
> > legislação tributária: 100 (cem) UPF por equipamento;
> >
> > VI - desenvolver, fornecer ou instalar programa, _software_,
> > aplicativo fiscal ou solução tecnológica para terceiros que
> > possibilite a emissão de documentos fiscais com supressão ou redução
> > de valores do tributo ou da operação ou que não atenda aos
> > requisitos estabelecidos na legislação tributária: 150 (cento e
> > cinquenta) UPF por equipamento;
> >
> > VII - deixar de utilizar ou utilizar em desacordo com a legislação
> > tributária mecanismo de medição de volume exigido e controlado pela
> > administração tributária: 100 (cem) UPF por equipamento;
> >
> > VIII - deixar de comunicar ou comunicar após o prazo previsto na
> > legislação tributária a inutilização de número de documento fiscal:
> > 1 (uma) UPF por número;
> >
> > IX - deixar o adquirente ou destinatário, relativamente a documento
> > fiscal emitido por terceiro, ainda que em contingência, de confirmar
> > a operação, de informar seu desconhecimento, o desfazimento do
> > negócio, de informar a devolução ou retorno dos bens, na forma e nas
> > condições previstas na legislação tributária: 1 (uma) UPF por
> > documento;
> >
> > X - descumprir o dever de colaboração com o fisco, mediante embaraço
> > ou resistência à ação fiscal, nos termos dos incisos I e II do _caput_ do art. 338 desta Lei Complementar, por qualquer meio: 50
> > (cinquenta) UPF por evento;
> >
> > XI - fornecer, adquirir, importar, receber, transportar, entregar,
> > dar entrada ou saída, ou manter em depósito bem, ou prestar,
> > disponibilizar ou tomar serviço, desacobertados de documento fiscal,
> > inclusive de declarações de informações necessárias à apuração do
> > IBS e da CBS: 100% (cem por cento) do valor do tributo de
> > referência;
> >
> > XII - acobertar mais de uma vez o trânsito de bem ou prestar mais de
> > uma vez serviço de transporte, utilizando o mesmo documento fiscal:
> > 100% (cem por cento) do valor do tributo de referência;
> >
> > XIII - emitir ou utilizar documento fiscal não idôneo, inclusive o
> > documento auxiliar a ele vinculado: 66% (sessenta e seis por cento)
> > do valor do tributo de referência;
> >
> > XIV - falsificar, adulterar, extraviar ou inutilizar documento
> > fiscal: 100% (cem por cento) do valor do tributo de referência;
> >
> > XV - apropriar indevidamente ou deixar de efetuar o estorno ou a
> > anulação do crédito fiscal nas hipóteses previstas na legislação:
> > 66% (sessenta e seis por cento) do crédito;
> >
> > XVI - deixar de emitir documento fiscal referente a aquisição ou
> > entrada de bem ou a aquisição de serviço, no prazo e nas hipóteses
> > previstos na legislação tributária: 100% (cem por cento) do valor do
> > tributo de referência;
> >
> > XVII - cancelar documento fiscal ou informação eletrônica do
> > registro da operação:
> >
> > a) após a ocorrência do fato gerador: 66% (sessenta e seis por
> > cento) do valor do tributo de referência; ou
> >
> > b) após o prazo para cancelamento de documento fiscal previsto na
> > legislação tributária: 33% (trinta e três por cento) do valor do
> > tributo de referência;
> >
> > XVIII - informar Declaração Prévia de Emissão em Contingência com
> > valor divergente do constante do respectivo documento fiscal: 33%
> > (trinta e três por cento) do valor da diferença;
> >
> > XIX - omitir informação relativa a operações de importação ou
> > exportação, ou prestá-la de forma inexata ou incompleta, desde que
> > necessária à determinação do procedimento de controle fiscal: 100
> > (cem) UPF por informação;
> >
> > XX - violar dispositivo de segurança aposto pela fiscalização em
> > unidade de carga: 10 (dez) UPF por dispositivo;
> >
> > XXI - não cumprir as obrigações acessórias relacionadas aos
> > controles específicos para verificação da entrada de bens materiais
> > na Zona Franca de Manaus (ZFM) ou em Área de Livre Comércio,
> > inclusive desembaraço e vistoria: 66% (sessenta e seis por cento) do
> > valor do tributo de referência;
> >
> > XXII - deixar a instalação credenciada, para fins de controles
> > específicos de verificação de entrada de bens materiais na Zona
> > Franca de Manaus ou em Área de Livre Comércio, de atender às
> > exigências mínimas de infraestrutura previstas quando do seu
> > credenciamento: 20 (vinte) UPF por requisito exigido.
> >
> > § 1º As penalidades de que trata este artigo serão majoradas em 50%
> > (cinquenta por cento) no caso de reincidência específica.
> >
> > § 2º Para fins do disposto no § 1º deste artigo, considera-se
> > reincidência específica a recorrência em infração prevista em um
> > mesmo inciso do _caput_ deste artigo, pela mesma pessoa
> > jurídica ou pelos seus sucessores, considerando-se em conjunto todos
> > os seus estabelecimentos, ou pela mesma pessoa natural, dentro de 3
> > (três) anos contados da data em que houver sido efetuado o
> > lançamento anterior.
> >
> > § 3º Para fins do disposto no § 1º deste artigo, aplica-se o
> > previsto nos §§ 4º a 6º do art. 341-F.
> >
> > § 4º Não se aplicam as penalidades previstas no inciso IV deste
> > artigo em caso de mera falha ou erro material que não prejudique o
> > conhecimento acerca da natureza, da discriminação, da procedência e
> > do destino da operação.
> >
> > § 5º Para fins do disposto nos incisos XI, XII, XIII, XIV, XVI, XVII
> > e XXI do _caput_ deste artigo, o valor do tributo de referência
> > corresponde:
> >
> > I - a partir de 2027, para a CBS, e a partir de 2033, para o IBS, à
> > multiplicação da alíquota de referência pelo valor da operação,
> > ainda que se trate de operação imune, isenta, sujeita a alíquota
> > zero, alíquota reduzida ou base de cálculo reduzida, alcançada por
> > diferimento ou suspensão;
> >
> > II - no período de 2027 a 2032, para o IBS, à multiplicação do
> > percentual correspondente ao dobro da alíquota de referência da CBS
> > pelo valor da operação;
> >
> > III - em 2026:
> >
> > a) para a CBS, a 6% (seis por cento) do valor da operação; e
> >
> > b) para o IBS, a 12% (doze por cento) do valor da operação.
> >
> > § 6º Para fins do disposto no inciso XIII do _caput_ deste
> > artigo, considera-se documento fiscal não idôneo, entre outros,
> > aquele:
> >
> > I - que não corresponda efetivamente a operação com bem ou serviço
> > ou a aquisição de bem ou serviço;
> >
> > II - em que conste, como destinatário ou adquirente, pessoa ou
> > estabelecimento diverso daquele a quem o bem ou o serviço de fato se
> > destinar, ou que, de fato, tenha adquirido o bem ou o serviço.
> >
> > § 7º Para fins do disposto no inciso XIX do _caput_ deste
> > artigo:
> >
> > I - considera-se informação necessária à determinação do
> > procedimento de controle fiscal aquela que identifique os
> > responsáveis pela operação, indique a destinação econômica do bem ou
> > serviço e os países de origem, de procedência e de aquisição e
> > descreva as características essenciais do bem material;
> >
> > II - na ocorrência de mais de uma das infrações para o mesmo bem ou
> > serviço, aplica-se a multa somente uma vez;
> >
> > III - o valor da multa não poderá ser superior a 1% (um por cento)
> > do valor total da operação constante do documento fiscal
> > correspondente, observado o limite inferior de 50 (cinquenta) UPF.
> >
> > [Art. \\
> > 341-H](https://www.planalto.gov.br/ccivil_03/leis/lcp/Lcp214.htm#art341h). As multas de que tratam os arts. 341-F
> > e 341-G poderão ser pagas com as seguintes reduções:
> >
> > I - 50% (cinquenta por cento) da penalidade aplicada, se efetuado o
> > pagamento integral do crédito tributário no prazo previsto para
> > apresentação de impugnação administrativa;
> >
> > II - 40% (quarenta por cento) da penalidade aplicada, se efetuado o
> > parcelamento do crédito tributário no prazo previsto para
> > apresentação de impugnação administrativa;
> >
> > III - 30% (trinta por cento) da penalidade aplicada, se efetuado o
> > pagamento integral do crédito tributário após o prazo previsto no
> > inciso I deste artigo e antes da sua inscrição em dívida ativa;
> >
> > IV - 20% (vinte por cento) da penalidade aplicada, se efetuado o
> > parcelamento do crédito tributário após o prazo previsto no inciso
> > II deste artigo e antes da sua inscrição em dívida ativa.
> >
> > § 1º Os percentuais de redução previstos nos incisos I a IV do _caput_ deste artigo serão de, respectivamente, 60% (sessenta por
> > cento), 50% (cinquenta por cento), 40% (quarenta por cento) e 30%
> > (trinta por cento), no caso de sujeitos passivos que:
> >
> > I - participem do Programa Nacional de Conformidade Tributária (PNCT)
> > de que trata o art. 471-A; ou
> >
> > II - tenham bons antecedentes fiscais, nos termos do regulamento.
> >
> > § 2º A rescisão do parcelamento, motivada pelo descumprimento das
> > normas que o regulam, implicará restabelecimento do montante da
> > multa proporcionalmente ao valor do crédito tributário não
> > satisfeito.”
> >
> > “Art. 344.
> > ...................................................................................................................................
> >
> >
> > Parágrafo único.
> > ........................................................................................................................
> >
> >
> > .............................................................................................................................................................
> >
> >
> > [IV -](https://www.planalto.gov.br/ccivil_03/leis/lcp/Lcp214.htm#art344-4) serão consideradas como alíquotas de referência do IBS para
> > fins do disposto no § 2º do art. 189, no § 8º do art. 485, no § 13
> > do art. 486 e no § 12 do art. 487.” (NR)
> >
> > “Art. 348.
> > ...................................................................................................................................
> >
> >
> > .............................................................................................................................................................
> >
> >
> > [§ 3º](https://www.planalto.gov.br/ccivil_03/leis/lcp/Lcp214.htm#art348%C2%A73) Durante o período a que se refere o _caput_ deste artigo,
> > caso seja lavrado auto de infração por descumprimento das obrigações
> > acessórias relativas ao IBS e à CBS previstas no art. 341-G desta
> > Lei Complementar, o sujeito passivo será intimado para, no prazo de
> > 60 (sessenta) dias contado da intimação, suprir a omissão apontada
> > pela fiscalização.
> >
> > [§ 4º](https://www.planalto.gov.br/ccivil_03/leis/lcp/Lcp214.htm#art348%C2%A74) O atendimento à intimação a que se refere o § 3º deste artigo
> > importa extinção da penalidade imposta ao sujeito passivo.” (NR)
> >
> > [“Art. 361.](https://www.planalto.gov.br/ccivil_03/leis/lcp/Lcp214.htm#art361) As alíquotas de referência estadual e municipal do IBS
> > para 2029 serão fixadas com base na estimativa:
> >
> > I - da parcela estadual da receita do IBS em 2027, calculada com
> > base na alíquota de referência estadual, nas alíquotas estaduais dos
> > regimes específicos e na legislação do IBS de 2029, nos termos do
> > art. 360 desta Lei Complementar;
> >
> > II - da parcela municipal da receita do IBS em 2027, calculada com
> > base na alíquota de referência municipal, nas alíquotas municipais
> > dos regimes específicos e na legislação do IBS de 2029, nos termos
> > do art. 360 desta Lei Complementar;
> >
> > III - da receita de referência dos Estados para o ano de 2027 com
> > efeitos da redução de alíquotas em 10% (dez por cento);
> >
> > IV - da receita de referência dos Municípios para o ano de 2027 com
> > efeitos da redução de alíquotas em 10% (dez por cento).
> >
> > § 1º A alíquota de referência do IBS estadual para 2029 será fixada
> > de forma que haja equivalência entre:
> >
> > I - a razão entre a soma dos valores de que tratam os incisos I e
> > III do _caput_ deste artigo e o PIB em 2027; e
> >
> > II - a média da razão entre a receita de referência dos Estados e o
> > PIB nos anos de 2024 a 2026.
> >
> > § 2º A alíquota de referência do IBS municipal para 2029 será fixada
> > de forma que haja equivalência entre:
> >
> > I - a razão entre a soma dos valores de que tratam os incisos II e
> > IV do _caput_ deste artigo e o PIB em 2027; e
> >
> > II - a média da razão entre a receita de referência dos Municípios e
> > o PIB nos anos de 2024 a 2026.
> >
> > § 3º Na elaboração dos cálculos das alíquotas de referência
> > previstas nos §§ 1º e 2º deste artigo, a base de cálculo a ser
> > utilizada nas estimativas tomará por referência:
> >
> > I - prioritariamente, a receita da CBS em 2027, ajustada de modo a
> > contemplar diferenças entre a legislação da CBS em 2027 e a
> > legislação do IBS em 2029;
> >
> > II - subsidiariamente, a receita do IBS em 2027, ajustada de modo a
> > contemplar diferenças na legislação do IBS entre 2027 e 2029, ou
> > outras fontes de informação.” (NR)
> >
> > [“Art. 362.](https://www.planalto.gov.br/ccivil_03/leis/lcp/Lcp214.htm#art362) As alíquotas de referência estadual e municipal do IBS
> > para 2030 serão fixadas com base na estimativa, para cada um dos
> > anos-base de 2027 e 2028:
> >
> > I - da parcela estadual da receita do IBS nos anos-base, calculada
> > com base na alíquota de referência estadual, nas alíquotas estaduais
> > dos regimes específicos e na legislação do IBS de 2030, nos termos
> > do art. 360 desta Lei Complementar;
> >
> > II - da parcela municipal da receita do IBS nos anos-base, calculada
> > com base na alíquota de referência municipal, nas alíquotas
> > municipais dos regimes específicos e na legislação do IBS de 2030,
> > nos termos do art. 360 desta Lei Complementar;
> >
> > III - da receita de referência dos Estados para os anos de 2027 e
> > 2028 com efeitos da redução de alíquotas em 20% (vinte por cento);
> >
> > IV - da receita de referência dos Municípios para os anos de 2027 e
> > 2028 com efeitos da redução de alíquotas em 20% (vinte por cento).
> >
> > § 1º A alíquota de referência do IBS estadual para 2030 será fixada
> > de forma que haja equivalência entre:
> >
> > I - a média da razão apurada em cada um dos anos-base referidos no
> > _caput_ deste artigo entre:
> >
> > a) a soma dos valores de que tratam os incisos I e III do _caput_
> > deste artigo; e
> >
> > b) o PIB; e
> >
> > II - a média da razão entre a receita de referência dos Estados e o
> > PIB nos anos de 2024 a 2026.
> >
> > § 2º A alíquota de referência do IBS municipal para 2030 será fixada
> > de forma que haja equivalência entre:
> >
> > I - a média da razão apurada em cada um dos anos-base referidos no
> > _caput_ deste artigo entre:
> >
> > a) a soma dos valores de que tratam os incisos II e IV do _caput_
> > deste artigo; e
> >
> > b) o PIB; e
> >
> > II - a média da razão entre a receita de referência dos Municípios e
> > o PIB nos anos de 2024 a 2026.
> >
> > § 3º Na elaboração dos cálculos das alíquotas de referência
> > previstas nos §§ 1º e 2º deste artigo, a base de cálculo a ser
> > utilizada nas estimativas tomará por referência:
> >
> > I - prioritariamente, a receita da CBS em 2027 e 2028, ajustada de
> > modo a contemplar diferenças entre a legislação da CBS em 2027 e em
> > 2028 e a legislação do IBS em 2030;
> >
> > II - subsidiariamente, a receita do IBS em 2027 e 2028, ajustada de
> > modo a contemplar diferenças na legislação do IBS entre esses anos e
> > 2030, ou outras fontes de informação.” (NR)
> >
> > [“Art. 363.](https://www.planalto.gov.br/ccivil_03/leis/lcp/Lcp214.htm#art363) As alíquotas de referência estadual e municipal do IBS
> > para 2031 serão fixadas com base na estimativa, para cada um dos
> > anos-base de 2028 e 2029:
> >
> > I - da parcela estadual da receita do IBS nos anos-base, calculada
> > com base na alíquota de referência estadual, nas alíquotas estaduais
> > dos regimes específicos e na legislação do IBS de 2031, nos termos
> > do art. 360 desta Lei Complementar;
> >
> > II - da parcela municipal da receita do IBS nos anos-base, calculada
> > com base na alíquota de referência municipal, nas alíquotas
> > municipais dos regimes específicos e na legislação do IBS de 2031,
> > nos termos do art. 360 desta Lei Complementar;
> >
> > III - da receita de referência dos Estados:
> >
> > a) para o ano de 2028, com efeitos da redução de alíquotas em 30%
> > (trinta por cento); e
> >
> > b) para o ano de 2029, ajustada de forma a excluir os efeitos da
> > redução de alíquotas em 10% (dez por cento) e a incluir os efeitos
> > da redução de alíquotas em 30% (trinta por cento); e
> >
> > IV - da receita de referência dos Municípios:
> >
> > a) para o ano de 2028, com efeitos da redução de alíquotas em 30%
> > (trinta por cento); e
> >
> > b) para o ano de 2029, ajustada de forma a excluir os efeitos da
> > redução de alíquotas em 10% (dez por cento) e a incluir os efeitos
> > da redução de alíquotas em 30% (trinta por cento).
> >
> > § 1º A alíquota de referência do IBS estadual para 2031 será fixada
> > de forma que haja equivalência entre:
> >
> > I - a média da razão apurada em cada um dos anos-base referidos no
> > _caput_ deste artigo entre:
> >
> > a) a soma dos valores de que tratam os incisos I e III do _caput_
> > deste artigo; e
> >
> > b) o PIB; e
> >
> > II - a média da razão entre a receita de referência dos Estados e o
> > PIB nos anos de 2024 a 2026.
> >
> > § 2º A alíquota de referência do IBS municipal para 2031 será fixada
> > de forma que haja equivalência entre:
> >
> > I - a média da razão apurada em cada um dos anos-base referidos no
> > _caput_ deste artigo entre:
> >
> > a) a soma dos valores de que tratam os incisos II e IV do _caput_
> > deste artigo; e
> >
> > b) o PIB; e
> >
> > II - a média da razão entre a receita de referência dos Municípios e
> > o PIB nos anos de 2024 a 2026.
> >
> > § 3º Na elaboração dos cálculos das alíquotas de referência
> > previstas nos §§ 1º e 2º deste artigo, a base de cálculo a ser
> > utilizada nas estimativas tomará por referência:
> >
> > I - em 2028:
> >
> > a) prioritariamente, a receita da CBS, ajustada de modo a contemplar
> > diferenças entre a legislação da CBS em 2028 e a legislação do IBS
> > em 2031;
> >
> > b) subsidiariamente, a receita do IBS em 2028, ajustada de modo a
> > contemplar diferenças na legislação do IBS entre esse ano e 2031, ou
> > outras fontes de informação;
> >
> > II - em 2029, prioritariamente a receita do IBS, ajustada de modo a
> > contemplar diferenças na legislação do IBS entre esse ano e 2031, e,
> > subsidiariamente, outras fontes de informação.” (NR)
> >
> > [“Art. 364.](https://www.planalto.gov.br/ccivil_03/leis/lcp/Lcp214.htm#art364) As alíquotas de referência estadual e municipal do IBS
> > para 2032 serão fixadas com base na estimativa, para cada um dos
> > anos-base de 2029 e 2030:
> >
> > I - da parcela estadual da receita do IBS nos anos-base, calculada
> > com base na alíquota de referência estadual, nas alíquotas estaduais
> > dos regimes específicos e na legislação do IBS de 2032, nos termos
> > do art. 360 desta Lei Complementar;
> >
> > II - da parcela municipal da receita do IBS nos anos-base, calculada
> > com base na alíquota de referência municipal, nas alíquotas
> > municipais dos regimes específicos e na legislação do IBS de 2032,
> > nos termos do art. 360 desta Lei Complementar;
> >
> > III - da receita de referência dos Estados:
> >
> > a) para o ano de 2029, ajustada de forma a excluir os efeitos da
> > redução de alíquotas em 10% (dez por cento) e a incluir os efeitos
> > da redução de alíquotas em 40% (quarenta por cento); e
> >
> > b) para o ano de 2030, ajustada de forma a excluir os efeitos da
> > redução de alíquotas em 20% (vinte por cento) e a incluir os efeitos
> > da redução de alíquotas em 40% (quarenta por cento); e
> >
> > IV - da receita de referência dos Municípios:
> >
> > a) para o ano de 2029, ajustada de forma a excluir os efeitos da
> > redução de alíquotas em 10% (dez por cento) e a incluir os efeitos
> > da redução de alíquotas em 40% (quarenta por cento); e
> >
> > b) para o ano de 2030, ajustada de forma a excluir os efeitos da
> > redução de alíquotas em 20% (vinte por cento) e a incluir os efeitos
> > da redução de alíquotas em 40% (quarenta por cento).
> >
> > § 1º A alíquota de referência do IBS estadual para 2032 será fixada
> > de forma que haja equivalência entre:
> >
> > I - a média da razão apurada em cada um dos anos-base referidos no
> > _caput_ entre:
> >
> > a) a soma dos valores de que tratam os incisos I e III do _caput_
> > deste artigo; e
> >
> > b) o PIB; e
> >
> > II - a média da razão entre a receita de referência dos Estados e o
> > PIB nos anos de 2024 a 2026.
> >
> > § 2º A alíquota de referência do IBS municipal para 2032 será fixada
> > de forma que haja equivalência entre:
> >
> > I - a média da razão apurada em cada um dos anos-base referidos no
> > _caput_ deste artigo entre:
> >
> > a) a soma dos valores de que tratam os incisos II e IV do _caput_
> > deste artigo; e
> >
> > b) o PIB; e
> >
> > II - a média da razão entre a receita de referência dos Municípios e
> > o PIB nos anos de 2024 a 2026.
> >
> > § 3º Na elaboração dos cálculos das alíquotas de referência
> > previstas nos §§ 1º e 2º deste artigo, a base de cálculo a ser
> > utilizada nas estimativas tomará por referência em 2029 e 2030,
> > prioritariamente, a receita do IBS, ajustada de modo a contemplar
> > diferenças na legislação do IBS entre esses anos e 2032, e,
> > subsidiariamente, outras fontes de informação.” (NR)
> >
> > [“Art. 365.](https://www.planalto.gov.br/ccivil_03/leis/lcp/Lcp214.htm#art365) As alíquotas de referência estadual e municipal do IBS
> > para 2033 serão fixadas com base na estimativa, para cada um dos
> > anos-base de 2030 e 2031:
> >
> > I - da parcela estadual da receita do IBS nos anos-base, calculada
> > com base na alíquota de referência estadual, nas alíquotas estaduais
> > dos regimes específicos e na legislação do IBS de 2033, nos termos
> > do art. 360 desta Lei Complementar; e
> >
> > II - da parcela municipal da receita do IBS nos anos-base, calculada
> > com base na alíquota de referência municipal, nas alíquotas
> > municipais dos regimes específicos e na legislação do IBS de 2033,
> > nos termos do art. 360 desta Lei Complementar.
> >
> > § 1º A alíquota de referência do IBS estadual para 2033 será fixada
> > de forma que haja equivalência entre:
> >
> > I - a média da razão entre o valor de que trata o inciso I do _caput_ deste artigo e o PIB nos anos-base referidos no _caput_
> > deste artigo; e
> >
> > II - a média da razão entre a receita de referência dos Estados e o
> > PIB nos anos de 2024 a 2026.
> >
> > § 2º A alíquota de referência do IBS municipal para 2033 será fixada
> > de forma que haja equivalência entre:
> >
> > I - a média da razão entre o valor de que trata o inciso II do _caput_ deste artigo e o PIB nos anos-base referidos no _caput_
> > deste artigo; e
> >
> > II - a média da razão entre a receita de referência dos Municípios e
> > o PIB nos anos de 2024 a 2026.
> >
> > § 3º Na elaboração dos cálculos das alíquotas de referência
> > previstas nos §§ 1º e 2º deste artigo, a base de cálculo a ser
> > utilizada nas estimativas tomará por referência em 2030 e 2031,
> > prioritariamente, a receita do IBS, ajustada de modo a contemplar
> > diferenças na legislação do IBS entre esses anos e 2033, e,
> > subsidiariamente, outras fontes de informação.” (NR)
> >
> > [“Art. 384.](https://www.planalto.gov.br/ccivil_03/leis/lcp/Lcp214.htm#art384) As pessoas físicas ou jurídicas titulares de benefícios
> > onerosos relativos ao ICMS, em função da redução do nível desses
> > benefícios decorrente do disposto no
> > [art. 128 do ADCT](https://www.planalto.gov.br/ccivil_03/Constituicao/Constituicao.htm#adctart128), no período
> > entre 1º de janeiro de 2029 e 31 de dezembro de 2032, serão
> > compensadas por recursos do Fundo de Compensação de Benefícios
> > Fiscais ou Financeiro-Fiscais instituído pelo
> > [art. 12 da Emenda \\
> > Constitucional nº 132, de 20 de dezembro de 2023](https://www.planalto.gov.br/ccivil_03/Constituicao/Emendas/Emc/emc132.htm#art12), de acordo com os
> > critérios e limites para apuração do nível de benefícios e de sua
> > redução e com os procedimentos de análise dos requisitos para
> > habilitação do requerente à compensação estabelecidos nesta Lei
> > Complementar.
> >
> > Parágrafo único.
> > ........................................................................................................................
> >
> >
> > .............................................................................................................................................................
> >
> >
> > [IV -](https://www.planalto.gov.br/ccivil_03/leis/lcp/Lcp214.htm#art384p-4) adotará como parâmetro para o cálculo da redução do nível de
> > benefícios fiscais ou financeiro-fiscais a legislação vigente em 31
> > de maio de 2023, ou, quando for o caso, na data de início de
> > produção de efeitos dos benefícios que migraram nos termos do inciso
> > II deste parágrafo.” (NR)
> >
> > [“Art. 392.](https://www.planalto.gov.br/ccivil_03/leis/lcp/Lcp214.htm#art392) A RFB processará o montante calculado para fins de
> > compensação, na forma do art. 384 desta Lei Complementar, e, exceto
> > se existirem indícios de irregularidade ou o montante incidir em
> > parâmetros de risco, o respectivo crédito será automaticamente
> > reconhecido e autorizado em pagamento em até 60 (sessenta) dias a
> > contar:
> >
> > I - do vencimento do prazo para transmissão da escrituração fiscal
> > que contenha a sua demonstração;
> >
> > II - da data de transmissão, se efetuada em atraso; ou
> >
> > III - da data da retificação efetuada após o vencimento do prazo
> > para transmissão.
> >
> > .....................................................................................................................................................
> > ” (NR)
> >
> > “Art. 408.
> > ...................................................................................................................................
> >
> >
> > [§ 1º](https://www.planalto.gov.br/ccivil_03/leis/lcp/Lcp214.htm#art408%C2%A71) Caso a mesma situação prevista em lei configure, até 31 de
> > dezembro de 2026, fato gerador da Contribuição para o PIS/Pasep e da Cofins ou da Contribuição para o PIS/Pasep-Importação e da
> > Cofins-Importação, e, a partir de 1º de janeiro de 2027, fato
> > gerador da CBS, deverá ser observado o seguinte:
> >
> > .............................................................................................................................................................
> >
> >
> > [§ 2º](https://www.planalto.gov.br/ccivil_03/leis/lcp/Lcp214.htm#art408%C2%A72) Não se aplicará o disposto no § 1º deste artigo nas hipóteses
> > em que a apuração e o recolhimento da CBS forem realizados nos
> > termos de regimes opcionais previstos nos arts. 485 a 487 desta Lei
> > Complementar, caso em que será exigida a CBS e não serão exigidas as
> > contribuições sociais de que trata o inciso II do § 1º deste artigo.
> >
> > .....................................................................................................................................................
> > ” (NR)
> >
> > “Art. 414.
> > ...................................................................................................................................
> >
> >
> > .............................................................................................................................................................
> >
> >
> > III -
> > ............................................................................................................................................
> >
> >
> > .............................................................................................................................................................
> >
> >
> > [c)](https://www.planalto.gov.br/ccivil_03/leis/lcp/Lcp214.htm#art414-3c) comercialização e importação de produtos fumígenos;
> >
> > .............................................................................................................................................................
> >
> >
> > [VI -](https://www.planalto.gov.br/ccivil_03/leis/lcp/Lcp214.htm#art414-6) o valor de mercado do bem, nas demais hipóteses.
> >
> > .....................................................................................................................................................
> > ” (NR)
> >
> > “Art. 422.
> > ...................................................................................................................................
> >
> >
> > .............................................................................................................................................................
> >
> >
> > [§ 2º](https://www.planalto.gov.br/ccivil_03/leis/lcp/Lcp214.htm#art422%C2%A72) As alíquotas do Imposto Seletivo respeitarão o percentual
> > máximo de 0,25% (vinte e cinco centésimos por cento), nas operações
> > com bens minerais extraídos.
> >
> > .............................................................................................................................................................
> >
> >
> > [§ 5º](https://www.planalto.gov.br/ccivil_03/leis/lcp/Lcp214.htm#art422%C2%A75) As alíquotas do Imposto Seletivo incidentes sobre os produtos
> > previstos nos incisos III a V do § 1º do art. 409 desta Lei
> > Complementar serão fixadas de forma escalonada, de modo a
> > incorporar, a partir de 2029 até 2033, progressivamente, o
> > diferencial entre as alíquotas de ICMS incidentes sobre os produtos fumígenos, as bebidas alcoólicas e as bebidas açucaradas e as
> > alíquotas modais desse imposto.
> >
> > .....................................................................................................................................................
> > ” (NR)
> >
> > “Art. 424.
> > ...................................................................................................................................
> >
> >
> > [I -](https://www.planalto.gov.br/ccivil_03/leis/lcp/Lcp214.htm#art424-1) o fabricante, no primeiro fornecimento, na incorporação do bem
> > ao ativo imobilizado, na tradição do bem em transação não onerosa ou
> > no consumo do bem;
> >
> > .....................................................................................................................................................
> > ” (NR)
> >
> > “Art. 434.
> > ...................................................................................................................................
> >
> >
> > .............................................................................................................................................................
> >
> >
> > [§ 2º-A.](https://www.planalto.gov.br/ccivil_03/leis/lcp/Lcp214.htm#art434%C2%A72a) No caso de importação de produtos fumígenos sujeitos à
> > alíquota _ad valorem_ do Imposto Seletivo, a base de cálculo
> > será a maior entre a prevista na alínea “c” do inciso III do
> > art. 414 e a prevista no § 2º deste artigo.
> >
> > .....................................................................................................................................................
> > ” (NR)
> >
> > “Art. 440.
> > ...................................................................................................................................
> >
> >
> > .............................................................................................................................................................
> >
> >
> > [II -](https://www.planalto.gov.br/ccivil_03/leis/lcp/Lcp214.htm#art440-2) indústria incentivada a pessoa jurídica contribuinte do IBS e
> > da CBS e habilitada na forma do inciso II do art. 442 desta Lei
> > Complementar para fruição de benefícios fiscais na industrialização
> > de bens na Zona Franca de Manaus, exceto aqueles de que trata o
> > art. 441 desta Lei Complementar;
> >
> > .....................................................................................................................................................
> > ” (NR)
> >
> > “Art. 442.
> > ...................................................................................................................................
> >
> >
> > [I -](https://www.planalto.gov.br/ccivil_03/leis/lcp/Lcp214.htm#art442-1) a inscrição específica em cadastro da Superintendência da Zona
> > Franca de Manaus (Suframa), para a pessoa jurídica que desenvolva
> > atividade comercial ou de fornecimento de serviços ou industrial não
> > alcançada pelo disposto no inciso II deste artigo; e
> >
> > [II -](https://www.planalto.gov.br/ccivil_03/leis/lcp/Lcp214.htm#art442-2) a inscrição específica e aprovação de projeto técnico-econômico
> > pelo Conselho de Administração da Suframa, com base nos respectivos
> > processos produtivos básicos, para pessoa jurídica que desenvolva
> > atividade industrial incentivada.
> >
> > .....................................................................................................................................................
> > ” (NR)
> >
> > [“Art. 450.](https://www.planalto.gov.br/ccivil_03/leis/lcp/Lcp214.htm#art450) São concedidos à indústria incentivada na Zona Franca de
> > Manaus créditos presumidos de IBS e de CBS relativos à operação que
> > destine ao território nacional, inclusive para a própria Zona Franca
> > de Manaus, bem material produzido pela própria indústria incentivada
> > na referida área nos termos do projeto econômico aprovado, exceto em
> > relação às operações previstas no art. 448 desta Lei Complementar.
> >
> > .............................................................................................................................................................
> >
> >
> > [§ 6º](https://www.planalto.gov.br/ccivil_03/leis/lcp/Lcp214.htm#art450%C2%A76) A aplicação do crédito presumido de IBS de que trata o § 1º
> > deste artigo observará o seguinte:
> >
> > I - considera-se saldo devedor do IBS, para cada percentual de
> > incentivo, o saldo apurado na forma do _caput_ e do § 1º do
> > art. 45 desta Lei Complementar, excluindo-se o crédito presumido de
> > que trata o § 1º deste artigo;
> >
> > II - os percentuais de incentivo serão aplicados a cada débito de
> > IBS para reduzir os valores a serem recolhidos ou pagos nas
> > modalidades de extinção previstas nos incisos III a V do _caput_
> > do art. 27 desta Lei Complementar, assegurada a apropriação do
> > crédito;
> >
> > III - após a apuração do saldo devedor de IBS de que trata o inciso
> > I deste parágrafo, será deduzido o crédito presumido de que trata o
> > § 1º deste artigo e, em seguida, as deduções de que trata o § 3º do
> > art. 45 desta Lei Complementar; e
> >
> > IV - sem prejuízo das demais transferências previstas nesta Lei
> > Complementar, na hipótese em que houver saldo a recuperar, apurado
> > nos termos do § 3º do art. 45, os valores dos débitos extintos pelas
> > modalidades previstas nos incisos III a V do _caput_ do art. 27
> > no período de apuração serão transferidos à indústria incentivada,
> > até limite do referido saldo a recuperar, em até 3 (três) dias úteis
> > contados da data da conclusão da apuração.” (NR)
> >
> > “Art. 460.
> > ...................................................................................................................................
> >
> >
> > [I -](https://www.planalto.gov.br/ccivil_03/leis/lcp/Lcp214.htm#art460-1) a inscrição específica em cadastro da Superintendência da Zona
> > Franca de Manaus (Suframa), para a pessoa jurídica que desenvolva
> > atividade comercial ou de fornecimento de serviços ou industrial não
> > alcançada pelo disposto no inciso II deste artigo; e
> >
> > [II -](https://www.planalto.gov.br/ccivil_03/leis/lcp/Lcp214.htm#art460-2) a inscrição específica e aprovação de projeto técnico-econômico
> > pelo Conselho de Administração da Suframa para desenvolvimento de
> > atividade de industrialização de produtos em cuja composição final
> > haja preponderância de matérias-primas de origem regional,
> > provenientes dos segmentos animal, vegetal, mineral, exceto os
> > minérios do Capítulo 26 da NCM/SH, ou agrossilvopastoril, observada
> > a legislação ambiental pertinente, para pessoa jurídica que
> > desenvolva atividade industrial incentivada.
> >
> > .....................................................................................................................................................
> > ” (NR)

[“LIVRO III](https://www.planalto.gov.br/ccivil_03/leis/lcp/Lcp214.htm#livro3)

DAS DEMAIS DISPOSIÇÕES

TÍTULO I

DA ZONA FRANCA DE MANAUS, DAS ÁREAS DE
LIVRE COMÉRCIO, DA DEVOLUÇÃO DO IBS E DA CBS AO TURISTA ESTRANGEIRO, DO
PROGRAMA NACIONAL DE CONFORMIDADE TRIBUTÁRIA E DAS PENALIDADES
ADMINISTRATIVAS NÃO TRIBUTÁRIAS RELATIVAS AO RECOLHIMENTO DOS TRIBUTOS NA
LIQUIDAÇÃO FINANCEIRA ( _SPLIT PAYMENT_)

.............................................................................................................................................................


[CAPÍTULO IV](https://www.planalto.gov.br/ccivil_03/leis/lcp/Lcp214.htm#capitulo4)

DO PROGRAMA NACIONAL DE CONFORMIDADE
TRIBUTÁRIA

> > [Art. \\
> > 471-A](https://www.planalto.gov.br/ccivil_03/leis/lcp/Lcp214.htm#art471a).
> > É instituído o Programa Nacional de Conformidade Tributária (PNCT),
> > destinado a integrar os regimes de conformidade tributária do IBS e
> > da CBS, com vistas a promover a segurança jurídica, a
> > previsibilidade, a transparência e a melhoria da relação entre as
> > administrações tributárias e os contribuintes.
> >
> > § 1º A adesão ao PNCT será voluntária e dependerá do cumprimento de
> > critérios objetivos previstos em regulamento.
> >
> > § 2º O PNCT será regulamentado por ato conjunto do CGIBS e da RFB,
> > observado o disposto nesta Lei Complementar.
> >
> > [Art. \\
> > 471-B.](https://www.planalto.gov.br/ccivil_03/leis/lcp/Lcp214.htm#art471b) O
> > PNCT terá como objetivos:
> >
> > I - incentivar a regularidade fiscal dos contribuintes por meio de
> > mecanismos de orientação e prevenção;
> >
> > II - promover a autorregularização de obrigações tributárias,
> > permitindo que contribuintes regularizem sua situação antes do
> > lançamento; e
> >
> > III - estabelecer tratamento diferenciado a contribuintes com
> > histórico de conformidade.
> >
> > [Art. \\
> > 471-C.](https://www.planalto.gov.br/ccivil_03/leis/lcp/Lcp214.htm#art471c)
> > Para os contribuintes participantes, o PNCT poderá prever:
> >
> > I - prazo ampliado para cumprimento de obrigações acessórias,
> > conforme regulamentação;
> >
> > II - priorização da análise de pedidos de ressarcimento do IBS e da
> > CBS, conforme definido no inciso I do § 3º do art. 39 desta Lei
> > Complementar;
> >
> > III - redução de penalidades por descumprimento de obrigação
> > principal ou acessória, nos termos do § 1º do art. 341-H desta Lei
> > Complementar;
> >
> > IV - análise prioritária das soluções de consulta e orientação
> > tributária;
> >
> > V - redução de exigências documentais e procedimentos
> > administrativos;
> >
> > VI - flexibilização da exigência de verificação do valor de mercado
> > nas operações entre partes relacionadas, nos termos do § 7º do
> > art. 5º desta Lei Complementar;
> >
> > VII - outros incentivos estabelecidos em regulamento de que trata o
> > § 2º do art. 471-A.
> >
> > Parágrafo único. O disposto nos incisos II, III e V aplica-se, em
> > relação ao IBS e à CBS, exclusivamente no âmbito do PNCT.”

[“CAPÍTULO V](https://www.planalto.gov.br/ccivil_03/leis/lcp/Lcp214.htm#capitulo5)

DAS PENALIDADES ADMINISTRATIVAS NÃO
TRIBUTÁRIAS RELATIVAS AO RECOLHIMENTO DOS TRIBUTOS NA LIQUIDAÇÃO FINANCEIRA
( _SPLIT PAYMENT_)

> > [Art. \\
> > 471-D.](https://www.planalto.gov.br/ccivil_03/leis/lcp/Lcp214.htm#art471d)
> > O prestador de serviços de pagamento eletrônico e a instituição
> > operadora de sistemas de pagamento sujeitam-se às seguintes
> > penalidades administrativas de natureza não tributária relativas à
> > execução e ao controle do recolhimento do IBS e da CBS na liquidação
> > financeira ( _split payment_):
> >
> > I - deixar de segregar ou segregar em desacordo com a legislação os
> > valores relativos ao IBS e à CBS: 0,1 (um décimo) de UPF por
> > transação;
> >
> > II - deixar de recolher ou recolher em atraso, ou a menor, os
> > valores segregados de IBS e CBS: multa de mora correspondente à
> > aplicação de 3% (três por cento) por mês ou fração sobre o valor não
> > recolhido, recolhido em atraso ou a menor;
> >
> > III - comunicar em atraso ou em desacordo com a legislação as
> > informações relativas à segregação e ao recolhimento efetuados:
> > 0,001 (um milésimo) de UPF por transação, por dia ou fração de dia
> > de atraso.
> >
> > § 1º Fica excluída a responsabilidade do prestador de serviços de
> > pagamento e da instituição operadora de sistemas de pagamento quando
> > a infração tiver sido motivada por informação não prestada ou
> > prestada de forma incorreta pelo fornecedor, pelo adquirente, pela
> > plataforma digital ou por outra pessoa ou entidade sem personalidade
> > jurídica que receber o pagamento, nos termos do § 2º do art. 32
> > desta Lei Complementar.
> >
> > § 2º As multas previstas neste artigo serão acrescidas de juros de
> > mora equivalentes à taxa Selic, acumulada mensalmente, calculada a
> > partir do primeiro dia do mês subsequente ao da ocorrência da
> > infração, até o mês anterior ao do pagamento, e de 1% (um por cento)
> > no mês do pagamento.
> >
> > § 3º Ato conjunto da RFB e do CGIBS estabelecerá, para cada uma das
> > penalidades a que se referem os incisos I e III do _caput_
> > deste artigo, limite de tolerância para o percentual de transações
> > desconformes a cada mês, o qual não poderá ser inferior a 0,01% (um
> > centésimo por cento) e nem superior a:
> >
> > I - 1% (um por cento) nos primeiros 24 (vinte e quatro) meses
> > contados a partir de 1º de janeiro de 2027; e
> >
> > II - 0,5% (cinco décimos por cento) após o prazo de que trata o
> > inciso I deste parágrafo.
> >
> > § 4º As penalidades a que se referem os incisos I e III do _caput_
> > deste artigo serão reduzidas em 100% (cem por cento) caso o
> > percentual de transações desconformes seja inferior ao limite de
> > tolerância definido pelo ato conjunto de que trata o § 3º deste
> > artigo.
> >
> > [Art. \\
> > 471-E.](https://www.planalto.gov.br/ccivil_03/leis/lcp/Lcp214.htm#art471e)
> > A prática reiterada das infrações de que trata o art. 471-D
> > configura violação das normas que regulamentam o sistema financeiro
> > e de pagamentos e enseja a aplicação de penalidades pelo órgão
> > regulador competente, sem prejuízo das multas de que trata o
> > art. 471-D.
> >
> > § 1º Para fins do disposto neste artigo, caracteriza prática
> > reiterada das infrações:
> >
> > I - o descumprimento do disposto nos incisos I, II ou III do _caput_ do art. 471-D em relação a 10% (dez por cento) ou mais da
> > quantidade total de transações no mês, em 2 (dois) meses sucessivos
> > ou alternados, a cada período de 12 (doze) meses; ou
> >
> > II - o descumprimento do disposto nos incisos I ou II do _caput_
> > do art. 471-D em relação a 10% (dez por cento) ou mais do valor
> > total das transações no mês, em 2 (dois) meses sucessivos ou
> > alternados, a cada período de 12 (doze) meses.
> >
> > § 2º Na hipótese deste artigo:
> >
> > I - o órgão regulador a que se refere o _caput_ poderá aplicar
> > as seguintes penalidades:
> >
> > a) suspensão temporária da autorização para prestar serviços
> > financeiros ou de pagamento;
> >
> > b) cassação da autorização para funcionamento;
> >
> > II - o CGIBS e a RFB poderão, mediante ato conjunto:
> >
> > a) declarar inapta a inscrição no CNPJ; ou
> >
> > b) suspender o CNPJ.
> >
> > [Art. \\
> > 471-F.](https://www.planalto.gov.br/ccivil_03/leis/lcp/Lcp214.htm#art471f)
> > O prestador de serviço de pagamento ou a instituição operadora do
> > sistema de pagamento poderá impugnar a penalidade aplicada, no prazo
> > de até 20 (vinte) dias úteis, contado da notificação da infração, em
> > petição dirigida à RFB, relativamente à CBS, e ao CGIBS,
> > relativamente ao IBS.
> >
> > § 1º Da decisão do órgão revisor de que trata o _caput_ deste
> > artigo, caberá recurso hierárquico uma única vez, no prazo de 10
> > (dez) dias úteis, contado da ciência da decisão recorrida, à
> > autoridade hierárquica imediatamente superior, que decidirá de forma
> > definitiva.
> >
> > § 2º Na hipótese de o recurso ser considerado improcedente, o
> > prestador de serviço de pagamento ou a instituição operadora do
> > sistema de pagamento tem o prazo de até 20 (vinte) dias úteis,
> > contado da decisão, para efetuar o recolhimento das multas previstas
> > no art. 471-D.”
> >
> > [“Art. 472.](https://www.planalto.gov.br/ccivil_03/leis/lcp/Lcp214.htm#art472.0) Nas aquisições de bens e serviços por pessoa jurídica de
> > direito público interno, as alíquotas do IBS e da CBS serão
> > reduzidas, de modo uniforme, na proporção do redutor fixado:
> >
> > .............................................................................................................................................................
> >
> >
> > [Parágrafo único.](https://www.planalto.gov.br/ccivil_03/leis/lcp/Lcp214.htm#art472p) Não se aplica o disposto neste artigo nas seguintes
> > hipóteses:
> >
> > I - aquisições que, cumulativamente, sejam efetuadas de forma
> > presencial e sejam dispensadas de licitação, nos termos da
> > legislação específica;
> >
> > II - aquisições sujeitas às alíquotas nacionalmente uniformes de que
> > tratam os arts. 174, 175, 189, 212, 236, 237, 243, 246, incisos II e
> > III do § 4º do art. 293, incisos II e III do _caput_ do
> > art. 294, incisos I e II do _caput_ do art. 485, § 1º do
> > art. 486 e § 2º do art. 487, todos desta Lei Complementar; ou
> >
> > III - aquisições sujeitas aos regimes do Simples Nacional ou do
> > Microempreendedor Individual (MEI), de que trata a
> > [Lei Complementar \\
> > nº 123, de 14 de dezembro de 2006.](https://www.planalto.gov.br/ccivil_03/leis/lcp/Lcp123.htm)” (NR)
> >
> > “Art. 473.
> > ...................................................................................................................................
> >
> >
> > .............................................................................................................................................................
> >
> >
> > [§ 4º](https://www.planalto.gov.br/ccivil_03/leis/lcp/Lcp214.htm#art473%C2%A74) Nas aquisições realizadas por consórcio público com
> > personalidade jurídica de direito público:
> >
> > I - as alíquotas serão fixadas na forma do § 1º deste artigo,
> > equiparando-se a aquisição à realizada pelo Município da sede do
> > consórcio público;
> >
> > II - o produto da arrecadação do IBS e da CBS será integralmente
> > destinado aos entes federativos integrantes do consórcio público, na
> > proporção de sua participação no financiamento da aquisição
> > realizada;
> >
> > III - o documento fiscal será emitido em nome do consórcio público.
> >
> > § 5º Observados os critérios estabelecidos em ato conjunto do CGIBS
> > e da RFB, para fins do disposto no inciso II do § 4º deste artigo, o
> > consórcio público deverá informar ao CGIBS e, quando cabível, à RFB
> > a proporção da participação de cada ente federativo no financiamento
> > da aquisição realizada.
> >
> > § 6º Para fins do disposto neste artigo, aplica-se ao CGIBS o
> > tratamento disposto aos consórcios públicos.” (NR)
> >
> > “Art. 475.
> > ...................................................................................................................................
> >
> >
> > .............................................................................................................................................................
> >
> >
> > [§ 7º](https://www.planalto.gov.br/ccivil_03/leis/lcp/Lcp214.htm#art475%C2%A77) O Tribunal de Contas da União e os Tribunais de Contas dos
> > Estados, do Distrito Federal, dos Municípios e Municipais, em
> > decorrência do exercício de suas competências, e a sociedade civil,
> > por meio de suas entidades setoriais, poderão oferecer subsídios
> > para a avaliação quinquenal de que trata este artigo.
> >
> > .............................................................................................................................................................
> >
> >
> > [§ 10.](https://www.planalto.gov.br/ccivil_03/leis/lcp/Lcp214.htm#art475%C2%A710) Na avaliação quinquenal de que trata o § 9º, serão estimadas
> > as alíquotas de referência de IBS e CBS em 2033.
> >
> > .....................................................................................................................................................
> > ” (NR)
> >
> > “Art. 481.
> > ...................................................................................................................................
> >
> >
> > .............................................................................................................................................................
> >
> >
> > [§ 2º](https://www.planalto.gov.br/ccivil_03/leis/lcp/Lcp214.htm#art481%C2%A72) A escolha dos representantes dos Municípios no Conselho
> > Superior do CGIBS, a que se refere o inciso II do _caput_ deste
> > artigo, será efetuada, excepcionalmente para fins de instalação do
> > CGIBS provisório de que trata o _caput_ do art. 480 desta Lei
> > Complementar, mediante indicação pela Confederação Nacional de
> > Municípios (CNM) e pela Frente Nacional de Prefeitas e Prefeitos (FNP).
> >
> > [§ 3º](https://www.planalto.gov.br/ccivil_03/leis/lcp/Lcp214.htm#art481%C2%A73) (Revogado).
> >
> > [§ 4º](https://www.planalto.gov.br/ccivil_03/leis/lcp/Lcp214.htm#art481%C2%A74) Os Municípios somente poderão indicar, dentre os membros a que
> > se refere o inciso II do _caput_ deste artigo, 1 (um) único
> > membro titular ou suplente.
> >
> > [§ 5º](https://www.planalto.gov.br/ccivil_03/leis/lcp/Lcp214.htm#art481%C2%A75) A CNM indicará os representantes referidos na alínea “a” do
> > inciso II do § 1º deste artigo, e a FNP os representantes referidos
> > na alínea “b” do inciso II do § 1º deste artigo, observado o
> > seguinte:
> >
> > .............................................................................................................................................................
> >
> >
> > [VI -](https://www.planalto.gov.br/ccivil_03/leis/lcp/Lcp214.htm#art481%C2%A75-6) as indicações de cada entidade serão aprovadas previamente na
> > instância máxima de deliberação da respectiva associação de
> > representação de Municípios, com ampla publicidade, respeitado o
> > direito de participação de Municípios não associados.
> >
> > [§ 5º-A.](https://www.planalto.gov.br/ccivil_03/leis/lcp/Lcp214.htm#art481%C2%A75a) Se uma das associações de representação de Municípios não
> > apresentar as indicações conforme dispõe o § 5º deste artigo até 31
> > de outubro de 2025, a outra associação poderá indicar os
> > representantes em seu lugar.
> >
> > [§ 6º](https://www.planalto.gov.br/ccivil_03/leis/lcp/Lcp214.htm#art481%C2%A76) (Revogado).
> >
> > [§ 7º](https://www.planalto.gov.br/ccivil_03/leis/lcp/Lcp214.htm#art481%C2%A77) (Revogado).
> >
> > [§ 8º](https://www.planalto.gov.br/ccivil_03/leis/lcp/Lcp214.htm#art481%C2%A78) (Revogado).
> >
> > [§ 9º](https://www.planalto.gov.br/ccivil_03/leis/lcp/Lcp214.htm#art481%C2%A79) (Revogado).
> >
> > [§ 10.](https://www.planalto.gov.br/ccivil_03/leis/lcp/Lcp214.htm#art481%C2%A710) (Revogado).
> >
> > .....................................................................................................................................................
> > ” (NR)
> >
> > [“Art. 482-A.](https://www.planalto.gov.br/ccivil_03/leis/lcp/Lcp214.htm#art482a) O disposto nos arts. 480 a 482 aplica-se apenas ao
> > CGIBS provisório previsto no _caput_ do art. 480.
> >
> > § 1º Os mandatos dos representantes indicados na forma dos §§ 2º, 5º
> > e 5º-A do art. 481 estendem-se até 31 de março de 2027.
> >
> > § 2º Na hipótese de o regulamento eleitoral não ter sido aprovado e
> > publicado por ato conjunto da CNM e da FNP até 31 de janeiro de
> > 2027, caberá ao CGIBS disciplinar e conduzir a primeira eleição.”
> >
> > “Art. 483.
> > ...................................................................................................................................
> >
> >
> > § 1º
> > ...........................................................................................................................................
> >
> >
> > I -
> > .............................................................................................................................................
> >
> >
> > .............................................................................................................................................................
> >
> >
> > [b)](https://www.planalto.gov.br/ccivil_03/leis/lcp/Lcp214.htm#art483%C2%A71-1b) nos termos previstos nos §§ 2º, 4º e 5º do art. 481 desta Lei
> > Complementar, no caso dos Municípios e do Distrito Federal;
> >
> > .............................................................................................................................................................
> >
> >
> > [§ 2º](https://www.planalto.gov.br/ccivil_03/leis/lcp/Lcp214.htm#art483%C2%A72) Até que seja realizado o aporte da União de que trata o
> > art. 484 desta Lei Complementar, as despesas necessárias à atuação
> > do Conselho Superior do CGIBS serão custeadas pelos entes de origem
> > dos respectivos membros, devendo ser ressarcidas pelo CGIBS, a
> > partir do exercício de 2026, acrescidas de remuneração com base na
> > taxa Selic das datas de pagamento das despesas até seus respectivos
> > ressarcimentos aos entes federativos.
> >
> > .............................................................................................................................................................
> >
> >
> > [§ 5º](https://www.planalto.gov.br/ccivil_03/leis/lcp/Lcp214.htm#art483%C2%A75) Para fins de viabilizar a gestão orçamentária, financeira,
> > contábil, operacional e patrimonial, enquanto não for estruturado
> > seu próprio Sistema Único e Integrado de Execução Orçamentária,
> > Administração Financeira e Controle (Siafic), o CGIBS poderá firmar
> > acordo de cooperação técnica com 1 (um) ou mais entes federativos,
> > com vistas à disponibilização, ao desenvolvimento, à customização, à
> > manutenção e à hospedagem do Siafic, bem como dos demais sistemas
> > estruturantes necessários ao desempenho de suas funções, devendo ser
> > ressarcidos pelo CGIBS, acrescidos de remuneração com base na taxa
> > Selic das datas de pagamento das despesas até seus respectivos
> > ressarcimentos aos entes federativos, os custos decorrentes dos
> > referidos acordos de cooperação técnica.” (NR)
> >
> > [“Art. 484.](https://www.planalto.gov.br/ccivil_03/leis/lcp/Lcp214.htm#art484.0) A União custeará, por meio de operação de crédito, as
> > despesas necessárias à instalação do CGIBS, no período de 2025 a
> > 2028, no montante de até R$ 3.800.000.000,00 (três bilhões e
> > oitocentos milhões de reais), distribuído da seguinte maneira:
> >
> > I - em 2025, no valor de R$ 600.000.000,00 (seiscentos milhões de
> > reais), reduzido de 1/12 (um doze avos) por mês que haja
> > transcorrido até, inclusive, o mês em que se der a comunicação de
> > que trata o inciso IV do § 1º do art. 483 desta Lei Complementar;
> >
> > II - em 2026, no valor de R$ 800.000.000,00 (oitocentos milhões de
> > reais);
> >
> > III - em 2027, no valor de R$ 1.200.000.000,00 (um bilhão e duzentos
> > milhões de reais); e
> >
> > IV - em 2028, no valor de R$ 1.200.000.000,00 (um bilhão e duzentos
> > milhões de reais).
> >
> > [§ 1º](https://www.planalto.gov.br/ccivil_03/leis/lcp/Lcp214.htm#art484%C2%A71) Os valores a serem financiados pela União serão distribuídos em
> > parcelas mensais iguais e sucessivas:
> >
> > I - em 2025, de janeiro de 2025 ou do mês subsequente à comunicação
> > a que se refere o inciso IV do § 1º do art. 483 desta Lei
> > Complementar até o último mês do ano; e
> >
> > II - de 2026 a 2028, em 12 (doze) parcelas.
> >
> > .............................................................................................................................................................
> >
> >
> > [§ 5º](https://www.planalto.gov.br/ccivil_03/leis/lcp/Lcp214.htm#art484%C2%A75) O CGIBS prestará garantia em favor da União em montante igual
> > ou superior ao valor devido em razão da operação de crédito de que
> > trata este artigo, que poderá consistir:
> >
> > I - no produto da arrecadação do IBS destinada ao financiamento do
> > CGIBS, admitindo-se, para os exercícios de 2029 a 2038, a destinação
> > adicional do produto da arrecadação do IBS de cada ente federativo,
> > exclusivamente para o pagamento do ressarcimento de que trata o § 4º
> > deste artigo, nos percentuais de até:
> >
> > a) 1% (um por cento) no exercício de 2029;
> >
> > b) 0,5% (cinco décimos por cento) no exercício de 2030;
> >
> > c) 0,33% (trinta e três centésimos por cento) no exercício de 2031;
> >
> > d) 0,25% (vinte e cinco centésimos por cento) no exercício de 2032;
> > e
> >
> > e) 0,1% (um décimo por cento) no período de 2033 a 2038; e
> >
> > II - nos rendimentos provenientes de aplicações financeiras das
> > receitas próprias do CGIBS.
> >
> > .....................................................................................................................................................
> > ” (NR)
> >
> > [“Art. 485.](https://www.planalto.gov.br/ccivil_03/leis/lcp/Lcp214.htm#art485) O contribuinte que realizar incorporação imobiliária
> > submetida ao patrimônio de afetação, nos termos dos
> > [arts. 31-A a \\
> > 31-E da Lei nº 4.591, de 16 de dezembro de 1964](https://www.planalto.gov.br/ccivil_03/leis/L4591.htm#art31a), que tenha realizado
> > o pedido de opção pelo regime específico instituído pelo
> > [art. 1º](https://www.planalto.gov.br/ccivil_03/_Ato2004-2006/2004/Lei/L10.931.htm#art1) e
> > tenha o pedido efetivado nos termos do
> > [art. 2º, ambos da Lei \\
> > nº 10.931 de 2 de agosto de 2004](https://www.planalto.gov.br/ccivil_03/_Ato2004-2006/2004/Lei/L10.931.htm#art2), antes de 1º de janeiro de 2029,
> > pode optar pelo recolhimento de IBS e de CBS, da seguinte forma:
> >
> > [I -](https://www.planalto.gov.br/ccivil_03/leis/lcp/Lcp214.htm#art485-1) a incorporação imobiliária submetida ao regime especial de
> > tributação prevista nos
> > [arts. 4º](https://www.planalto.gov.br/ccivil_03/_Ato2004-2006/2004/Lei/L10.931.htm#art4) e
> > [8º da Lei nº 10.931, de 2 de \\
> > agosto de 2004](https://www.planalto.gov.br/ccivil_03/_Ato2004-2006/2004/Lei/L10.931.htm#art8), será sujeita ao pagamento de IBS e de CBS em
> > montante equivalente a 2,08% (dois inteiros e oito centésimos por
> > cento) da receita mensal recebida;
> >
> > [II -](https://www.planalto.gov.br/ccivil_03/leis/lcp/Lcp214.htm#art485-2) a incorporação imobiliária submetida ao regime especial de
> > tributação prevista nos
> > [§§ 6º](https://www.planalto.gov.br/ccivil_03/_Ato2004-2006/2004/Lei/L10.931.htm#art4%C2%A76.0) e
> > [8º do art. 4º](https://www.planalto.gov.br/ccivil_03/_Ato2004-2006/2004/Lei/L10.931.htm#art4%C2%A78.0) e no
> > [parágrafo único \\
> > do art. 8º da Lei nº 10.931, de 2 de agosto de 2004](https://www.planalto.gov.br/ccivil_03/_Ato2004-2006/2004/Lei/L10.931.htm#art8p,), será sujeita ao
> > pagamento de IBS e de CBS em montante equivalente a 0,53% (cinquenta
> > e três centésimos por cento) da receita mensal recebida.
> >
> > .............................................................................................................................................................
> >
> >
> > [§ 8º](https://www.planalto.gov.br/ccivil_03/leis/lcp/Lcp214.htm#art485%C2%A78) O montante pago nos termos dos incisos I e II do _caput_
> > deste artigo será distribuído entre as parcelas estadual, distrital
> > e municipal do IBS e a CBS na proporção das respectivas alíquotas de
> > referência.” (NR)
> >
> > [“Art. 486.](https://www.planalto.gov.br/ccivil_03/leis/lcp/Lcp214.htm#art486) O contribuinte que realizar alienação de imóvel
> > decorrente de parcelamento do solo, que tenha o pedido de registro
> > do parcelamento, nos termos da [Lei nº 6.766, de 19 de dezembro de \\
> > 1979](https://www.planalto.gov.br/ccivil_03/leis/L6766.htm), efetivado antes de 1º de janeiro de 2029, pode optar pelo
> > recolhimento de IBS e de CBS com base na receita bruta recebida.
> >
> > [§ 1º](https://www.planalto.gov.br/ccivil_03/leis/lcp/Lcp214.htm#art486%C2%A71) As operações sujeitas ao regime de que trata este artigo
> > estarão sujeitas ao pagamento de IBS e de CBS em montante
> > equivalente a 3,65% (três inteiros e sessenta e cinco centésimos por
> > cento) da receita bruta recebida.
> >
> > .............................................................................................................................................................
> >
> >
> > [§ 8º](https://www.planalto.gov.br/ccivil_03/leis/lcp/Lcp214.htm#art486%C2%A78) O pagamento de IBS e de CBS na forma do disposto no _caput_
> > deste artigo será considerado definitivo, não gerando, em qualquer
> > hipótese, direito à restituição ou à compensação, exceto em caso de
> > distrato da operação.
> >
> > [§ 9º](https://www.planalto.gov.br/ccivil_03/leis/lcp/Lcp214.htm#art486%C2%A79) As receitas, os custos e as despesas próprios do parcelamento
> > de solo sujeito à tributação na forma deste artigo não deverão ser
> > computados na apuração da base de cálculo do IBS e da CBS devidos
> > pelo contribuinte em virtude de suas outras atividades empresariais.
> >
> > .............................................................................................................................................................
> >
> >
> > [§ 13.](https://www.planalto.gov.br/ccivil_03/leis/lcp/Lcp214.htm#art486%C2%A713) O montante pago nos termos do § 1º deste artigo será
> > distribuído entre as parcelas estadual, distrital e municipal do IBS
> > e a CBS na proporção das respectivas alíquotas de referência.” (NR)
> >
> > “Art. 487.
> > ...................................................................................................................................
> >
> >
> > .............................................................................................................................................................
> >
> >
> > [§ 2º](https://www.planalto.gov.br/ccivil_03/leis/lcp/Lcp214.htm#art487%C2%A72) As operações sujeitas ao regime de que trata este artigo
> > estarão sujeitas ao pagamento de IBS e de CBS em montante
> > equivalente a 3,65% (três inteiros e sessenta e cinco centésimos por
> > cento) da receita bruta recebida.
> >
> > .............................................................................................................................................................
> >
> >
> > [§ 12.](https://www.planalto.gov.br/ccivil_03/leis/lcp/Lcp214.htm#art487%C2%A712) O montante pago nos termos do § 2º deste artigo será
> > distribuído entre as parcelas estadual, distrital e municipal do IBS
> > e a CBS na proporção das respectivas alíquotas de referência.” (NR)
> >
> > [Art. 493-A.](https://www.planalto.gov.br/ccivil_03/leis/lcp/Lcp214.htm#art493a) É instituída associação pública especial, integrada
> > pela União - representada pela RFB - e pelo CGIBS, com sede e foro
> > no Distrito Federal, com o objetivo de desenvolver, implementar,
> > gerir e operacionalizar, de forma compartilhada, módulos, sistemas e
> > componentes relativos à administração do IBS e da CBS.
> >
> > § 1º A associação de que trata o _caput_ deste artigo
> > qualifica-se como entidade pública de natureza especial e submete-se
> > ao regime jurídico de direito público.
> >
> > § 2º A associação tem sua atuação caracterizada pela ausência de
> > vinculação, tutela ou subordinação hierárquica a qualquer órgão da
> > administração pública.
> >
> > § 3º A associação tem personalidade jurídica própria, distinta da
> > União, do CGIBS, dos Estados, do Distrito Federal e dos Municípios,
> > assegurada autonomia administrativa, patrimonial, técnica e
> > financeira, nos limites estabelecidos em regulamento e neste artigo.
> >
> > § 4º Ato conjunto da RFB e do CGIBS disporá sobre o regimento
> > interno da associação, especialmente sobre:
> >
> > I - a delimitação dos objetivos, das competências e das finalidades;
> >
> > II - as regras de estrutura, governança, gestão e funcionamento,
> > assegurando governança compartilhada de forma igualitária entre os
> > associados, bem como transparência, eficiência administrativa e
> > responsabilidade na gestão;
> >
> > III - os mecanismos de controle interno e as normas sobre prestação
> > de contas aos associados; e
> >
> > IV - disposições sobre patrimônio, receitas e despesas.
> >
> > § 5º As normas de governança da associação, definidas em ato
> > conjunto da RFB e do CGIBS, assegurarão:
> >
> > I - a participação paritária dos associados nos órgãos
> > deliberativos;
> >
> > II - o princípio da governança compartilhada, com deliberações
> > colegiadas; e
> >
> > III - a observância dos princípios da legalidade, impessoalidade,
> > moralidade, publicidade, eficiência, economicidade e transparência.
> >
> > § 6º As licitações e as contratações realizadas pela associação
> > serão regidas pelas normas gerais de licitação e contratação
> > aplicáveis às administrações públicas diretas, autárquicas e
> > fundacionais da União, dos Estados, do Distrito Federal e dos
> > Municípios.
> >
> > § 7º A associação poderá ser contratada pelas partes associadas,
> > dispensada a licitação.
> >
> > § 8º A associação poderá firmar convênios, acordos de cooperação e
> > outros ajustes com órgãos e entidades da Administração Pública,
> > direta e indireta, bem como com organismos internacionais,
> > observados os limites legais e regulamentares.
> >
> > § 9º As dotações necessárias para custear as despesas da associação
> > serão consignadas na proposta orçamentária da União e do CGIBS, na
> > forma estabelecida em ato conjunto específico da RFB e do CGIBS.
> >
> > § 10\. A União e o CGIBS respondem subsidiariamente pelas obrigações
> > da associação.
> >
> > § 11\. A associação está sujeita à fiscalização contábil, operacional
> > e patrimonial pelo Tribunal de Contas competente para apreciar as
> > contas do seu representante legal.
> >
> > § 12\. Compete ao Tribunal de Contas da União fiscalizar a aplicação
> > dos recursos repassados pela União à associação.
> >
> > § 13\. A União, os Estados, o Distrito Federal e os Municípios
> > poderão ceder servidores à associação, na forma e nas condições da
> > legislação de cada ente.
> >
> > § 14\. A associação reger-se-á por este artigo, pelas normas
> > complementares aprovadas em ato conjunto da RFB e do CGIBS e, de
> > forma subsidiária, naquilo que não for incompatível com a sua
> > natureza especial, pela
> > [Lei nº 11.107, de 6 de abril de 2005](https://www.planalto.gov.br/ccivil_03/_Ato2004-2006/2005/Lei/L11107.htm), e seu
> > regulamento.
> >
> > § 15\. O disposto neste artigo não prejudica a celebração de acordos
> > de cooperação técnica entre a RFB e o CGIBS para a cessão não
> > onerosa de módulos, sistemas e soluções tecnológicas desenvolvidos
> > por qualquer das partes.”
> >
> > “Art. 517.
> > ...................................................................................................................................
> >
> >
> > .............................................................................................................................................................
> >
> >
> > ‘Art. 13.
> > .....................................................................................................................................
> >
> >
> > .........................................................................................................................................................
> >
> >
> > [IX -](https://www.planalto.gov.br/ccivil_03/leis/lcp/Lcp214.htm#art517art13-9) Imposto sobre Bens e Serviços (IBS);
> >
> > X - Contribuição Social sobre Bens e Serviços (CBS).
> >
> > § 1º
> > ...........................................................................................................................................
> >
> >
> > .........................................................................................................................................................
> >
> >
> > [XII-A -](https://www.planalto.gov.br/ccivil_03/leis/lcp/Lcp214.htm#art517art13-12a) IBS e CBS incidentes sobre:
> >
> > a) a importação de bens materiais ou imateriais, inclusive direitos,
> > ou de serviços;
> >
> > .........................................................................................................................................................
> >
> >
> > [c)](https://www.planalto.gov.br/ccivil_03/leis/lcp/Lcp214.htm#art517art13-12c) a operação com bens materiais desacobertada de documento fiscal;
> > e
> >
> > [XII-B -](https://www.planalto.gov.br/ccivil_03/leis/lcp/Lcp214.htm#art517art13-12b) IBS incidente nos termos do
> > [art. 446 da Lei Complementar \\
> > nº 214, de 16 de janeiro de 2025](https://www.planalto.gov.br/ccivil_03/leis/lcp/Lcp214.htm#art446);
> >
> > .........................................................................................................................................................
> >
> >
> > [XIV-A -](https://www.planalto.gov.br/ccivil_03/leis/lcp/Lcp214.htm#art517art13-14a) Imposto Seletivo (IS) sobre produção, extração,
> > comercialização ou importação de bens e serviços prejudiciais à
> > saúde ou ao meio ambiente;
> >
> > .........................................................................................................................................................
> >
> >
> > [§ 9º](https://www.planalto.gov.br/ccivil_03/leis/lcp/Lcp214.htm#art517art13%C2%A79) É facultado ao optante pelo Simples Nacional apurar e recolher
> > o IBS e a CBS de acordo com o regime regular aplicável a esses
> > tributos, hipótese em que as parcelas a eles relativas não serão
> > cobradas pelo regime único.
> >
> > [§ 10.](https://www.planalto.gov.br/ccivil_03/leis/lcp/Lcp214.htm#art517art13%C2%A710) A opção a que se refere o § 9º será exercida para os semestres
> > iniciados em janeiro e julho de cada ano, sendo irretratável para
> > cada um desses períodos, devendo ser exercida nos meses de setembro
> > e março imediatamente anteriores a cada semestre, na forma
> > regulamentada pelo CGSN.
> >
> > [§ 11.](https://www.planalto.gov.br/ccivil_03/leis/lcp/Lcp214.htm#art517art13%C2%A711) A faculdade a que se refere o § 9º produzirá efeitos a partir
> > da data do início de atividade a que se refere o § 3º do art. 16
> > desta Lei Complementar, desde que exercida nos termos, prazo e
> > condições a serem estabelecidos em ato do CGSN.’ (NR)
> >
> > ‘Art. 18.
> > .....................................................................................................................................
> >
> >
> > .........................................................................................................................................................
> >
> >
> > [§ 1º-B.](https://www.planalto.gov.br/ccivil_03/leis/lcp/Lcp214.htm#art517art18%C2%A71b)
> > ......................................................................................................................................
> >
> >
> > I - o percentual efetivo máximo destinado ao ISS será de 5% (cinco
> > por cento), transferindo-se eventual diferença, de forma
> > proporcional, aos tributos federais e IBS da mesma faixa de receita
> > bruta anual;
> >
> > ................................................................................................................................................
> > ’ (NR)
> >
> > ‘Art. 23.
> > .....................................................................................................................................
> >
> >
> > [§ 1º](https://www.planalto.gov.br/ccivil_03/leis/lcp/Lcp214.htm#art517art23%C2%A71) As pessoas jurídicas e aquelas a elas equiparadas pela
> > legislação tributária não optantes pelo Simples Nacional terão
> > direito a crédito correspondente ao ICMS incidente sobre as suas
> > aquisições de mercadorias de microempresa ou empresa de pequeno
> > porte optante pelo Simples Nacional, desde que destinadas à
> > comercialização ou industrialização e observado, como limite, o ICMS
> > efetivamente devido pelas optantes pelo Simples Nacional em relação
> > a essas aquisições.
> >
> > § 1º-A. As pessoas jurídicas e aquelas a elas equiparadas pela
> > legislação tributária não optantes pelo Simples Nacional terão
> > direito a crédito ao IBS e à CBS incidentes sobre as suas aquisições
> > de bens materiais ou imateriais, inclusive direitos, e de serviços
> > de microempresa ou empresa de pequeno porte optante pelo Simples
> > Nacional, em montante equivalente ao cobrado por meio desse regime
> > único.
> >
> > § 2º A alíquota aplicável ao cálculo do crédito de que trata o § 1º
> > deverá ser informada no documento fiscal e corresponderá aos
> > percentuais de ICMS, IBS e CBS previstos nos Anexos I a V desta Lei
> > Complementar para a faixa de receita bruta a que a microempresa ou a
> > empresa de pequeno porte estiver sujeita no mês de operação.
> >
> > § 3º Na hipótese de a operação ocorrer no mês de início de
> > atividades da microempresa ou empresa de pequeno porte optante pelo
> > Simples Nacional, a alíquota aplicável ao cálculo do crédito de que
> > trata o § 1º corresponderá aos percentuais de ICMS, IBS e CBS
> > referentes à menor alíquota prevista nos Anexos I a V desta Lei
> > Complementar.
> >
> > § 4º
> > ...........................................................................................................................................
> >
> >
> > [I -](https://www.planalto.gov.br/ccivil_03/leis/lcp/Lcp214.htm#art517art23%C2%A74-1) a microempresa ou empresa de pequeno porte estiver sujeita à
> > tributação do ICMS no Simples Nacional por valores fixos mensais, em
> > relação ao direito de crédito desse tributo ao adquirente;
> >
> > ................................................................................................................................................
> > ’ (NR)
> >
> > .....................................................................................................................................................
> > ” (NR)
> >
> > “Art. 544.
> > ...................................................................................................................................
> >
> >
> > .............................................................................................................................................................
> >
> >
> > [III -](https://www.planalto.gov.br/ccivil_03/leis/lcp/Lcp214.htm#art544-3.0) a partir de 1º de janeiro de 2027, em relação aos arts. 168 a
> > 171, 309 a 315, 444, 450, exceto os §§ 1º e 5º, 461, 462, 467, 499,
> > 500, 502, 504 a 507, 509 a 515, 517, 519 a 534 e 542;
> >
> > .....................................................................................................................................................
> > ” (NR)

“ANEXO VII

ALIMENTOS DESTINADOS AO CONSUMO HUMANO SUBMETIDOS À REDUÇÃO DE 60% (SESSENTA
POR CENTO) DAS ALÍQUOTAS DO IBS E DA CBS

> > .............................................................................................................................................................

|     |     |
| --- | --- |
| 2 | (VETADO) |

.....................................................................................................................................................
” (NR)

“ANEXO XX

[(Lei \\
Complementar nº 123, de 14 de dezembro de 2006)](https://www.planalto.gov.br/ccivil_03/leis/lcp/Lcp123.htm)

‘ANEXO III

Alíquotas e Partilha do Simples Nacional - Receitas de locação de bens
móveis e de prestação de serviços não relacionados no § 5º-C do art. 18
desta Lei Complementar

(Vigência: 1º/1/2027 a 31/12/2028)

Para
os anos-calendário 2027 e 2028

.............................................................................................................................................................


|     |     |     |     |     |     |     |
| --- | --- | --- | --- | --- | --- | --- |
| [Faixas](https://www.planalto.gov.br/ccivil_03/leis/lcp/Lcp214.htm#anexo20-anexo3-2027-2028-faixas) | Percentual de Repartição dos Tributos |
|  | IRPJ | CSLL | CBS | CPP | ISS (\*) | IBS |
| 1ª Faixa | 4,00% | 3,50% | 15,43% | 43,40% | 33,50% | 0,17% |
| 2ª Faixa | 4,00% | 3,50% | 16,91% | 43,40% | 32,00% | 0,19% |
| 3ª Faixa | 4,00% | 3,50% | 16,41% | 43,40% | 32,50% | 0,19% |
| 4ª Faixa | 4,00% | 3,50% | 16,41% | 43,40% | 32,50% | 0,19% |
| 5ª Faixa | 4,00% | 3,50% | 15,43% | 43,40% | 33,50% (\*) | 0,17% |
| 6ª Faixa | 35,09% | 15,04% | 19,29% | 30,58% |  |  |
| (\*) O percentual efetivo máximo devido ao ISS será de 5%, <br>transferindo-se a diferença, de forma proporcional, aos tributos <br>federais da mesma faixa de receita bruta anual. Sendo assim, na <br>5ª faixa, quando a alíquota efetiva for superior a 14,92537%, a <br>repartição será: |
|  | IRPJ | CSLL | CBS | CPP | ISS | IBS |
| 5ª Faixa, com alíquota <br>efetiva superior a 14,93% | (Alíquota efetiva - 5%) x <br>6,02% | (Alíquota efetiva - 5%) x <br>5,26% | (Alíquota efetiva - 5%) x <br>23,20% | (Alíquota efetiva - 5%) x <br>65,26% | Percentual de ISS fixo em 5% | (Alíquota efetiva - 5%) x <br>0,26% |

.............................................................................................................................................................


[Para \\
o ano-calendário 2029](https://www.planalto.gov.br/ccivil_03/leis/lcp/Lcp214.htm#anexo20-anexo3-2029)

|     |     |     |     |     |     |     |
| --- | --- | --- | --- | --- | --- | --- |
| Faixas | Percentual de Repartição dos Tributos |
|  | IRPJ | CSLL | CBS | CPP | ISS (\*) | IBS |
| 1ª Faixa | 4,00% | 3,50% | 15,60% | 43,40% | 30,15% | 3,35% |
| 2ª Faixa | 4,00% | 3,50% | 17,10% | 43,40% | 28,80% | 3,20% |
| 3ª Faixa | 4,00% | 3,50% | 16,60% | 43,40% | 29,25% | 3,25% |
| 4ª Faixa | 4,00% | 3,50% | 16,60% | 43,40% | 29,25% | 3,25% |
| 5ª Faixa | 4,00% | 3,50% | 15,60% | 43,40% | 30,15% (\*) | 3,35% |
| 6ª Faixa | 35,00% | 15,00% | 19,50% | 30,50% |  |  |
| (\*) O percentual efetivo máximo devido ao ISS será de 4,5%, <br>transferindo-se a diferença, de forma proporcional, aos tributos <br>federais e IBS da mesma faixa de receita bruta anual. Sendo <br>assim, na 5ª faixa, quando a alíquota efetiva for superior a <br>14,92537% a repartição será: |
|  | IRPJ | CSLL | CBS | CPP | ISS (\*) | IBS |
| 5ª Faixa, com alíquota <br>efetiva superior a 14,92537% | (Alíquota efetiva - 4,5%) x 5,73% | (Alíquota efetiva - 4,5%) x 5,01% | (Alíquota efetiva - 4,5%) x 22,33% | (Alíquota efetiva - 4,5%) x 62,13% | Percentual de ISS fixo em <br>4,5% | (Alíquota efetiva - 4,5%) x 4,8% |

(Vigência: 1º/1/2030 até 31/12/2030)

[Para o \\
ano-calendário 2030](https://www.planalto.gov.br/ccivil_03/leis/lcp/Lcp214.htm#anexo20-anexo3-2030)

|     |     |     |     |     |     |     |
| --- | --- | --- | --- | --- | --- | --- |
| Faixas | Percentual de Repartição dos Tributos |
|  | IRPJ | CSLL | CBS | CPP | ISS (\*) | IBS |
| 1ª Faixa | 4,00% | 3,50% | 15,60% | 43,40% | 26,80% | 6,70% |
| 2ª Faixa | 4,00% | 3,50% | 17,10% | 43,40% | 25,60% | 6,40% |
| 3ª Faixa | 4,00% | 3,50% | 16,60% | 43,40% | 26,00% | 6,50% |
| 4ª Faixa | 4,00% | 3,50% | 16,60% | 43,40% | 26,00% | 6,50% |
| 5ª Faixa | 4,00% | 3,50% | 15,60% | 43,40% | 26,80% (\*) | 6,70% |
| 6ª Faixa | 35,00% | 15,00% | 19,50% | 30,50% |  |  |
| (\*) O percentual efetivo máximo devido ao ISS será de 4%, <br>transferindo-se a diferença, de forma proporcional, aos tributos <br>federais e IBS da mesma faixa de receita bruta anual. Sendo <br>assim, na 5ª faixa, quando a alíquota efetiva for superior a <br>14,92537% a repartição será: |
|  | IRPJ | CSLL | CBS | CPP | ISS (\*) | IBS |
| 5ª Faixa, com alíquota <br>efetiva superior a 14,92537% | (Alíquota efetiva - 4%) x 5,46% | (Alíquota efetiva - 4%) x 4,78% | (Alíquota efetiva - 4%) x 21,31% | (Alíquota efetiva - 4%) x 59,29% | Percentual de ISS fixo em 4% | (Alíquota efetiva - 4%) x 9,15% |

(Vigência: 1º/1/2031 até 31/12/2031)

[Para o \\
ano-calendário 2031](https://www.planalto.gov.br/ccivil_03/leis/lcp/Lcp214.htm#anexo20-anexo3-2031)

|     |     |     |     |     |     |     |
| --- | --- | --- | --- | --- | --- | --- |
| Faixas | Percentual de Repartição dos Tributos |
|  | IRPJ | CSLL | CBS | CPP | ISS (\*) | IBS |
| 1ª Faixa | 4,00% | 3,50% | 15,60% | 43,40% | 23,45% | 10,05% |
| 2ª Faixa | 4,00% | 3,50% | 17,10% | 43,40% | 22,40% | 9,60% |
| 3ª Faixa | 4,00% | 3,50% | 16,60% | 43,40% | 22,75% | 9,75% |
| 4ª Faixa | 4,00% | 3,50% | 16,60% | 43,40% | 22,75% | 9,75% |
| 5ª Faixa | 4,00% | 3,50% | 15,60% | 43,40% | 23,45% (\*) | 10,05% |
| 6ª Faixa | 35,00% | 15,00% | 19,50% | 30,50% |  |  |
| (\*) O percentual efetivo máximo devido ao ISS será de 3,5%, <br>transferindo-se a diferença, de forma proporcional, aos tributos <br>federais e IBS da mesma faixa de receita bruta anual. Sendo <br>assim, na 5ª faixa, quando a alíquota efetiva for superior a <br>14,92537% a repartição será: |
|  | IRPJ | CSLL | CBS | CPP | ISS (\*) | IBS |
| 5ª Faixa, com alíquota <br>efetiva superior a 14,92537% | (Alíquota efetiva - 3,5%) x 5,23% | (Alíquota efetiva - 3,5%) x 4,57% | (Alíquota efetiva - 3,5%) x 20,38% | (Alíquota efetiva - 3,5%) x 56,69% | Percentual de ISS fixo em <br>3,5% | (Alíquota efetiva - 3,5%) x 13,13% |

(Vigência: 1º/1/2032 até 31/12/2032)

[Para o \\
ano-calendário 2032](https://www.planalto.gov.br/ccivil_03/leis/lcp/Lcp214.htm#anexo20-anexo3-2032)

|     |     |     |     |     |     |     |
| --- | --- | --- | --- | --- | --- | --- |
| Faixas | Percentual de Repartição dos Tributos |
|  | IRPJ | CSLL | CBS | CPP | ISS (\*) | IBS |
| 1ª Faixa | 4,00% | 3,50% | 15,60% | 43,40% | 20,10% | 13,40% |
| 2ª Faixa | 4,00% | 3,50% | 17,10% | 43,40% | 19,20% | 12,80% |
| 3ª Faixa | 4,00% | 3,50% | 16,60% | 43,40% | 19,50% | 13,00% |
| 4ª Faixa | 4,00% | 3,50% | 16,60% | 43,40% | 19,50% | 13,00% |
| 5ª Faixa | 4,00% | 3,50% | 15,60% | 43,40% | 20,10% (\*) | 13,40% |
| 6ª Faixa | 35,00% | 15,00% | 19,50% | 30,50% |  |  |
| (\*) O percentual efetivo máximo devido ao ISS será de 3%, <br>transferindo-se a diferença, de forma proporcional, aos tributos <br>federais e IBS da mesma faixa de receita bruta anual. Sendo <br>assim, na 5ª faixa, quando a alíquota efetiva for superior a <br>14,92537% a repartição será: |
|  | IRPJ | CSLL | CBS | CPP | ISS (\*) | IBS |
| 5ª Faixa, com alíquota <br>efetiva superior a 14,92537% | (Alíquota efetiva - 3%) x 5,01% | (Alíquota efetiva - 3%) x 4,38% | (Alíquota efetiva - 3%) x 19,52% | (Alíquota efetiva - 3%) x 54,32% | Percentual de ISS fixo em 3% | (Alíquota efetiva - 3%) x 16,77% |

.............................................................................................................................................................


ANEXO
XXI

[(Lei \\
Complementar nº 123, de 14 de dezembro de 2006)](https://www.planalto.gov.br/ccivil_03/leis/lcp/Lcp123.htm)

ANEXO
IV

.............................................................................................................................................................


[Para o \\
ano-calendário 2029](https://www.planalto.gov.br/ccivil_03/leis/lcp/Lcp214.htm#anexo21-anexo4-2029)

|     |     |     |     |     |     |
| --- | --- | --- | --- | --- | --- |
| Faixas | Percentual de Repartição dos Tributos |
|  | IRPJ | CSLL | CBS | ISS (\*) | IBS |
| 1ª Faixa | 18,80% | 15,20% | 21,50% | 40,05% | 4,45% |
| 2ª Faixa | 19,80% | 15,20% | 25,00% | 36,00% | 4,00% |
| 3ª Faixa | 20,80% | 15,20% | 24,00% | 36,00% | 4,00% |
| 4ª Faixa | 17,80% | 19,20% | 23,00% | 36,00% | 4,00% |
| 5ª Faixa | 18,80% | 19,20% | 22,00% | 36,00% (\*) | 4,00% |
| 6ª Faixa | 53,50% | 21,50% | 25,00% |  |  |
| (\*) O percentual efetivo máximo devido ao ISS será de 4,5%, <br>transferindo-se a diferença, de forma proporcional, aos tributos <br>federais e IBS da mesma faixa de receita bruta anual. Sendo <br>assim, na 5ª faixa, quando a alíquota efetiva for superior a <br>12,5% a repartição será: |
|  | IRPJ | CSLL | CBS | ISS (\*) | IBS |
| 5ª Faixa, com alíquota efetiva superior a 12,5% | (Alíquota efetiva - 4,5%) x 29,38% | (Alíquota efetiva - 4,5%) x 30% | (Alíquota efetiva - 4,5%) x 34,38% | Percentual de ISS fixo em 4,5% | (Alíquota efetiva - 4,5%) x 6,25% |

(Vigência: 1º/1/2030 até 31/12/2030)

[Para o \\
ano-calendário 2030](https://www.planalto.gov.br/ccivil_03/leis/lcp/Lcp214.htm#anexo21-anexo4-2030)

|     |     |     |     |     |     |
| --- | --- | --- | --- | --- | --- |
| Faixas | Percentual de Repartição dos Tributos |
|  | IRPJ | CSLL | CBS | ISS (\*) | IBS |
| 1ª Faixa | 18,80% | 15,20% | 21,50% | 35,60% | 8,90% |
| 2ª Faixa | 19,80% | 15,20% | 25,00% | 32,00% | 8,00% |
| 3ª Faixa | 20,80% | 15,20% | 24,00% | 32,00% | 8,00% |
| 4ª Faixa | 17,80% | 19,20% | 23,00% | 32,00% | 8,00% |
| 5ª Faixa | 18,80% | 19,20% | 22,00% | 32,00% (\*) | 8,00% |
| 6ª Faixa | 53,50% | 21,50% | 25,00% |  |  |
| (\*) O percentual efetivo máximo devido ao ISS será de 4%, <br>transferindo-se a diferença, de forma proporcional, aos tributos <br>federais e IBS da mesma faixa de receita bruta anual. Sendo <br>assim, na 5ª faixa, quando a alíquota efetiva for superior a <br>12,5% a repartição será: |
|  | IRPJ | CSLL | CBS | ISS (\*) | IBS |
| 5ª Faixa, com alíquota efetiva superior a 12,5% | (Alíquota efetiva - 4%) x 27,65% | (Alíquota efetiva - 4%) x 28,24% | (Alíquota efetiva - 4%) x 32,35% | Percentual de ISS fixo em 4% | (Alíquota efetiva - 4%) x 11,76% |

(Vigência: 1º/1/2031 até 31/12/2031)

[Para o \\
ano-calendário 2031](https://www.planalto.gov.br/ccivil_03/leis/lcp/Lcp214.htm#anexo21-anexo4-2031)

|     |     |     |     |     |     |
| --- | --- | --- | --- | --- | --- |
| Faixas | Percentual de Repartição dos Tributos |
|  | IRPJ | CSLL | CBS | ISS (\*) | IBS |
| 1ª Faixa | 18,80% | 15,20% | 21,50% | 31,15% | 13,35% |
| 2ª Faixa | 19,80% | 15,20% | 25,00% | 28,00% | 12,00% |
| 3ª Faixa | 20,80% | 15,20% | 24,00% | 28,00% | 12,00% |
| 4ª Faixa | 17,80% | 19,20% | 23,00% | 28,00% | 12,00% |
| 5ª Faixa | 18,80% | 19,20% | 22,00% | 28,00% (\*) | 12,00% |
| 6ª Faixa | 53,50% | 21,50% | 25,00% |  |  |
| (\*) O percentual efetivo máximo devido ao ISS será de 3,5%, <br>transferindo-se a diferença, de forma proporcional, aos tributos <br>federais e IBS da mesma faixa de receita bruta anual. Sendo <br>assim, na 5ª faixa, quando a alíquota efetiva for superior a <br>12,5% a repartição será: |
|  | IRPJ | CSLL | CBS | ISS (\*) | IBS |
| 5ª Faixa, com alíquota efetiva superior a 12,5% | (Alíquota efetiva - 3,5%) x 26,11% | (Alíquota efetiva - 3,5%) x 26,67% | (Alíquota efetiva - 3,5%) x 30,56% | Percentual de ISS fixo em 3,5% | (Alíquota efetiva - 3,5%) x 16,67% |

(Vigência: 1º/1/2032 até 31/12/2032)

[Para o \\
ano-calendário 2032](https://www.planalto.gov.br/ccivil_03/leis/lcp/Lcp214.htm#anexo21-anexo4-2032)

|     |     |     |     |     |     |
| --- | --- | --- | --- | --- | --- |
| Faixas | Percentual de Repartição dos Tributos |
|  | IRPJ | CSLL | CBS | ISS (\*) | IBS |
| 1ª Faixa | 18,80% | 15,20% | 21,50% | 26,70% | 17,80% |
| 2ª Faixa | 19,80% | 15,20% | 25,00% | 24,00% | 16,00% |
| 3ª Faixa | 20,80% | 15,20% | 24,00% | 24,00% | 16,00% |
| 4ª Faixa | 17,80% | 19,20% | 23,00% | 24,00% | 16,00% |
| 5ª Faixa | 18,80% | 19,20% | 22,00% | 24,00% (\*) | 16,00% |
| 6ª Faixa | 53,50% | 21,50% | 25,00% |  |  |
| (\*) O percentual efetivo máximo devido ao ISS será de 3%, <br>transferindo-se a diferença, de forma proporcional, aos tributos <br>federais e IBS da mesma faixa de receita bruta anual. Sendo <br>assim, na 5ª faixa, quando a alíquota efetiva for superior a <br>12,5% a repartição será: |
|  | IRPJ | CSLL | CBS | ISS (\*) | IBS |
| 5ª Faixa, com alíquota efetiva superior a 12,5% | (Alíquota efetiva - 3%) x 24,74% | (Alíquota efetiva - 3%) x 25,26% | (Alíquota efetiva - 3%) x 28,95% | Percentual de ISS fixo em 3% | (Alíquota efetiva - 3%) x 21,05% |

> > ........................................................................................................................................................
> > ’
> >
> > .....................................................................................................................................................
> > ” (NR)

Art. 175. O art. 81 da [Lei nº 9.430, de 27 de dezembro de 1996](https://www.planalto.gov.br/ccivil_03/leis/L9430.htm), passa
a vigorar acrescido do seguinte inciso VIII:

> > “Art. 81.
> > .....................................................................................................................................
> >
> >
> > .............................................................................................................................................................
> >
> >
> > [VIII](https://www.planalto.gov.br/ccivil_03/leis/L9430.htm#art81-8)\- praticar reiteradamente as infrações de que trata o
> > [art. 471-D](https://www.planalto.gov.br/ccivil_03/leis/lcp/Lcp214.htm#art471d), nos termos do
> > [art. 471-E, ambos da Lei Complementar nº 214, de 16 de janeiro de 2025](https://www.planalto.gov.br/ccivil_03/leis/lcp/Lcp214.htm#art471e).
> >
> > .....................................................................................................................................................
> > ” (NR)

Art. 176.
O [Decreto-Lei nº 37, de 18 de novembro de 1966](https://www.planalto.gov.br/ccivil_03/Decreto-Lei/Del0037.htm), passa a vigorar com as
seguintes alterações:

> > “Art. 31.
> > .....................................................................................................................................
> >
> >
> > .............................................................................................................................................................
> >
> >
> > [Parágrafo único](https://www.planalto.gov.br/ccivil_03/Decreto-Lei/Del0037.htm#art31p). Na importação por conta e ordem de terceiro, quem
> > promove a entrada de bens materiais de procedência estrangeira no
> > território nacional é o adquirente dos bens no exterior.” (NR)
> >
> > “Art. 32.
> > .....................................................................................................................................
> >
> >
> > .............................................................................................................................................................
> >
> >
> > Parágrafo único.
> > ........................................................................................................................
> >
> >
> > .............................................................................................................................................................
> >
> >
> > [III -](https://www.planalto.gov.br/ccivil_03/Decreto-Lei/Del0037.htm#art32p-3) a pessoa que registra, em seu nome, a declaração de importação
> > de bens de procedência estrangeira adquiridos no exterior por outra
> > pessoa; e
> >
> > IV - o encomendante predeterminado que adquire mercadoria de
> > procedência estrangeira de pessoa jurídica importadora.” (NR)

Art. 177. A [Lei nº 10.893, de 13 de julho de 2004](https://www.planalto.gov.br/ccivil_03/_Ato2004-2006/2004/Lei/L10.893.htm), passa a vigorar com
as seguintes alterações:

> > “Art. 4º
> > ......................................................................................................................................
> >
> >
> > .............................................................................................................................................................
> >
> >
> > [§ 3º](https://www.planalto.gov.br/ccivil_03/_Ato2004-2006/2004/Lei/L10.893.htm#art4%C2%A73) Na navegação de longo curso, considera-se ocorrido o fato
> > gerador na data de registro da declaração de importação dos bens
> > amparados pelo correspondente conhecimento de transporte.” (NR)
> >
> > “ [Art. 9º](https://www.planalto.gov.br/ccivil_03/_Ato2004-2006/2004/Lei/L10.893.htm#art9.0) Para efeitos de pagamento do AFRMM, os valores de frete
> > expressos em moeda estrangeira deverão ser convertidos em moeda
> > nacional pela taxa de câmbio utilizada para cálculo do Imposto de
> > Importação, sem qualquer ajuste posterior decorrente de eventual
> > variação cambial.” (NR)

Art. 178. O art. 2º da [Lei Complementar nº 192, de 11 de março de \\
2022](https://www.planalto.gov.br/ccivil_03/leis/lcp/Lcp192.htm), passa a vigorar com a seguinte redação:

> > “Art. 2º
> > ......................................................................................................................................
> >
> >
> > [I -](https://www.planalto.gov.br/ccivil_03/leis/lcp/Lcp192.htm#art2-1) gasolina e suas correntes e etanol anidro combustível;
> >
> > II - diesel e suas correntes e biodiesel; e
> >
> > .............................................................................................................................................................
> >
> >
> > [§ 1º](https://www.planalto.gov.br/ccivil_03/leis/lcp/Lcp192.htm#art2%C2%A71) Para efeitos dos incisos I e II do _caput_ deste artigo,
> > consideram-se correntes os hidrocarbonetos líquidos derivados de
> > petróleo e os hidrocarbonetos líquidos derivados de gás natural
> > utilizados em mistura mecânica para a produção de gasolinas ou de
> > diesel, em conformidade com as normas estabelecidas pela Agência
> > Nacional do Petróleo, Gás Natural e Biocombustíveis (ANP).
> >
> > § 2º Mediante convênio celebrado nos termos da [Lei Complementar nº 24, de 7 de janeiro de 1975](https://www.planalto.gov.br/ccivil_03/leis/lcp/Lcp24.htm), observado o disposto no § 3º deste
> > artigo, os Estados e o Distrito Federal poderão deliberar sobre
> > hipóteses de suspensão do ICMS incidente nas operações com
> > hidrocarbonetos líquidos derivados de petróleo não combustíveis ou
> > de gás natural, inclusive nafta, desde que:
> >
> > I - sejam utilizados como insumo pela indústria petroquímica;
> >
> > II - obedeçam a critérios e condições estabelecidos em convênio; e
> >
> > III - sejam adquiridos por centrais petroquímicas devidamente
> > autorizadas pela ANP.
> >
> > § 3º O convênio a que se refere o § 2º deste artigo poderá ser
> > aprovado e ratificado com o voto favorável de, no mínimo:
> >
> > I - 2/3 (dois terços) das unidades federadas; e
> >
> > II - 1/3 (um terço) das unidades federadas integrantes de cada 1
> > (uma) das 5 (cinco) regiões do País.” (NR)

Art. 179. O aumento da receita decorrente da alteração do
[art. 172 da \\
Lei Complementar nº 214, de 16 de janeiro de 2025](https://www.planalto.gov.br/ccivil_03/leis/lcp/Lcp214.htm#art172), promovida por esta Lei
Complementar, será incorporado à lei orçamentária anual, hipótese em que
serão consideradas como atendidas as condições legais para eventual renúncia
de receita tributária voltada à indústria química, inclusive o disposto no
[art. 14 da Lei Complementar nº 101, de 4 de maio de 2000](https://www.planalto.gov.br/ccivil_03/leis/lcp/Lcp101.htm#art14.0) (Lei de
Responsabilidade Fiscal).

Art. 180. O prazo de que trata o [§ 5º-A do art. 481 da Lei \\
Complementar nº 214, de 16 de janeiro de 2025](https://www.planalto.gov.br/ccivil_03/leis/lcp/Lcp214.htm#art481%C2%A75a), não se considera findo antes
do transcurso de 15 (quinze) dias, contados da publicação desta Lei
Complementar.

Art. 181. Revogam-se:

I - os seguintes
dispositivos da [Lei nº 5.172, de 25 de outubro de 1966](https://www.planalto.gov.br/ccivil_03/leis/L5172.htm) (Código Tributário
Nacional):

a)
[parágrafo único \\
do art. 35](https://www.planalto.gov.br/ccivil_03/leis/L5172.htm#art35p); e

b)
[art. 39](https://www.planalto.gov.br/ccivil_03/leis/L5172.htm#art39);

II - o
[art. 84 da \\
Medida Provisória nº 2.158-35, de 24 de agosto de 2001](https://www.planalto.gov.br/ccivil_03/MPV/2158-35.htm#art84);

III - o
[art. 69 da \\
Lei nº 10.833, de 29 de dezembro de 2003](https://www.planalto.gov.br/ccivil_03/leis/2003/L10.833.htm#art69);

IV - os seguintes
dispositivos da [Lei Complementar nº 123, de 14 de dezembro de 2006](https://www.planalto.gov.br/ccivil_03/leis/lcp/Lcp123.htm):

a) o art. 87-B, na
redação dada pelo [art. 517 da Lei Complementar nº 214, de 16 de janeiro de \\
2025;](https://www.planalto.gov.br/ccivil_03/leis/lcp/Lcp214.htm#art517)

b) os
[incisos I](https://www.planalto.gov.br/ccivil_03/leis/lcp/Lcp123.htm#art41%C2%A74i) e
[II do § 4º do art. 41](https://www.planalto.gov.br/ccivil_03/leis/lcp/Lcp123.htm#art41%C2%A74ii);

c) em 30 de
novembro de 2026, o [§ 4º do art. 31](https://www.planalto.gov.br/ccivil_03/leis/lcp/Lcp123.htm#art31%C2%A74);

d) em 1º de janeiro
de 2033, o [inciso VI do § 4º do art. 18](https://www.planalto.gov.br/ccivil_03/leis/lcp/Lcp123.htm#art18%C2%A74vi);

V - os seguintes
dispositivos da [Lei Complementar nº 214, de 16 de janeiro de 2025](https://www.planalto.gov.br/ccivil_03/leis/lcp/Lcp214.htm):

a) o
[§ 8º do \\
art. 11](https://www.planalto.gov.br/ccivil_03/leis/lcp/Lcp214.htm#art11%C2%A78);

b) os
[§§ 8º](https://www.planalto.gov.br/ccivil_03/leis/lcp/Lcp214.htm#art22%C2%A78.) e [9º do \\
art. 22](https://www.planalto.gov.br/ccivil_03/leis/lcp/Lcp214.htm#art22%C2%A79.);

c) o
[§ 7º do \\
art. 26](https://www.planalto.gov.br/ccivil_03/leis/lcp/Lcp214.htm#art26%C2%A77.);

d) o
[§ 5º do \\
art. 33](https://www.planalto.gov.br/ccivil_03/leis/lcp/Lcp214.htm#art33%C2%A75.);

e) os
[§§ 4º](https://www.planalto.gov.br/ccivil_03/leis/lcp/Lcp214.htm#art57%C2%A74.), [6º](https://www.planalto.gov.br/ccivil_03/leis/lcp/Lcp214.htm#art57%C2%A76.) e
[7º do art. 57;](https://www.planalto.gov.br/ccivil_03/leis/lcp/Lcp214.htm#art57%C2%A77.)

f) a
[alínea “b” do \\
inciso I do § 5º](https://www.planalto.gov.br/ccivil_03/leis/lcp/Lcp214.htm#art64%C2%A75-1b.) e o [§ 7º do art. 64](https://www.planalto.gov.br/ccivil_03/leis/lcp/Lcp214.htm#art64%C2%A77.);

g) os
[§§ 2º](https://www.planalto.gov.br/ccivil_03/leis/lcp/Lcp214.htm#art80%C2%A72.), [3º](https://www.planalto.gov.br/ccivil_03/leis/lcp/Lcp214.htm#art80%C2%A73.) e
[6º do art. 80](https://www.planalto.gov.br/ccivil_03/leis/lcp/Lcp214.htm#art80%C2%A76.);

h) o
[§ 3º do \\
art. 149](https://www.planalto.gov.br/ccivil_03/leis/lcp/Lcp214.htm#art149%C2%A73.);

i) a
[alínea “c” do \\
inciso II do caput do art. 201;](https://www.planalto.gov.br/ccivil_03/leis/lcp/Lcp214.htm#art201-2c)

j) o
[art. 217](https://www.planalto.gov.br/ccivil_03/leis/lcp/Lcp214.htm#art217);

k) os
[§§ 1º](https://www.planalto.gov.br/ccivil_03/leis/lcp/Lcp214.htm#art233%C2%A71), [2º](https://www.planalto.gov.br/ccivil_03/leis/lcp/Lcp214.htm#art233%C2%A72),
[4º](https://www.planalto.gov.br/ccivil_03/leis/lcp/Lcp214.htm#art233%C2%A74), [5º](https://www.planalto.gov.br/ccivil_03/leis/lcp/Lcp214.htm#art233%C2%A75),
[7º](https://www.planalto.gov.br/ccivil_03/leis/lcp/Lcp214.htm#art233%C2%A77.) e [8º do art. 233;](https://www.planalto.gov.br/ccivil_03/leis/lcp/Lcp214.htm#art233%C2%A78)

l) o
[inciso I do \\
§ 3º do art. 350](https://www.planalto.gov.br/ccivil_03/leis/lcp/Lcp214.htm#art350%C2%A73-1);

m) os
[§§ 3º](https://www.planalto.gov.br/ccivil_03/leis/lcp/Lcp214.htm#art481%C2%A73.) e [6º a \\
10 do art. 481](https://www.planalto.gov.br/ccivil_03/leis/lcp/Lcp214.htm#art481%C2%A76.);

n) os
[incisos I](https://www.planalto.gov.br/ccivil_03/leis/lcp/Lcp214.htm#art482%C2%A72-1) e
[II do § 2º](https://www.planalto.gov.br/ccivil_03/leis/lcp/Lcp214.htm#art482%C2%A72-2) e o
[§ 5º, ambos do art. 482;](https://www.planalto.gov.br/ccivil_03/leis/lcp/Lcp214.htm#art482%C2%A75)

o) a
[alínea “i” do \\
inciso XXXVI do art. 542](https://www.planalto.gov.br/ccivil_03/leis/lcp/Lcp214.htm#art542-36i); e

p) o
[Anexo XIV](https://www.planalto.gov.br/ccivil_03/leis/lcp/Lcp214.htm#anexo14).

Art. 182. Esta Lei
Complementar entra em vigor na data de sua publicação, produzindo efeitos:

I - a partir de 1º
de janeiro de 2027, em relação:

a) à
[alínea “c” do inciso II do art. 76](https://www.planalto.gov.br/ccivil_03/leis/lcp/Lcp227.htm#art76-2c);

b) ao
[art. 169;](https://www.planalto.gov.br/ccivil_03/leis/lcp/Lcp227.htm#art169)

II - a partir da
data da eleição do Presidente do CGIBS, prevista no
[inciso III do § 1º do art. 483 da Lei \\
Complementar nº 214, de 16 de janeiro de 2025](https://www.planalto.gov.br/ccivil_03/leis/lcp/Lcp214.htm#art483%C2%A71-3), em relação aos
[§§ 4º e 5º do art. 52 desta Lei Complementar](https://www.planalto.gov.br/ccivil_03/leis/lcp/Lcp227.htm#art52%C2%A74); e

III - a partir da
sua publicação, em relação aos demais dispositivos.

Brasília, 13 de janeiro de 2026; 205o da Independência e
138o da República.

LUIZ
INÁCIO LULA DA SILVA

Luiz Paulo Teixeira Ferreira

_Fernando Haddad_

Márcio Luiz França Gomes

Geraldo José Rodrigues Alckmin Filho

Arthur Cerqueira Valerio

Silvio Serafim Costa Filho

Este texto não substitui o
publicado no DOU de 14.1.2026,
[republicado no DOU de 15.1.2026](https://www.planalto.gov.br/ccivil_03/_Ato2023-2026/2026/Ret/LCP227-26-Rep.doc) e
[retificado em 23.1.2026](https://www.planalto.gov.br/ccivil_03/_Ato2023-2026/2026/Ret/LCP227-26-ret.doc).

\*",https://www.planalto.gov.br/ccivil_03/leis/lcp/Lcp227.htm
https://www.planalto.gov.br/ccivil_03/leis/L6404consol.htm,https://www.planalto.gov.br/ccivil_03/leis/lcp/lcp214.htm,§§ 1º,https://www.planalto.gov.br/ccivil_03/leis/lcp/lcp214.htm,Full document of §§ 1º at https://www.planalto.gov.br/ccivil_03/leis/L6404consol.htm.,
https://www.planalto.gov.br/ccivil_03/leis/L5764.HTM,https://www.planalto.gov.br/ccivil_03/leis/lcp/lcp214.htm,"art. 28 da Lei nº 5.764, de 16    de dezembro de 1971",https://www.planalto.gov.br/ccivil_03/leis/lcp/lcp214.htm,"Full document of art. 28 da Lei nº 5.764, de 16    de dezembro de 1971 at https://www.planalto.gov.br/ccivil_03/leis/L5764.HTM.",
https://www.planalto.gov.br/ccivil_03/leis/L5172.htm,https://www.planalto.gov.br/ccivil_03/leis/lcp/lcp214.htm,"art. 14     da Lei nº 5.172, de 25 de outubro de 1966",https://www.planalto.gov.br/ccivil_03/leis/lcp/lcp214.htm,"|     |     |
| --- | --- |
| ![Brastra.gif (4376 bytes)](https://www.planalto.gov.br/ccivil_03/Brastra.gif) | **Presidência**<br>**da República**<br>**Casa Civil**<br>**Subchefia para Assuntos Jurídicos** |

[**LEI Nº 5.172, DE 25 DE OUTUBRO DE 1966**.](http://legislacao.planalto.gov.br/legisla/legislacao.nsf/Viw_Identificacao/lei%205.172-1966?OpenDocument)

|     |     |
| --- | --- |
| [Texto compilado](https://www.planalto.gov.br/ccivil_03/leis/L5172Compilado.htm)<br>[Denominado\<br>Código Tributário Nacional](https://www.planalto.gov.br/ccivil_03/ACP/acp-36-67.htm#art7)<br>[Vigência](https://www.planalto.gov.br/ccivil_03/leis/L5172.htm#art218)<br>[(Vide Decreto-lei nº 82, de \<br>1966)](https://www.planalto.gov.br/ccivil_03/Decreto-Lei/1965-1988/Del0082.htm)<br>[(Vide Decreto nº 6.306, de \<br>2007)](https://www.planalto.gov.br/ccivil_03/_Ato2007-2010/2007/Decreto/D6306.htm)<br>[(Vide Complementar nº \<br>214, de 2025)](https://www.planalto.gov.br/ccivil_03/leis/LCP/Lcp214.htm#art496)[Produção de efeitos](https://www.planalto.gov.br/ccivil_03/leis/LCP/Lcp214.htm#art544-6) | Dispõe sobre<br>o Sistema Tributário Nacional e institui normas gerais de direito tributário aplicáveis<br>à União, Estados e Municípios. |

**O**
**PRESIDENTE DA REPÚBLICA** Faço saber que o Congresso Nacional decreta e eu sanciono a
seguinte lei:

**DISPOSIÇÃO PRELIMINAR**

[Visualizar Jurisprudencia Consolidada do Artigo n. 1 - Corpus927](http://corpus927.enfam.jus.br/legislacao/ctn-66#art-1 ""Visualizar Jurisprudencia Consolidada do Artigo n. 1 - Corpus927"")Art.
1º Esta Lei regula, com fundamento na
[Emenda Constitucional nº 18, de 1º de dezembro de\\
1965](https://www.planalto.gov.br/ccivil_03/Constituicao/Emendas/Emc_anterior1988/emc18-65.htm), o sistema tributário nacional e estabelece, com fundamento no
[art. 5º, inciso\\
XV, alínea _b_, da Constituição Federal](https://www.planalto.gov.br/ccivil_03/Constituicao/Constituicao46.htm#art5xvb), as normas gerais de direito tributário
aplicáveis à União, aos Estados, ao Distrito Federal e aos Municípios, sem prejuízo
da respectiva legislação complementar, supletiva ou regulamentar.

LIVRO PRIMEIRO

SISTEMA TRIBUTÁRIO NACIONAL

TÍTULO I

Disposições Gerais

[Visualizar Jurisprudencia Consolidada do Artigo n. 2 - Corpus927](http://corpus927.enfam.jus.br/legislacao/ctn-66#art-2 ""Visualizar Jurisprudencia Consolidada do Artigo n. 2 - Corpus927"")Art.
2º O sistema tributário nacional é regido pelo disposto na
[Emenda Constitucional nº 18,\\
de 1º de dezembro de 1965](https://www.planalto.gov.br/ccivil_03/Constituicao/Emendas/Emc_anterior1988/emc18-65.htm), em leis complementares, em resoluções do Senado Federal e,
nos limites das respectivas competências, em leis federais, nas Constituições e em leis
estaduais, e em leis municipais.

[Visualizar Jurisprudencia Consolidada do Artigo n. 3 - Corpus927](http://corpus927.enfam.jus.br/legislacao/ctn-66#art-3 ""Visualizar Jurisprudencia Consolidada do Artigo n. 3 - Corpus927"")Art.
3º Tributo é toda prestação pecuniária compulsória, em moeda ou cujo valor nela se
possa exprimir, que não constitua sanção de ato ilícito, instituída em lei e cobrada
mediante atividade administrativa plenamente vinculada.

[Visualizar Jurisprudencia Consolidada do Artigo n. 4 - Corpus927](http://corpus927.enfam.jus.br/legislacao/ctn-66#art-4 ""Visualizar Jurisprudencia Consolidada do Artigo n. 4 - Corpus927"")Art. 4º
A natureza jurídica específica do tributo é determinada pelo fato gerador da respectiva
obrigação, sendo irrelevantes para qualificá-la:

I - a
denominação e demais características formais adotadas pela lei;

II - a
destinação legal do produto da sua arrecadação.

[Visualizar Jurisprudencia Consolidada do Artigo n. 5 - Corpus927](http://corpus927.enfam.jus.br/legislacao/ctn-66#art-5 ""Visualizar Jurisprudencia Consolidada do Artigo n. 5 - Corpus927"")Art.
5º Os tributos são impostos, taxas e contribuições de melhoria.

TÍTULO II

Competência Tributária

CAPÍTULO I

Disposições Gerais

[Visualizar Jurisprudencia Consolidada do Artigo n. 6 - Corpus927](http://corpus927.enfam.jus.br/legislacao/ctn-66#art-6 ""Visualizar Jurisprudencia Consolidada do Artigo n. 6 - Corpus927"")Art.
6º A atribuição constitucional de competência tributária compreende a competência
legislativa plena, ressalvadas as limitações contidas na Constituição Federal, nas
Constituições dos Estados e nas Leis Orgânicas do Distrito Federal e dos Municípios, e
observado o disposto nesta Lei.

Parágrafo único. Os tributos cuja receita seja distribuída, no todo ou em parte, a
outras pessoas jurídicas de direito público pertencerá à competência legislativa
daquela a que tenham sido atribuídos.

[Visualizar Jurisprudencia Consolidada do Artigo n. 7 - Corpus927](http://corpus927.enfam.jus.br/legislacao/ctn-66#art-7 ""Visualizar Jurisprudencia Consolidada do Artigo n. 7 - Corpus927"")Art. 7º
A competência tributária é indelegável, salvo atribuição das funções de arrecadar
ou fiscalizar tributos, ou de executar leis, serviços, atos ou decisões administrativas
em matéria tributária, conferida por uma pessoa jurídica de direito público a outra,
nos termos do [§ 3º do art. 18 da Constituição](https://www.planalto.gov.br/ccivil_03/Constituicao/Constituicao46.htm#art18%C2%A73).

§ 1º A
atribuição compreende as garantias e os privilégios processuais que competem à pessoa
jurídica de direito público que a conferir.

§ 2º A
atribuição pode ser revogada, a qualquer tempo, por ato unilateral da pessoa jurídica
de direito público que a tenha conferido.

§ 3º
Não constitui delegação de competência o cometimento, a pessoas de direito privado, do
encargo ou da função de arrecadar tributos.

[Visualizar Jurisprudencia Consolidada do Artigo n. 8 - Corpus927](http://corpus927.enfam.jus.br/legislacao/ctn-66#art-8 ""Visualizar Jurisprudencia Consolidada do Artigo n. 8 - Corpus927"")Art.
8º O não-exercício da competência tributária não a defere a pessoa jurídica de
direito público diversa daquela a que a Constituição a tenha atribuído.

CAPÍTULO II

Limitações da Competência Tributária

Seção I

Disposições Gerais

[Visualizar Jurisprudencia Consolidada do Artigo n. 9 - Corpus927](http://corpus927.enfam.jus.br/legislacao/ctn-66#art-9 ""Visualizar Jurisprudencia Consolidada do Artigo n. 9 - Corpus927"")Art.
9º É vedado à União, aos Estados, ao Distrito Federal e aos Municípios:

I -
instituir ou majorar tributo sem que a lei o estabeleça, ressalvado, quanto à
majoração, o disposto nos arts. 21, 26 e 65;

II -
cobrar impôsto sôbre o patrimônio e a renda com base em lei posterior à data inicial do
exercício financeiro a que corresponda;

III -
estabelecer limitações ao tráfego, no território nacional, de pessoas ou mercadorias,
por meio de tributos interestaduais ou intermunicipais;

~~IV -
cobrar impôsto sôbre:~~

IV - cobrar impostos e a contribuição de
que trata o [inciso V do art. 195 da Constituição Federal](https://www.planalto.gov.br/ccivil_03/Constituicao/Constituicao.htm#art195-5) sobre:      [(Redação dada pela Lei Complementar nº 214, de 2025)](https://www.planalto.gov.br/ccivil_03/leis/LCP/Lcp214.htm#art496) [Produção de efeitos](https://www.planalto.gov.br/ccivil_03/leis/LCP/Lcp214.htm#art544-6)

a) o
patrimônio, a renda ou os serviços uns dos outros;

~~b)
templos de qualquer culto;~~

b) entidades religiosas e templos de
qualquer culto, inclusive suas organizações assistenciais e
beneficentes;      [(Redação dada pela Lei \\
Complementar nº 214, de 2025)](https://www.planalto.gov.br/ccivil_03/leis/LCP/Lcp214.htm#art496) [Produção de efeitos](https://www.planalto.gov.br/ccivil_03/leis/LCP/Lcp214.htm#art544-6)

~~c) o patrimônio, a renda ou serviços de partidos políticos e de instituições
de educação ou de assistência social, observados os requisitos fixados na Seção II
dêste Capítulo;~~

c)o patrimônio, a renda ou serviços dos partidos políticos, inclusive suas
fundações, das entidades sindicais dos trabalhadores, das instituições de educação e
de assistência social, sem fins lucrativos, observados os requisitos fixados na Seção
II deste Capítulo;       [(Redação dada pela Lei Complementar nº 104, de\\
2001)](https://www.planalto.gov.br/ccivil_03/leis/LCP/Lcp104.htm)

d) papel
destinado exclusivamente à impressão de jornais, periódicos e livros.

§ 1º O disposto no inciso IV não exclui a atribuição, por lei, às
entidades nêle referidas, da condição de responsáveis pelos tributos que lhes caiba
reter na fonte, e não as dispensa da prática de atos, previstos em lei, assecuratórios
do cumprimento de obrigações tributárias por terceiros.

§ 2º O
disposto na alínea a do inciso IV aplica-se, exclusivamente, aos serviços próprios das
pessoas jurídicas de direito público a que se refere este artigo, e inerentes aos seus
objetivos.

[Visualizar Jurisprudencia Consolidada do Artigo n. 10 - Corpus927](http://corpus927.enfam.jus.br/legislacao/ctn-66#art-10 ""Visualizar Jurisprudencia Consolidada do Artigo n. 10 - Corpus927"")Art.
10\. É vedado à União instituir tributo que não seja uniforme em todo o território
nacional, ou que importe distinção ou preferência em favor de determinado Estado ou
Município.

[Visualizar Jurisprudencia Consolidada do Artigo n. 11 - Corpus927](http://corpus927.enfam.jus.br/legislacao/ctn-66#art-11 ""Visualizar Jurisprudencia Consolidada do Artigo n. 11 - Corpus927"")Art. 11.
É vedado aos Estados, ao Distrito Federal e aos Municípios estabelecer diferença
tributária entre bens de qualquer natureza, em razão da sua procedência ou do seu
destino.

**SEÇÃO II**

**Disposições Especiais**

[Visualizar Jurisprudencia Consolidada do Artigo n. 12 - Corpus927](http://corpus927.enfam.jus.br/legislacao/ctn-66#art-12 ""Visualizar Jurisprudencia Consolidada do Artigo n. 12 - Corpus927"")Art.
12\. O disposto na alínea a do inciso IV do art. 9º, observado o disposto nos seus §§
1º e 2º, é extensivo às autarquias criadas pela União, pelos Estados, pelo Distrito
Federal ou pelos Municípios, tão-somente no que se refere ao patrimônio, à renda ou
aos serviços vinculados às suas finalidades essenciais, ou delas decorrentes.

[Visualizar Jurisprudencia Consolidada do Artigo n. 13 - Corpus927](http://corpus927.enfam.jus.br/legislacao/ctn-66#art-13 ""Visualizar Jurisprudencia Consolidada do Artigo n. 13 - Corpus927"")Art.
13\. O disposto na alínea a do inciso IV do art. 9º não se aplica aos serviços
públicos concedidos, cujo tratamento tributário é estabelecido pelo poder concedente,
no que se refere aos tributos de sua competência, ressalvado o que dispõe o parágrafo
único.

Parágrafo único. Mediante lei especial e tendo em vista o interêsse comum, a União pode
instituir isenção de tributos federais, estaduais e municipais para os serviços
públicos que conceder, observado o disposto no § 1º do art. 9º.

[Visualizar Jurisprudencia Consolidada do Artigo n. 14 - Corpus927](http://corpus927.enfam.jus.br/legislacao/ctn-66#art-14 ""Visualizar Jurisprudencia Consolidada do Artigo n. 14 - Corpus927"")Art. 14. O disposto na alínea c do inciso IV do art. 9º é subordinado à
observância dos seguintes requisitos pelas entidades nêle referidas:

~~I - não distribuírem qualquer parcela de seu patrimônio ou de suas rendas, a
título de lucro ou participação no seu resultado;~~

I – não distribuírem qualquer parcela de seu patrimônio ou de suas
rendas, a qualquer título;[(Redação dada pela Lcp nº 104, de\\
2001)](https://www.planalto.gov.br/ccivil_03/leis/LCP/Lcp104.htm)

II - aplicarem integralmente, no País, os seus recursos na manutenção dos seus
objetivos institucionais;

III -
manterem escrituração de suas receitas e despesas em livros revestidos de formalidades
capazes de assegurar sua exatidão.

§ 1º Na
falta de cumprimento do disposto neste artigo, ou no § 1º do art. 9º, a autoridade
competente pode suspender a aplicação do benefício.

§ 2º Os
serviços a que se refere a alínea c do inciso IV do art. 9º são exclusivamente, os
diretamente relacionados com os objetivos institucionais das entidades de que trata este
artigo, previstos nos respectivos estatutos ou atos constitutivos.

[Visualizar Jurisprudencia Consolidada do Artigo n. 15 - Corpus927](http://corpus927.enfam.jus.br/legislacao/ctn-66#art-15 ""Visualizar Jurisprudencia Consolidada do Artigo n. 15 - Corpus927"")Art.
15\. Somente a União, nos seguintes casos excepcionais, pode instituir empréstimos
compulsórios:

I -
guerra externa, ou sua iminência;

II -
calamidade pública que exija auxílio federal impossível de atender com os recursos
orçamentários disponíveis;

III -
conjuntura que exija a absorção temporária de poder aquisitivo.

Parágrafo único. A lei fixará obrigatoriamente o prazo do empréstimo e as condições
de seu resgate, observando, no que for aplicável, o disposto nesta lei.

TÍTULO III

Impostos

CAPÍTULO I

Disposições Gerais

[Visualizar Jurisprudencia Consolidada do Artigo n. 16 - Corpus927](http://corpus927.enfam.jus.br/legislacao/ctn-66#art-16 ""Visualizar Jurisprudencia Consolidada do Artigo n. 16 - Corpus927"")Art.
16\. Imposto é o tributo cuja obrigação tem por fato gerador uma situação independente
de qualquer atividade estatal específica, relativa ao contribuinte.

[Visualizar Jurisprudencia Consolidada do Artigo n. 17 - Corpus927](http://corpus927.enfam.jus.br/legislacao/ctn-66#art-17 ""Visualizar Jurisprudencia Consolidada do Artigo n. 17 - Corpus927"")Art. 17.
Os impostos componentes do sistema tributário nacional são exclusivamente os que constam
dêste Título, com as competências e limitações nele previstas.

[Visualizar Jurisprudencia Consolidada do Artigo n. 18 - Corpus927](http://corpus927.enfam.jus.br/legislacao/ctn-66#art-18 ""Visualizar Jurisprudencia Consolidada do Artigo n. 18 - Corpus927"")Art. 18.
Compete:

I - à
União, instituir, nos Territórios Federais, os impostos atribuídos aos Estados e, se
aqueles não forem divididos em Municípios, cumulativamente, os atribuídos a êstes;

II - ao
Distrito Federal e aos Estados não divididos em Municípios, instituir, cumulativamente,
os impostos atribuídos aos Estados e aos Municípios.

Art. 18-A. Para fins da incidência do imposto de que trata o inciso II do **caput** do art. 155 da Constituição Federal, os combustíveis, o gás natural, a
energia elétrica, as comunicações e o transporte coletivo são considerados bens
e serviços essenciais e indispensáveis, que não podem ser tratados como
supérfluos.   [(Incluído pela Lei \\
Complementar nº 194, de 2022)](https://www.planalto.gov.br/ccivil_03/leis/LCP/Lcp194.htm#art1)

Parágrafo único. Para efeito do disposto neste artigo:[(Incluído pela Lei Complementar nº 194, de 2022)](https://www.planalto.gov.br/ccivil_03/leis/LCP/Lcp194.htm#art1)

I - é
vedada a fixação de alíquotas sobre as operações referidas no **caput** deste
artigo em patamar superior ao das operações em geral, considerada a
essencialidade dos bens e serviços;[(Incluído pela Lei Complementar nº 194, de 2022)](https://www.planalto.gov.br/ccivil_03/leis/LCP/Lcp194.htm#art1)

II - é
facultada ao ente federativo competente a aplicação de alíquotas reduzidas em
relação aos bens referidos no **caput** deste artigo, como forma de
beneficiar os consumidores em geral; e[(Incluído pela Lei Complementar nº 194, de 2022)](https://www.planalto.gov.br/ccivil_03/leis/LCP/Lcp194.htm#art1)

~~III - é
vedada a fixação de alíquotas reduzidas de que trata o inciso II deste
parágrafo, para os combustíveis, a energia elétrica e o gás natural, em
percentual superior ao da alíquota vigente por ocasião da publicação deste
artigo.[(Incluído pela Lei Complementar nº 194, de 2022)](https://www.planalto.gov.br/ccivil_03/leis/LCP/Lcp194.htm#art1)~~[(Revogado pela Lei Complementar nº 201, de 2023)](https://www.planalto.gov.br/ccivil_03/leis/LCP/Lcp201.htm#art18)

CAPÍTULO II

Impostos sôbre o Comércio Exterior

Seção I

Impôsto sôbre a Importação

[Visualizar Jurisprudencia Consolidada do Artigo n. 19 - Corpus927](http://corpus927.enfam.jus.br/legislacao/ctn-66#art-19 ""Visualizar Jurisprudencia Consolidada do Artigo n. 19 - Corpus927"")Art.
19\. O impôsto, de competência da União, sôbre a importação de produtos estrangeiros
tem como fato gerador a entrada dêstes no território nacional.

[Visualizar Jurisprudencia Consolidada do Artigo n. 20 - Corpus927](http://corpus927.enfam.jus.br/legislacao/ctn-66#art-20 ""Visualizar Jurisprudencia Consolidada do Artigo n. 20 - Corpus927"")Art. 20.
A base de cálculo do impôsto é:

I -
quando a alíquota seja específica, a unidade de medida adotada pela lei tributária;

II -
quando a alíquota seja ad valorem, o preço normal que o produto, ou seu similar,
alcançaria, ao tempo da importação, em uma venda em condições de livre concorrência,
para entrega no porto ou lugar de entrada do produto no País;

III -
quando se trate de produto apreendido ou abandonado, levado a leilão, o preço da
arrematação.

[Visualizar Jurisprudencia Consolidada do Artigo n. 21 - Corpus927](http://corpus927.enfam.jus.br/legislacao/ctn-66#art-21 ""Visualizar Jurisprudencia Consolidada do Artigo n. 21 - Corpus927"")Art.
21\. O Poder Executivo pode, nas condições e nos limites estabelecidos em lei, alterar as
alíquotas ou as bases de cálculo do impôsto, a fim de ajustá-lo aos objetivos da
política cambial e do comércio exterior.

[Visualizar Jurisprudencia Consolidada do Artigo n. 22 - Corpus927](http://corpus927.enfam.jus.br/legislacao/ctn-66#art-22 ""Visualizar Jurisprudencia Consolidada do Artigo n. 22 - Corpus927"")Art. 22.
Contribuinte do impôsto é:

I - o
importador ou quem a lei a ele equiparar;

II - o
arrematante de produtos apreendidos ou abandonados.

Seção II

Impôsto sôbre a Exportação

[Visualizar Jurisprudencia Consolidada do Artigo n. 23 - Corpus927](http://corpus927.enfam.jus.br/legislacao/ctn-66#art-23 ""Visualizar Jurisprudencia Consolidada do Artigo n. 23 - Corpus927"")Art.
23\. O impôsto, de competência da União, sôbre a exportação, para o estrangeiro, de
produtos nacionais ou nacionalizados tem como fato gerador a saída dêstes do território
nacional.

[Visualizar Jurisprudencia Consolidada do Artigo n. 24 - Corpus927](http://corpus927.enfam.jus.br/legislacao/ctn-66#art-24 ""Visualizar Jurisprudencia Consolidada do Artigo n. 24 - Corpus927"")Art. 24.
A base de cálculo do impôsto é:

I -
quando a alíquota seja específica, a unidade de medida adotada pela lei tributária;

II -
quando a alíquota seja ad valorem, o preço normal que o produto, ou seu similar,
alcançaria, ao tempo da exportação, em uma venda em condições de livre concorrência.

Parágrafo único. Para os efeitos do inciso II, considera-se a entrega como efetuada no
porto ou lugar da saída do produto, deduzidos os tributos diretamente incidentes sôbre a
operação de exportação e, nas vendas efetuadas a prazo superior aos correntes no
mercado internacional o custo do financiamento.

[Visualizar Jurisprudencia Consolidada do Artigo n. 25 - Corpus927](http://corpus927.enfam.jus.br/legislacao/ctn-66#art-25 ""Visualizar Jurisprudencia Consolidada do Artigo n. 25 - Corpus927"")Art.
25\. A lei pode adotar como base de cálculo a parcela do valor ou do preço, referidos no
artigo anterior, excedente de valor básico, fixado de acordo com os critérios e dentro
dos limites por ela estabelecidos.

[Visualizar Jurisprudencia Consolidada do Artigo n. 26 - Corpus927](http://corpus927.enfam.jus.br/legislacao/ctn-66#art-26 ""Visualizar Jurisprudencia Consolidada do Artigo n. 26 - Corpus927"")Art. 26.
O Poder Executivo pode, nas condições e nos limites estabelecidos em lei, alterar as
alíquotas ou as bases de cálculo do impôsto, a fim de ajustá-los aos objetivos da
política cambial e do comércio exterior.

[Visualizar Jurisprudencia Consolidada do Artigo n. 27 - Corpus927](http://corpus927.enfam.jus.br/legislacao/ctn-66#art-27 ""Visualizar Jurisprudencia Consolidada do Artigo n. 27 - Corpus927"")Art. 27.
Contribuinte do impôsto é o exportador ou quem a lei a êle equiparar.

[Visualizar Jurisprudencia Consolidada do Artigo n. 28 - Corpus927](http://corpus927.enfam.jus.br/legislacao/ctn-66#art-28 ""Visualizar Jurisprudencia Consolidada do Artigo n. 28 - Corpus927"")Art.
28\. A receita líquida do impôsto destina-se à formação de reservas monetárias, na
forma da lei.

CAPÍTULO III

Impostos sôbre o Patrimônio e a Renda

Seção I

Impôsto sôbre a Propriedade Territorial Rural

[Visualizar Jurisprudencia Consolidada do Artigo n. 29 - Corpus927](http://corpus927.enfam.jus.br/legislacao/ctn-66#art-29 ""Visualizar Jurisprudencia Consolidada do Artigo n. 29 - Corpus927"")Art. 29. O impôsto, de competência da União, sobre a propriedade
territorial rural tem como fato gerador a propriedade, o domínio útil ou a posse de
imóvel por natureza, como definido na lei civil, localizado fora da zona urbana do
Município.

[Visualizar Jurisprudencia Consolidada do Artigo n. 30 - Corpus927](http://corpus927.enfam.jus.br/legislacao/ctn-66#art-30 ""Visualizar Jurisprudencia Consolidada do Artigo n. 30 - Corpus927"")Art. 30.
A base do cálculo do impôsto é o valor fundiário.

[Visualizar Jurisprudencia Consolidada do Artigo n. 31 - Corpus927](http://corpus927.enfam.jus.br/legislacao/ctn-66#art-31 ""Visualizar Jurisprudencia Consolidada do Artigo n. 31 - Corpus927"")Art. 31. Contribuinte do impôsto é o proprietário do imóvel, o titular de
seu domínio útil, ou o seu possuidor a qualquer título.

Seção II

Impôsto sôbre a Propriedade Predial e Territorial
Urbana

[Visualizar Jurisprudencia Consolidada do Artigo n. 32 - Corpus927](http://corpus927.enfam.jus.br/legislacao/ctn-66#art-32 ""Visualizar Jurisprudencia Consolidada do Artigo n. 32 - Corpus927"")Art. 32. O impôsto, de competência dos Municípios, sôbre a propriedade
predial e territorial urbana tem como fato gerador a propriedade, o domínio útil ou a
posse de bem imóvel por natureza ou por acessão física, como definido na lei civil,
localizado na zona urbana do Município.

§ 1º
Para os efeitos dêste impôsto, entende-se como zona urbana a definida em lei municipal;
observado o requisito mínimo da existência de melhoramentos indicados em pelo menos 2
(dois) dos incisos seguintes, construídos ou mantidos pelo Poder Público:

I -
meio-fio ou calçamento, com canalização de águas pluviais;

II -
abastecimento de água;

III -
sistema de esgotos sanitários;

IV - rêde
de iluminação pública, com ou sem posteamento para distribuição domiciliar;

V -
escola primária ou pôsto de saúde a uma distância máxima de 3 (três) quilômetros do
imóvel considerado.

§ 2º A
lei municipal pode considerar urbanas as áreas urbanizáveis, ou de expansão urbana,
constantes de loteamentos aprovados pelos órgãos competentes, destinados à habitação,
à indústria ou ao comércio, mesmo que localizados fora das zonas definidas nos têrmos
do parágrafo anterior.

[Visualizar Jurisprudencia Consolidada do Artigo n. 33 - Corpus927](http://corpus927.enfam.jus.br/legislacao/ctn-66#art-33 ""Visualizar Jurisprudencia Consolidada do Artigo n. 33 - Corpus927"")Art.
33\. A base do cálculo do impôsto é o valor venal do imóvel.

Parágrafo único. Na determinação da base de cálculo, não se considera o valor dos
bens móveis mantidos, em caráter permanente ou temporário, no imóvel, para efeito de
sua utilização, exploração, aformoseamento ou comodidade.

[Visualizar Jurisprudencia Consolidada do Artigo n. 34 - Corpus927](http://corpus927.enfam.jus.br/legislacao/ctn-66#art-34 ""Visualizar Jurisprudencia Consolidada do Artigo n. 34 - Corpus927"")Art. 34.
Contribuinte do impôsto é o proprietário do imóvel, o titular do seu domínio útil, ou
o seu possuidor a qualquer título.

~~Seção III~~

~~Impôsto sôbre a Transmissão de Bens Imóveis e de
Direitos a êles Relativos~~

~~Art.
35\. O impôsto, de competência dos Estados, sôbre a transmissão de bens imóveis e de
direitos a êles relativos tem como fato gerador:~~

~~I - a
transmissão, a qualquer título, da propriedade ou do domínio útil de bens imóveis por
natureza ou por acessão física, como definidos na lei civil;~~

~~II - a
transmissão, a qualquer título, de direitos reais sobre imóveis, exceto os direitos
reais de garantia;~~

~~III - a
cessão de direitos relativos às transmissões referidas nos incisos I e II.~~

~~Parágrafo único. Nas transmissões causa mortis, ocorrem tantos fatos geradores
distintos quantos sejam os herdeiros ou legatários.~~[(Revogado pela Lei Complementar nº 227, de 2026)](https://www.planalto.gov.br/ccivil_03/leis/LCP/Lcp227.htm#art181)

Seção III

[(Redação dada pela Lei Complementar nº 227, de 2026)](https://www.planalto.gov.br/ccivil_03/leis/LCP/Lcp227.htm#art165)

Do Imposto sobre
a Transmissão _Inter vivos_, por Ato Oneroso, de Bens Imóveis e de Direitos
a Eles Relativos

~~[Visualizar Jurisprudencia Consolidada do Artigo n. 35 - Corpus927](http://corpus927.enfam.jus.br/legislacao/ctn-66#art-35 ""Visualizar Jurisprudencia Consolidada do Artigo n. 35 - Corpus927"")~~Art.
35.
O Imposto sobre a Transmissão _Inter vivos_, por Ato Oneroso, de Bens
Imóveis e de Direitos a Eles Relativos, de competência dos Municípios e do
Distrito Federal, tem como fato gerador:
[(Redação dada pela Lei Complementar nº 227, de \\
2026)](https://www.planalto.gov.br/ccivil_03/leis/LCP/Lcp227.htm#art165)

I - a
transmissão _inter vivos_, a qualquer título, por ato oneroso, da
propriedade ou do domínio útil de bens imóveis por natureza ou por acessão
física, como definidos na lei civil;       [(Redação dada pela Lei Complementar nº 227, de 2026)](https://www.planalto.gov.br/ccivil_03/leis/LCP/Lcp227.htm#art165)

II - a
transmissão _inter vivos_, a qualquer título, por ato oneroso, de direitos
reais sobre imóveis, exceto os direitos reais de garantia;
[(Redação dada pela Lei Complementar nº 227, de \\
2026)](https://www.planalto.gov.br/ccivil_03/leis/LCP/Lcp227.htm#art165)

III - a
cessão _inter vivos_, por ato oneroso, de direitos relativos às
transmissões referidas nos incisos I e II deste _caput_.
[(Redação dada pela Lei Complementar nº 227, de \\
2026)](https://www.planalto.gov.br/ccivil_03/leis/LCP/Lcp227.htm#art165)

Parágrafo único. [(Revogado)](https://www.planalto.gov.br/ccivil_03/leis/LCP/Lcp227.htm#art181).     [(Redação dada pela Lei Complementar nº 227, de 2026)](https://www.planalto.gov.br/ccivil_03/leis/LCP/Lcp227.htm#art165)

~~[Visualizar Jurisprudencia Consolidada do Artigo n. 35 - Corpus927](http://corpus927.enfam.jus.br/legislacao/ctn-66#art-35 ""Visualizar Jurisprudencia Consolidada do Artigo n. 35 - Corpus927"")~~Art.
35-A. (VETADO).       [(Incluído pela Lei Complementar nº 227, de 2026)](https://www.planalto.gov.br/ccivil_03/leis/LCP/Lcp227.htm#art165)

[Visualizar Jurisprudencia Consolidada do Artigo n. 36 - Corpus927](http://corpus927.enfam.jus.br/legislacao/ctn-66#art-36 ""Visualizar Jurisprudencia Consolidada do Artigo n. 36 - Corpus927"")Art.
36\. Ressalvado o disposto no artigo seguinte, o impôsto não incide sôbre a transmissão
dos bens ou direitos referidos no artigo anterior:

I -
quando efetuada para sua incorporação ao patrimônio de pessoa jurídica em pagamento de
capital nela subscrito;

II -
quando decorrente da incorporação ou da fusão de uma pessoa jurídica por outra ou com
outra.

Parágrafo único. O impôsto não incide sôbre a transmissão aos mesmos alienantes, dos
bens e direitos adquiridos na forma do inciso I dêste artigo, em decorrência da sua desincorporação do patrimônio da pessoa jurídica a que foram conferidos.

[Visualizar Jurisprudencia Consolidada do Artigo n. 37 - Corpus927](http://corpus927.enfam.jus.br/legislacao/ctn-66#art-37 ""Visualizar Jurisprudencia Consolidada do Artigo n. 37 - Corpus927"")Art.
37\. O disposto no artigo anterior não se aplica quando a pessoa jurídica adquirente
tenha como atividade preponderante a venda ou locação de propriedade imobiliária ou a
cessão de direitos relativos à sua aquisição.

§ 1º
Considera-se caracterizada a atividade preponderante referida neste artigo quando mais de
50% (cinqüenta por cento) da receita operacional da pessoa jurídica adquirente, nos 2
(dois) anos anteriores e nos 2 (dois) anos subseqüentes à aquisição, decorrer de
transações mencionadas neste artigo.

§ 2º Se
a pessoa jurídica adquirente iniciar suas atividades após a aquisição, ou menos de 2
(dois) anos antes dela, apurar-se-á a preponderância referida no parágrafo anterior
levando em conta os 3 (três) primeiros anos seguintes à data da aquisição.

§ 3º
Verificada a preponderância referida neste artigo, tornar-se-á devido o impôsto, nos
termos da lei vigente à data da aquisição, sôbre o valor do bem ou direito nessa data.

§ 4º O
disposto neste artigo não se aplica à transmissão de bens ou direitos, quando realizada
em conjunto com a da totalidade do patrimônio da pessoa jurídica alienante.

[Visualizar Jurisprudencia Consolidada do Artigo n. 38 - Corpus927](http://corpus927.enfam.jus.br/legislacao/ctn-66#art-38 ""Visualizar Jurisprudencia Consolidada do Artigo n. 38 - Corpus927"")Art.
38\. A base de cálculo do impôsto é o valor venal dos bens ou direitos transmitidos.

§ 1º Considera-se valor venal, para fins do _caput_
deste artigo, o valor pelo qual o bem ou direito seria negociado à vista, em
condições normais de mercado.      [(Incluído \\
pela Lei Complementar nº 227, de 2026)](https://www.planalto.gov.br/ccivil_03/leis/LCP/Lcp227.htm#art165)

§ 2º O
valor pelo qual o bem ou direito seria negociado à vista, em condições normais
de mercado, a que se refere o § 1º deste artigo, será estimado por meio de
critérios técnicos, considerando pelo menos um dos seguintes:
[(Incluído \\
pela Lei Complementar nº 227, de 2026)](https://www.planalto.gov.br/ccivil_03/leis/LCP/Lcp227.htm#art165)

I -
análise de preços praticados no mercado imobiliário;
[(Incluído \\
pela Lei Complementar nº 227, de 2026)](https://www.planalto.gov.br/ccivil_03/leis/LCP/Lcp227.htm#art165)

II -
informações prestadas pelos serviços notariais e registrais e por agentes
financeiros;      [(Incluído \\
pela Lei Complementar nº 227, de 2026)](https://www.planalto.gov.br/ccivil_03/leis/LCP/Lcp227.htm#art165)

III -
localização, tipologia, destinação, padrão e área de terreno e construção, entre
outras características do bem imóvel; e      [(Incluído \\
pela Lei Complementar nº 227, de 2026)](https://www.planalto.gov.br/ccivil_03/leis/LCP/Lcp227.htm#art165)

IV -
outros parâmetros técnicos usualmente observados na avaliação de imóveis.
[(Incluído \\
pela Lei Complementar nº 227, de 2026)](https://www.planalto.gov.br/ccivil_03/leis/LCP/Lcp227.htm#art165)

§ 3º As
administrações tributárias dos Municípios e do Distrito Federal deverão divulgar
os critérios utilizados para estimar o valor venal a que se refere o _caput_
deste artigo, o qual poderá ser contestado pelo contribuinte mediante a
apresentação de avaliação contraditória em procedimento específico, nos termos
da legislação específica municipal ou distrital.
[(Incluído \\
pela Lei Complementar nº 227, de 2026)](https://www.planalto.gov.br/ccivil_03/leis/LCP/Lcp227.htm#art165)

§ 4º Os
serviços registrais e notariais deverão compartilhar as informações das
operações realizadas com bens imóveis com as administrações tributárias dos
Municípios e do Distrito Federal, sob pena de multa prevista em lei específica
municipal ou distrital.     [(Incluído \\
pela Lei Complementar nº 227, de 2026)](https://www.planalto.gov.br/ccivil_03/leis/LCP/Lcp227.htm#art165)

~~[Visualizar Jurisprudencia Consolidada do Artigo n. 39 - Corpus927](http://corpus927.enfam.jus.br/legislacao/ctn-66#art-39 ""Visualizar Jurisprudencia Consolidada do Artigo n. 39 - Corpus927"")Art.
39\. A alíquota do impôsto não excederá os limites fixados em resolução do Senado
Federal, que distinguirá, para efeito de aplicação de alíquota mais baixa, as
transmissões que atendam à política nacional de habitação.
[(Vide Ato Complementar nº 27, de 1966)](https://www.planalto.gov.br/ccivil_03/ACP/acp-27-66.htm#art8)~~[(Revogado pela Lei Complementar nº 227, de 2026)](https://www.planalto.gov.br/ccivil_03/leis/LCP/Lcp227.htm#art181)

[Visualizar Jurisprudencia Consolidada do Artigo n. 40 - Corpus927](http://corpus927.enfam.jus.br/legislacao/ctn-66#art-40 ""Visualizar Jurisprudencia Consolidada do Artigo n. 40 - Corpus927"")Art.
40\. O montante do impôsto é dedutível do devido à União, a título do impôsto de que
trata o art. 43, sôbre o provento decorrente da mesma transmissão.

~~Art.
41\. O impôsto compete ao Estado da situação do imóvel transmitido, ou sôbre que
versarem os direitos cedidos, mesmo que a mutação patrimonial decorra de sucessão
aberta no estrangeiro.~~

[Visualizar Jurisprudencia Consolidada do Artigo n. 41 - Corpus927](http://corpus927.enfam.jus.br/legislacao/ctn-66#art-41 ""Visualizar Jurisprudencia Consolidada do Artigo n. 41 - Corpus927"")Art.
41\. O imposto compete ao Município da situação do bem, ou ao Distrito Federal.
[(Redação dada pela Lei Complementar nº 227, de \\
2026)](https://www.planalto.gov.br/ccivil_03/leis/LCP/Lcp227.htm#art165)

[Visualizar Jurisprudencia Consolidada do Artigo n. 42 - Corpus927](http://corpus927.enfam.jus.br/legislacao/ctn-66#art-42 ""Visualizar Jurisprudencia Consolidada do Artigo n. 42 - Corpus927"")Art. 42.
Contribuinte do impôsto é qualquer das partes na operação tributada, como dispuser a
lei.

Seção IV

Impôsto sôbre a Renda e Proventos de Qualquer
Natureza

[Visualizar Jurisprudencia Consolidada do Artigo n. 43 - Corpus927](http://corpus927.enfam.jus.br/legislacao/ctn-66#art-43 ""Visualizar Jurisprudencia Consolidada do Artigo n. 43 - Corpus927"")Art. 43. O impôsto, de competência da União, sôbre a renda e proventos de
qualquer natureza tem como fato gerador a aquisição da disponibilidade econômica ou
jurídica:

I - de
renda, assim entendido o produto do capital, do trabalho ou da combinação de ambos;

II - de
proventos de qualquer natureza, assim entendidos os acréscimos patrimoniais não
compreendidos no inciso anterior.

§ 1o A incidência do imposto
independe da denominação da receita ou do rendimento, da localização, condição
jurídica ou nacionalidade da fonte, da origem e da forma de percepção. [(Incluído pela Lcp nº 104, de 2001)](https://www.planalto.gov.br/ccivil_03/leis/LCP/Lcp104.htm)

§ 2o Na hipótese de receita ou de
rendimento oriundos do exterior, a lei estabelecerá as condições e o momento em que se
dará sua disponibilidade, para fins de incidência do imposto referido neste artigo.[(Incluído pela Lcp nº 104, de 2001)](https://www.planalto.gov.br/ccivil_03/leis/LCP/Lcp104.htm)

[Visualizar Jurisprudencia Consolidada do Artigo n. 44 - Corpus927](http://corpus927.enfam.jus.br/legislacao/ctn-66#art-44 ""Visualizar Jurisprudencia Consolidada do Artigo n. 44 - Corpus927"")Art. 44. A base de cálculo do impôsto é o montante, real, arbitrado ou presumido, da
renda ou dos proventos tributáveis.

[Visualizar Jurisprudencia Consolidada do Artigo n. 45 - Corpus927](http://corpus927.enfam.jus.br/legislacao/ctn-66#art-45 ""Visualizar Jurisprudencia Consolidada do Artigo n. 45 - Corpus927"")Art. 45.
Contribuinte do impôsto é o titular da disponibilidade a que se refere o artigo 43, sem
prejuízo de atribuir a lei essa condição ao possuidor, a qualquer título, dos bens
produtores de renda ou dos proventos tributáveis.

Parágrafo único. A lei pode atribuir à fonte pagadora da renda ou dos proventos
tributáveis a condição de responsável pelo impôsto cuja retenção e recolhimento lhe
caibam.

CAPÍTULO IV

Impostos sôbre a Produção e a Circulação

Seção I

Impôsto sôbre Produtos Industrializados

[Visualizar Jurisprudencia Consolidada do Artigo n. 46 - Corpus927](http://corpus927.enfam.jus.br/legislacao/ctn-66#art-46 ""Visualizar Jurisprudencia Consolidada do Artigo n. 46 - Corpus927"")Art.
46\. O impôsto, de competência da União, sôbre produtos industrializados tem como fato
gerador:

I - o seu
desembaraço aduaneiro, quando de procedência estrangeira;

II - a
sua saída dos estabelecimentos a que se refere o parágrafo único do art. 51;

III - a
sua arrematação, quando apreendido ou abandonado e levado a leilão.

Parágrafo único. Para os efeitos deste impôsto, considera-se industrializado o produto
que tenha sido submetido a qualquer operação que lhe modifique a natureza ou a
finalidade, ou o aperfeiçoe para o consumo.

[Visualizar Jurisprudencia Consolidada do Artigo n. 47 - Corpus927](http://corpus927.enfam.jus.br/legislacao/ctn-66#art-47 ""Visualizar Jurisprudencia Consolidada do Artigo n. 47 - Corpus927"")Art.
47\. A base de cálculo do impôsto é:

I - no
caso do inciso I do artigo anterior, o preço normal, como definido no inciso II do art.
20, acrescido do montante:

a) do
impôsto sôbre a importação;

b) das
taxas exigidas para entrada do produto no País;

c) dos
encargos cambiais efetivamente pagos pelo importador ou dêle exigíveis;

II - no
caso do inciso II do artigo anterior:

a) o
valor da operação de que decorrer a saída da mercadoria;

b) na
falta do valor a que se refere a alínea anterior, o preço corrente da mercadoria, ou sua
similar, no mercado atacadista da praça do remetente;

III - no
caso do inciso III do artigo anterior, o preço da arrematação.

[Visualizar Jurisprudencia Consolidada do Artigo n. 48 - Corpus927](http://corpus927.enfam.jus.br/legislacao/ctn-66#art-48 ""Visualizar Jurisprudencia Consolidada do Artigo n. 48 - Corpus927"")Art.
48\. O impôsto é seletivo em função da essencialidade dos produtos.

[Visualizar Jurisprudencia Consolidada do Artigo n. 49 - Corpus927](http://corpus927.enfam.jus.br/legislacao/ctn-66#art-49 ""Visualizar Jurisprudencia Consolidada do Artigo n. 49 - Corpus927"")Art. 49.
O impôsto é não-cumulativo, dispondo a lei de forma que o montante devido resulte da
diferença a maior, em determinado período, entre o impôsto referente aos produtos
saídos do estabelecimento e o pago relativamente aos produtos nêle entrados.

Parágrafo único. O saldo verificado, em determinado período, em favor do contribuinte
transfere-se para o período ou períodos seguintes.

[Visualizar Jurisprudencia Consolidada do Artigo n. 50 - Corpus927](http://corpus927.enfam.jus.br/legislacao/ctn-66#art-50 ""Visualizar Jurisprudencia Consolidada do Artigo n. 50 - Corpus927"")Art. 50.
Os produtos sujeitos ao impôsto, quando remetidos de um para outro Estado, ou do ou para o
Distrito Federal, serão acompanhados de nota fiscal de modêlo especial, emitida em
séries próprias e contendo, além dos elementos necessários ao contrôle fiscal, os
dados indispensáveis à elaboração da estatística do comércio por cabotagem e demais
vias internas.

[Visualizar Jurisprudencia Consolidada do Artigo n. 51 - Corpus927](http://corpus927.enfam.jus.br/legislacao/ctn-66#art-51 ""Visualizar Jurisprudencia Consolidada do Artigo n. 51 - Corpus927"")Art.
51\. Contribuinte do impôsto é:

I - o
importador ou quem a lei a êle equiparar;

II - o
industrial ou quem a lei a êle equiparar;

III - o
comerciante de produtos sujeitos ao impôsto, que os forneça aos contribuintes definidos
no inciso anterior;

IV - o
arrematante de produtos apreendidos ou abandonados, levados a leilão.

Parágrafo único. Para os efeitos dêste impôsto, considera-se contribuinte autônomo
qualquer estabelecimento de importador, industrial, comerciante ou arrematante.

Seção II

Impôsto Estadual sôbre Operações Relativas à
Circulação de Mercadorias

~~Art. 52. O impôsto, de competência dos Estados, sôbre operações
relativas à circulação de mercadorias tem como fato gerador a saída destas de
estabelecimentos comercial, industrial ou produtor.~~

[Visualizar Jurisprudencia Consolidada do Artigo n. 52 - Corpus927](http://corpus927.enfam.jus.br/legislacao/ctn-66#art-52 ""Visualizar Jurisprudencia Consolidada do Artigo n. 52 - Corpus927"")~~Art. 52 O impôsto, de
competência dos Estados, sôbre operações relativas a circulação de mercadorias tem
como fato gerador:
[(Redação dada pelo Ato\\
Complementar nº 34, de 1967)](https://www.planalto.gov.br/ccivil_03/ACP/acp-34-67.htm#art3)~~ [(Revogado pelo\\
Decreto-lei nº 406, de 1968).](https://www.planalto.gov.br/ccivil_03/Decreto-Lei/Del0406.htm#art13)

~~I - a saída de mercadorias de
estabelecimento comercial, industrial ou produtor;
[(Incluído pelo Ato Complementar nº 34, de \\
1967)](https://www.planalto.gov.br/ccivil_03/ACP/acp-34-67.htm#art3)~~ [(Revogado pelo\\
Decreto-lei nº 406, de 1968).](https://www.planalto.gov.br/ccivil_03/Decreto-Lei/Del0406.htm#art13)

~~II - a entrada de
mercadoria estrangeira em estabelecimento da emprêsa que houver realizado a importação,
observado o disposto nos §§ 6º e 7º, do art. 58;
[(Incluído pelo Ato\\
Complementar nº 34, de 1967)](https://www.planalto.gov.br/ccivil_03/ACP/acp-34-67.htm#art3)~~ [(Revogado pelo Ato\\
Complementar nº 36, de 1967)](https://www.planalto.gov.br/ccivil_03/ACP/acp-36-67.htm#art8)

~~III - o fornecimento de alimentação,
bebidas e outras mercadorias, nos restautantes, bares, cafés e estabelecimentos
similares.
[(Incluído pelo Ato\\
Complementar nº 34, de 1967)](https://www.planalto.gov.br/ccivil_03/ACP/acp-34-67.htm#art3)~~ [(Revogado pelo\\
Decreto-lei nº 406, de 1968).](https://www.planalto.gov.br/ccivil_03/Decreto-Lei/Del0406.htm#art13)

~~§ 1º Equipara-se à
saída a transmissão da propriedade de mercadoria, quando esta não transitar pelo
estabelecimento do transmitente.~~ [(Revogado pelo\\
Decreto-lei nº 406, de 1968).](https://www.planalto.gov.br/ccivil_03/Decreto-Lei/Del0406.htm#art13)

~~§ 2º Quando a mercadoria seja transferida
para armazém-geral, no mesmo Estado, a saída considera-se ocorrida no lugar do
estabelecimento remetente:~~ [(Revogado pelo\\
Decreto-lei nº 406, de 1968).](https://www.planalto.gov.br/ccivil_03/Decreto-Lei/Del0406.htm#art13)

~~I - no momento da retirada da mercadoria do
armazém, salvo se para retornar ao estabelecimento da origem;~~ [(Revogado pelo\\
Decreto-lei nº 406, de 1968).](https://www.planalto.gov.br/ccivil_03/Decreto-Lei/Del0406.htm#art13)

~~II - no momento da transmissão da propriedade
da mercadoria.~~ [(Revogado pelo\\
Decreto-lei nº 406, de 1968).](https://www.planalto.gov.br/ccivil_03/Decreto-Lei/Del0406.htm#art13)

~~§ 3º O impôsto não incide:~~ [(Revogado pelo\\
Decreto-lei nº 406, de 1968).](https://www.planalto.gov.br/ccivil_03/Decreto-Lei/Del0406.htm#art13)

~~I - sôbre a saída decorrente da venda
a varejo, diretamente a consumidor, de gêneros de primeira necessidade, definidos como
tais por ato do Poder Executivo estadual;~~ [(Revogado pelo\\
Decreto-lei nº 406, de 1968).](https://www.planalto.gov.br/ccivil_03/Decreto-Lei/Del0406.htm#art13)

~~II - sôbre a alienação fiduciária, em
garantia;~~ [(Revogado pelo\\
Decreto-lei nº 406, de 1968)](https://www.planalto.gov.br/ccivil_03/Decreto-Lei/Del0406.htm#art13)

~~II – sobre a alienação fiduciária
em garantia, bem como na operação posterior ao vencimento do contrato de financiamento
respectivo, efetuado pelo credor em razão do inadimplemento do devedor.~~ [(Vide Lei nº 5.589, de 1970)](https://www.planalto.gov.br/ccivil_03/leis/L5589.htm#art5)

III - VETADO.

~~III - Sôbre a
saída de vasilhame utilizado no transporte da mercadoria, desde que tenha de retornar a
estabelecimento do remetente.             [(Incluído pelo Ato\\
Complementar nº 31, de1966)](https://www.planalto.gov.br/ccivil_03/ACP/acp-31-66.htm#art7)~~ [(Revogado pelo\\
Decreto-lei nº 406, de 1968).](https://www.planalto.gov.br/ccivil_03/Decreto-Lei/Del0406.htm#art13)

~~IV – sôbre o
fornecimento de materiais pelos empreiteiros de obras hidráulicas ou de contrução
civil, quando adquiridos de terceiros.
[(Incluído pelo Ato Complementar nº 34, de \\
1967)](https://www.planalto.gov.br/ccivil_03/ACP/acp-34-67.htm#art3) [(Vide Ato Complementar nº 35, de 1967)](https://www.planalto.gov.br/ccivil_03/ACP/acp-35-67.htm#ateracao1)~~ [(Revogado pelo\\
Decreto-lei nº 406, de 1968).](https://www.planalto.gov.br/ccivil_03/Decreto-Lei/Del0406.htm#art13)

~~§ 4º VETADO.~~ [(Revogado pelo\\
Decreto-lei nº 406, de 1968).](https://www.planalto.gov.br/ccivil_03/Decreto-Lei/Del0406.htm#art13)

[Visualizar Jurisprudencia Consolidada do Artigo n. 53 - Corpus927](http://corpus927.enfam.jus.br/legislacao/ctn-66#art-53 ""Visualizar Jurisprudencia Consolidada do Artigo n. 53 - Corpus927"")~~Art. 53. A base de
cálculo do impôsto é:~~ [(Revogado pelo\\
Decreto-lei nº 406, de 1968).](https://www.planalto.gov.br/ccivil_03/Decreto-Lei/Del0406.htm#art13) ~~**:**~~

~~I - o valor da operação de que
decorrer a saída da mercadoria;~~ [(Revogado pelo\\
Decreto-lei nº 406, de 1968).](https://www.planalto.gov.br/ccivil_03/Decreto-Lei/Del0406.htm#art13)

~~II - na falta do valor a que se refere o inciso
anterior, o preço corrente da mercadoria, ou sua similar, no mercado atacadista da praça
do remetente.~~ [(Revogado pelo\\
Decreto-lei nº 406, de 1968).](https://www.planalto.gov.br/ccivil_03/Decreto-Lei/Del0406.htm#art13)

~~§ 1º O montante do impôsto de que trata o
artigo 46 não integra a base de cálculo definida neste artigo:~~ [(Revogado pelo\\
Decreto-lei nº 406, de 1968).](https://www.planalto.gov.br/ccivil_03/Decreto-Lei/Del0406.htm#art13)

~~I - quando a operação constitua fato gerador
de ambos os tributos, como definido nos arts. 46 e 52;~~ [(Revogado pelo\\
Decreto-lei nº 406, de 1968).](https://www.planalto.gov.br/ccivil_03/Decreto-Lei/Del0406.htm#art13)

~~II - em relação a produtos sujeitos ao
impôsto de que trata o artigo 46, com base de cálculo relacionada com o preço máximo de
venda no varejo marcado pelo fabricante;~~ [(Revogado pelo\\
Decreto-lei nº 406, de 1968).](https://www.planalto.gov.br/ccivil_03/Decreto-Lei/Del0406.htm#art13)

~~§ 2º Na saída para outro Estado, a base de
cálculo definida neste artigo:~~ [(Revogado pelo\\
Decreto-lei nº 406, de 1968).](https://www.planalto.gov.br/ccivil_03/Decreto-Lei/Del0406.htm#art13)

~~I - não inclui as despesas de frete e seguro;~~ [(Revogado pelo\\
Decreto-lei nº 406, de 1968).](https://www.planalto.gov.br/ccivil_03/Decreto-Lei/Del0406.htm#art13)

~~II - não pode exceder, nas
transferências para estabelecimento do próprio remetente ou seu representante, o
preço de venda do estabelecimento destinatário, no momento da remessa, diminuído
de 20% (vinte por cento) e ainda das despesas de frete e seguro.
[(Vide\\
Ato Complementar nº 34, de 1967)](https://www.planalto.gov.br/ccivil_03/ACP/acp-34-67.htm#art3)~~ [(Revogado pelo\\
Decreto-lei nº 406, de 1968).](https://www.planalto.gov.br/ccivil_03/Decreto-Lei/Del0406.htm#art13)

~~3º Na saída decorrente do
fornecimento de mercadorias, nas operações mistas de que trata o § 2º do artigo 71, a
base de cálculo será 50% (cinqüenta por cento) do valor total da operação.~~

~~§ 3º
Na saída decorrente do fornecimento de mercadorias nas operações mistas de que trata o
§ 2º do artigo 71, a base de cálculo é o preço de aquisição das mercadorias,
acrescido da percentagem de 30% (trinta por cento) e, incluído, no preço, se incidente
na operação, o imposto sobre produtos industrializados.
[(Redação dada pelo Ato Complementar nº 34, de\\
1967)](https://www.planalto.gov.br/ccivil_03/ACP/acp-34-67.htm#art3)~~ [(Revogado pelo\\
Decreto-lei nº 406, de 1968).](https://www.planalto.gov.br/ccivil_03/Decreto-Lei/Del0406.htm#art13)

~~§ 4º O montante do imposto
sobre circulação de mercadorias integra o valor ou preço a que se referem os incisos I
e II deste artigo constituindo o respectivo destaque nos documentos fiscais, quando
exigido pela legislação tributária, mera indicação para os fins do disposto no artigo
54. [(Incluído pelo Ato Complementar\\
nº 27, de 1966)](https://www.planalto.gov.br/ccivil_03/ACP/acp-27-66.htm#art1)~~ [(Revogado pelo\\
Decreto-lei nº 406, de 1968).](https://www.planalto.gov.br/ccivil_03/Decreto-Lei/Del0406.htm#art13)

~~§ 5º Nas operações de
venda de mercadorias aos agentes encarregados da execução da política de garantia de
preços mínimos, a base de cálculo é o valor líquido da operação, assim entendido o
preço mínimo fixado pela autoridade federal, deduzido das despesas de transporte, seguro
e comissões.
[(Incluído pelo Ato Complementar\\
nº 34, de 1967)](https://www.planalto.gov.br/ccivil_03/ACP/acp-34-67.htm#art3)~~ [(Revogado pelo\\
Decreto-lei nº 406, de 1968).](https://www.planalto.gov.br/ccivil_03/Decreto-Lei/Del0406.htm#art13)

[Visualizar Jurisprudencia Consolidada do Artigo n. 54 - Corpus927](http://corpus927.enfam.jus.br/legislacao/ctn-66#art-54 ""Visualizar Jurisprudencia Consolidada do Artigo n. 54 - Corpus927"")~~Art. 54. O impôsto é
não-cumulativo, dispondo a lei de forma que o montante devido resulte da diferença a
maior, em determinado período, entre o impôsto referente às mercadorias saídas do
estabelecimento e o pago relativamente às mercadorias nêle entradas.~~ [(Revogado pelo\\
Decreto-lei nº 406, de 1968).](https://www.planalto.gov.br/ccivil_03/Decreto-Lei/Del0406.htm#art13)

~~§ 1º O saldo verificado, em determinado
período, em favor do contribuinte transfere-se para o período ou períodos seguintes.~~ [(Revogado pelo\\
Decreto-lei nº 406, de 1968).](https://www.planalto.gov.br/ccivil_03/Decreto-Lei/Del0406.htm#art13)

~~§ 2º A lei poderá facultar aos produtores a
opção pelo abatimento de uma percentagem fixa, a título do montante do impôsto pago
relativamente às mercadorias entradas no respectivo estabelecimento.~~ [(Revogado pelo\\
Decreto-lei nº 406, de 1968).](https://www.planalto.gov.br/ccivil_03/Decreto-Lei/Del0406.htm#art13)

[Visualizar Jurisprudencia Consolidada do Artigo n. 55 - Corpus927](http://corpus927.enfam.jus.br/legislacao/ctn-66#art-55 ""Visualizar Jurisprudencia Consolidada do Artigo n. 55 - Corpus927"")~~Art. 55. Em substituição
ao sistema de que trata o artigo anterior, poderá a lei dispor que o impôsto devido
resulte da diferença a maior entre o montante do impôsto relativo à operação a
tributar e o pago na incidência anterior sôbre a mesma mercadoria.~~ [(Revogado pelo\\
Decreto-lei nº 406, de 1968).](https://www.planalto.gov.br/ccivil_03/Decreto-Lei/Del0406.htm#art13)

[Visualizar Jurisprudencia Consolidada do Artigo n. 56 - Corpus927](http://corpus927.enfam.jus.br/legislacao/ctn-66#art-56 ""Visualizar Jurisprudencia Consolidada do Artigo n. 56 - Corpus927"")~~Art. 56. Para os
efeitos do disposto nos arts. 54 e 55, nas remessas de mercadorias para fora do Estado,
o montante do impôsto relativo à operação de que decorram figurará destacadamente em
nota fiscal, obedecendo, com as adaptações previstas na legislação estadual, ao modêlo
de que trata o art. 50.~~ [(Revogado pelo\\
Decreto-lei nº 406, de 1968).](https://www.planalto.gov.br/ccivil_03/Decreto-Lei/Del0406.htm#art13)

[Visualizar Jurisprudencia Consolidada do Artigo n. 57 - Corpus927](http://corpus927.enfam.jus.br/legislacao/ctn-66#art-57 ""Visualizar Jurisprudencia Consolidada do Artigo n. 57 - Corpus927"")~~Art. 57. A
alíquota do impôsto é uniforme para tôdas as mercadorias, não excedendo, nas
saídas decorrentes de operações que as destinem a contribuinte localizado em
outro Estado, o limite fixado em Resolução do Senado Federal.
[(Vide Ato Complementar nº\\
27, de 1966)](https://www.planalto.gov.br/ccivil_03/ACP/acp-27-66.htm#2)~~ [(Revogado pelo\\
Decreto-lei nº 406, de 1968).](https://www.planalto.gov.br/ccivil_03/Decreto-Lei/Del0406.htm#art13)

~~Parágrafo único. O limite a que se refere
êste artigo substituirá a alíquota fixada na lei do Estado, quando esta lhe fôr
superior.~~ [(Revogado pelo\\
Decreto-lei nº 406, de 1968).](https://www.planalto.gov.br/ccivil_03/Decreto-Lei/Del0406.htm#art13)

[Visualizar Jurisprudencia Consolidada do Artigo n. 58 - Corpus927](http://corpus927.enfam.jus.br/legislacao/ctn-66#art-58 ""Visualizar Jurisprudencia Consolidada do Artigo n. 58 - Corpus927"")~~Art. 58.Contribuinte
do impôsto é o comerciante, industrial ou produtor que promova a saída da
mercadoria.~~ [(Revogado pelo\\
Decreto-lei nº 406, de 1968).](https://www.planalto.gov.br/ccivil_03/Decreto-Lei/Del0406.htm#art13)

~~§ 1º Equipara-se a
comerciante, industrial ou produtor qualquer pessoa, natural ou jurídica, que pratique,
com habitualidade, operações relativas à circulação de mercadorias.~~ [(Revogado pelo\\
Decreto-lei nº 406, de 1968)](https://www.planalto.gov.br/ccivil_03/Decreto-Lei/Del0406.htm#art13)

~~§ 2º A lei pode atribuir a
condição de responsável:~~ [(Revogado pelo\\
Decreto-lei nº 406, de 1968).](https://www.planalto.gov.br/ccivil_03/Decreto-Lei/Del0406.htm#art13)

~~I - ao comerciante ou industrial, quanto ao
impôsto devido por produtor pela saída de mercadoria a êles destinada;~~ [(Revogado pelo\\
Decreto-lei nº 406, de 1968).](https://www.planalto.gov.br/ccivil_03/Decreto-Lei/Del0406.htm#art13)

~~II - ao industrial ou comerciante
atacadista, quanto ao impôsto devido por comerciante varejista, mediante acréscimo, ao
preço da mercadoria a êle remetida, de percentagem não excedente de 30% (trinta por
cento) que a lei estadual fixar;~~

~~II - ao industrial
ou comerciante atacadista, quanto ao impôsto devido por comerciante varejista,
mediante acréscimo:
[(Redação\\
dada pelo Ato Complementar nº 34, de 1967)](https://www.planalto.gov.br/ccivil_03/ACP/acp-34-67.htm#art3)~~

~~a) da margem de lucro atribuída ao revendedor,
no caso de mercadoria com preço máximo de venda no varejo marcado pelo fabricante ou
fixado pela autoridade competente;
[(Incluída\\
pelo Ato Complementar nº 34, de 1967)](https://www.planalto.gov.br/ccivil_03/ACP/acp-34-67.htm#art3)~~ [(Revogado pelo\\
Decreto-lei nº 406, de 1968).](https://www.planalto.gov.br/ccivil_03/Decreto-Lei/Del0406.htm#art13)

~~b) de percentagem de 30% (trinta por cento)
calculada sobre o preço total cobrado pelo vendedor, neste incluído, se incidente na
operação, o imposto a que se refere o art. 46, nos demais casos.
[(Incluída pelo Ato Complementar nº 34, de\\
1967)](https://www.planalto.gov.br/ccivil_03/ACP/acp-34-67.htm#art3)~~ [(Revogado pelo\\
Decreto-lei nº 406, de 1968).](https://www.planalto.gov.br/ccivil_03/Decreto-Lei/Del0406.htm#art13)

~~III - à cooperativa de produtores, quanto ao
impôsto relativo às mercadorias a ela entregues por seus associados.~~ [(Revogado pelo\\
Decreto-lei nº 406, de 1968).](https://www.planalto.gov.br/ccivil_03/Decreto-Lei/Del0406.htm#art13)

~~§ 3º A lei pode considerar como contribuinte
autônomo cada estabelecimento, permanente ou temporário, do comerciante, industrial ou
produtor, inclusive quaisquer veículos utilizados por aquêles no comércio ambulante.~~ [(Revogado pelo\\
Decreto-lei nº 406, de 1968).](https://www.planalto.gov.br/ccivil_03/Decreto-Lei/Del0406.htm#art13)

~~§ 4º Os órgãos da
administração pública centralizada e as autarquias e empresas públicas, federais,
estaduais ou municipais, que explorem ou mantenham serviços de compra e revenda de
mercadorias, ou de venda ao público de mercadoria de sua produção, ainda que
exclusivamente ao seu pessoal, ficam sujeitos ao recolhimento do imposto sobre
circulação de mercadorias.
[(Incluído pelo Ato\\
Complementar nº 34, de 1967)](https://www.planalto.gov.br/ccivil_03/ACP/acp-34-67.htm#art3)~~ [(Revogado pelo\\
Decreto-lei nº 406, de 1968).](https://www.planalto.gov.br/ccivil_03/Decreto-Lei/Del0406.htm#art13)

~~§ 5º O encarregado de estabelecimento
dos órgãos ou entidades previstos no parágrafo anterior que autorizar a saída ou
alienação de mercadoria sem cumprimento das obrigações, principais ou acessórias,
relativas ao imposto sobre circulação de mercadorias, nos termos da legislação
estadual aplicável, ficará solidariamente responsável por essas obrigações.
[(Incluído pelo Ato Complementar nº 34, de\\
1967)](https://www.planalto.gov.br/ccivil_03/ACP/acp-34-67.htm#art3)~~ [(Revogado pelo\\
Decreto-lei nº 406, de 1968).](https://www.planalto.gov.br/ccivil_03/Decreto-Lei/Del0406.htm#art13)

~~§ 6º  No caso do inciso II do
art. 52, contribuinte é qualquer pessoa jurídica de direito privado, ou empresa
individual a ela equiparada, excluídas as concessionárias de serviços públicos e as
sociedades de economia mista que exerçam atividades em regime de monopólio instituído
por lei.
[(Incluído pelo Ato Complementar nº\\
34, de 1967)](https://www.planalto.gov.br/ccivil_03/ACP/acp-34-67.htm#art3)~~ [(Revogado pelo Ato Complementar nº 36, de 1967)](https://www.planalto.gov.br/ccivil_03/ACP/acp-36-67.htm#art8) [(Revogado pelo\\
Decreto-lei nº 406, de 1968).](https://www.planalto.gov.br/ccivil_03/Decreto-Lei/Del0406.htm#art13)

~~§ 7º Para os efeitos do parágrafo anterior,
equipara-se a industrial as empresas de prestação de serviços.
[(Incluído pelo Ato Complementar nº 34, de\\
1967)](https://www.planalto.gov.br/ccivil_03/ACP/acp-34-67.htm#art3)~~ [(Revogado pelo Ato Complementar nº 36, de 1967)](https://www.planalto.gov.br/ccivil_03/ACP/acp-36-67.htm#art8)[(Revogado pelo\\
Decreto-lei nº 406, de 1968).](https://www.planalto.gov.br/ccivil_03/Decreto-Lei/Del0406.htm#art13)

Seção III

Impôsto Municipal sôbre Operações
Relativas à Circulação de Mercadorias

[Visualizar Jurisprudencia Consolidada do Artigo n. 59 - Corpus927](http://corpus927.enfam.jus.br/legislacao/ctn-66#art-59 ""Visualizar Jurisprudencia Consolidada do Artigo n. 59 - Corpus927"")~~Art. 59.O Município poderá cobrar o
impôsto a que se refere o art. 52, relativamente aos fatos geradores ocorridos em seu
território.~~ [(Revogado pelo Ato Complementar\\
nº 31, de 1966)](https://www.planalto.gov.br/ccivil_03/ACP/acp-31-66.htm#art10)

[Visualizar Jurisprudencia Consolidada do Artigo n. 60 - Corpus927](http://corpus927.enfam.jus.br/legislacao/ctn-66#art-60 ""Visualizar Jurisprudencia Consolidada do Artigo n. 60 - Corpus927"")~~Art. 60. A base de cálculo do impôsto é o
montante devido ao Estado a título do impôsto de que trata o art. 52, e sua alíquota,
não excedente de 30% (trinta por cento), é uniforme para tôdas as mercadorias.
[(Vide Ato Complementar nº 27, de 1966)](https://www.planalto.gov.br/ccivil_03/ACP/acp-27-66.htm#art5i)~~ [(Revogado pelo Ato Complementar nº 31, de 1966)](https://www.planalto.gov.br/ccivil_03/ACP/acp-31-66.htm#art10)

[Visualizar Jurisprudencia Consolidada do Artigo n. 61 - Corpus927](http://corpus927.enfam.jus.br/legislacao/ctn-66#art-61 ""Visualizar Jurisprudencia Consolidada do Artigo n. 61 - Corpus927"")~~Art. 61. O Município observará a
legislação estadual relativa ao impôsto de que trata o art. 52, tendo a respectiva
fiscalização acesso aos livros e demais documentos fiscais nela previstos, mas não
poderá impor aos contribuintes ou responsáveis obrigações acessórias, salvo nos casos
em que a cobrança do impôsto lhe é assegurada pelo artigo seguinte.~~ [(Revogado pelo Ato Complementar nº 31, de 1966)](https://www.planalto.gov.br/ccivil_03/ACP/acp-31-66.htm#art10)

~~Parágrafo único. As infrações à
legislação dêste impôsto poderão ser punidas pela autoridade municipal com multas não
superiores a 30% (trinta por cento) do montante que resultaria da aplicação da
legislação estadual a infração idêntica.~~ [(Revogado pelo Ato Complementar nº 31, de 1966)](https://www.planalto.gov.br/ccivil_03/ACP/acp-31-66.htm#art10)

[Visualizar Jurisprudencia Consolidada do Artigo n. 62 - Corpus927](http://corpus927.enfam.jus.br/legislacao/ctn-66#art-62 ""Visualizar Jurisprudencia Consolidada do Artigo n. 62 - Corpus927"")~~Art. 62. Ressalvado o disposto no § 3º
do art. 52, é assegurada ao Município a cobrança do impôsto nos casos em que da lei
estadual resultar suspensão ou exclusão de créditos, assim como a antecipação ou o diferimento de incidências relativamente ao impôsto de que trata aquele artigo.~~ [(Revogado pelo Ato Complementar nº 31, de 1966)](https://www.planalto.gov.br/ccivil_03/ACP/acp-31-66.htm#art10)

~~Parágrafo único. Nas hipóteses previstas
neste artigo, o Município cobrará o impôsto como se a operação fosse tributada pelo
Estado.~~ [(Revogado pelo Ato Complementar nº\\
31, de 1966)](https://www.planalto.gov.br/ccivil_03/ACP/acp-31-66.htm#art10)

Seção IV

Impôsto sôbre Operações de Crédito,
Câmbio e Seguro, e sôbre Operações Relativas a Títulos e Valôres Mobiliários

[Visualizar Jurisprudencia Consolidada do Artigo n. 63 - Corpus927](http://corpus927.enfam.jus.br/legislacao/ctn-66#art-63 ""Visualizar Jurisprudencia Consolidada do Artigo n. 63 - Corpus927"")Art. 63. O impôsto, de competência da União, sôbre operações de crédito, câmbio e
seguro, e sôbre operações relativas a títulos e valôres mobiliários tem como fato
gerador:

I - quanto às operações de crédito, a sua efetivação pela entrega
total ou parcial do montante ou do valor que constitua o objeto da obrigação, ou sua
colocação à disposição do interessado;

II - quanto às operações de câmbio, a sua efetivação pela entrega
de moeda nacional ou estrangeira, ou de documento que a represente, ou sua colocação à
disposição do interessado em montante equivalente à moeda estrangeira ou nacional
entregue ou posta à disposição por êste;

III - quanto às operações de seguro, a sua efetivação pela emissão da apólice ou do
documento equivalente, ou recebimento do prêmio, na forma da lei aplicável;

IV - quanto às operações relativas a títulos e valôres
mobiliários, a emissão, transmissão, pagamento ou resgate dêstes, na forma da lei
aplicável.

Parágrafo único. A incidência definida no inciso I
exclui a definida no inciso IV, e reciprocamente, quanto à emissão, ao pagamento ou
resgate do título representativo de uma mesma operação de crédito.

[Visualizar Jurisprudencia Consolidada do Artigo n. 64 - Corpus927](http://corpus927.enfam.jus.br/legislacao/ctn-66#art-64 ""Visualizar Jurisprudencia Consolidada do Artigo n. 64 - Corpus927"")Art.
64\. A base de cálculo do impôsto é:

I - quanto às operações de crédito, o montante da obrigação,
compreendendo o principal e os juros;

II - quanto às operações de câmbio, o respectivo montante em moeda
nacional, recebido, entregue ou posto à disposição;

III -
quanto às operações de seguro, o montante do prêmio;

IV -
quanto às operações relativas a títulos e valôres mobiliários:

a) na
emissão, o valor nominal mais o ágio, se houver;

b) na
transmissão, o preço ou o valor nominal, ou o valor da cotação em Bôlsa, como
determinar a lei;

c) no
pagamento ou resgate, o preço.

[Visualizar Jurisprudencia Consolidada do Artigo n. 65 - Corpus927](http://corpus927.enfam.jus.br/legislacao/ctn-66#art-65 ""Visualizar Jurisprudencia Consolidada do Artigo n. 65 - Corpus927"")Art.
65\. O Poder Executivo pode, nas condições e nos limites estabelecidos em lei, alterar as
alíquotas ou as bases de cálculo do impôsto, a fim de ajustá-lo aos objetivos da
política monetária.

[Visualizar Jurisprudencia Consolidada do Artigo n. 66 - Corpus927](http://corpus927.enfam.jus.br/legislacao/ctn-66#art-66 ""Visualizar Jurisprudencia Consolidada do Artigo n. 66 - Corpus927"")Art. 66.
Contribuinte do impôsto é qualquer das partes na operação tributada, como dispuser a
lei.

[Visualizar Jurisprudencia Consolidada do Artigo n. 67 - Corpus927](http://corpus927.enfam.jus.br/legislacao/ctn-66#art-67 ""Visualizar Jurisprudencia Consolidada do Artigo n. 67 - Corpus927"")Art. 67.
A receita líquida do impôsto destina-se à formação de reservas monetárias, na forma da
lei.

Seção V

Impôsto sôbre Serviços de Transportes e
Comunicações

[Visualizar Jurisprudencia Consolidada do Artigo n. 68 - Corpus927](http://corpus927.enfam.jus.br/legislacao/ctn-66#art-68 ""Visualizar Jurisprudencia Consolidada do Artigo n. 68 - Corpus927"")Art.
68\. O impôsto, de competência da União, sôbre serviços de transportes e comunicações
tem como fato gerador:

I - a
prestação do serviço de transporte, por qualquer via, de pessoas, bens, mercadorias ou
valôres, salvo quando o trajeto se contenha inteiramente no território de um mesmo
Município;

II - a
prestação do serviço de comunicações, assim se entendendo a transmissão e o
recebimento, por qualquer processo, de mensagens escritas, faladas ou visuais, salvo
quando os pontos de transmissão e de recebimento se situem no território de um mesmo
Município e a mensagem em curso não possa ser captada fora dêsse território.

[Visualizar Jurisprudencia Consolidada do Artigo n. 69 - Corpus927](http://corpus927.enfam.jus.br/legislacao/ctn-66#art-69 ""Visualizar Jurisprudencia Consolidada do Artigo n. 69 - Corpus927"")Art.
69\. A base de cálculo do impôsto é o preço do serviço.

[Visualizar Jurisprudencia Consolidada do Artigo n. 70 - Corpus927](http://corpus927.enfam.jus.br/legislacao/ctn-66#art-70 ""Visualizar Jurisprudencia Consolidada do Artigo n. 70 - Corpus927"")Art.
70\. Contribuinte do impôsto é o prestador do serviço.

Seção VI

Impôsto sôbre Serviços de Qualquer Natureza

**[Visualizar Jurisprudencia Consolidada do Artigo n. 71 - Corpus927](http://corpus927.enfam.jus.br/legislacao/ctn-66#art-71 ""Visualizar Jurisprudencia Consolidada do Artigo n. 71 - Corpus927"")**~~Art.
71\. O impôsto, de competência dos Municípios, sôbre serviços de qualquer natureza tem
como fato gerador a prestação, por emprêsa ou profissional autônomo, com ou sem
estabelecimento fixo, de serviço que não configure, por si só, fato gerador de impôsto
de competência da União ou dos Estados.~~ [(Revogado pelo\\
Decreto-lei nº 406, de 1968).](https://www.planalto.gov.br/ccivil_03/Decreto-Lei/Del0406.htm#art13)

~~§ 1º Para os efeitos dêste artigo,
considera-se serviço:~~

~~I - o fornecimento de trabalho, com ou sem
utilização de máquinas, ferramentas ou veículos, a usuários ou consumidores finais;~~

~~II - a locação de bens imóveis;            [(Vide Ato Complementar nº 27, de 1966)](https://www.planalto.gov.br/ccivil_03/ACP/acp-27-66.htm#art3)~~

~~III - locação de espaço em bens imóveis, a
título de hospedagem ou para guarda de bens de qualquer natureza.~~

~~IV - jogos e diversões
públicas.            [(Incluído pelo Ato Complementar nº 27, de\\
1966)](https://www.planalto.gov.br/ccivil_03/ACP/acp-27-66.htm#art3)~~

~~§ 1º Para
os efeitos dêste artigo considera-se serviço:
[(Redação\\
dada pelo Ato Complementar nº 34, de 1967)](https://www.planalto.gov.br/ccivil_03/ACP/acp-34-67.htm#art3)~~ [(Revogado pelo\\
Decreto-lei nº 406, de 1968).](https://www.planalto.gov.br/ccivil_03/Decreto-Lei/Del0406.htm#art13)

~~I - locação de bens móveis;            [(Redação\\
dada pelo Ato Complementar nº 34, de 1967)](https://www.planalto.gov.br/ccivil_03/ACP/acp-34-67.htm#art3)~~ [(Revogado pelo\\
Decreto-lei nº 406, de 1968).](https://www.planalto.gov.br/ccivil_03/Decreto-Lei/Del0406.htm#art13)

~~II - locação de espaço em bens imóveis, a
título de hospedagem ou para guarda de bens de qualquer natureza;    [(Redação\\
dada pelo Ato Complementar nº 34, de 1967)](https://www.planalto.gov.br/ccivil_03/ACP/acp-34-67.htm#art3)~~ [(Revogado pelo\\
Decreto-lei nº 406, de 1968).](https://www.planalto.gov.br/ccivil_03/Decreto-Lei/Del0406.htm#art13)

~~III - jogos e diversões públicas;           [(Redação\\
dada pelo Ato Complementar nº 34, de 1967)](https://www.planalto.gov.br/ccivil_03/ACP/acp-34-67.htm#art3)~~ [(Revogado pelo\\
Decreto-lei nº 406, de 1968).](https://www.planalto.gov.br/ccivil_03/Decreto-Lei/Del0406.htm#art13)

~~IV - beneficiamento,
confecção, lavagem, tingimento, galvanoplastia, reparo, consêrto, restauração,
acondicionamento, recondicionamento e operações similares, quando relacionadas com
mercadorias não destinadas à produção industrial ou à comercialização;           [(Redação\\
dada pelo Ato Complementar nº 34, de 1967)](https://www.planalto.gov.br/ccivil_03/ACP/acp-34-67.htm#art3) [(Vide Ato Complementar nº 35, de 1967)](https://www.planalto.gov.br/ccivil_03/ACP/acp-35-67.htm#ateracao2)~~ [(Revogado pelo\\
Decreto-lei nº 406, de 1968).](https://www.planalto.gov.br/ccivil_03/Decreto-Lei/Del0406.htm#art13)

~~V - execução, por
administração ou empreitada, de obras hidráulica ou de construção civil, excluídas
as contratadas com a União, Estados, Distrito Federal e Municípios, autarquias e
emprêsas concessionárias de serviços públicos assim como as respectivas
subempreitadas;
[(Incluído pelo Ato Complementar\\
nº 34, de 1967)](https://www.planalto.gov.br/ccivil_03/ACP/acp-34-67.htm#art3) [(Vide Ato\\
Complementar nº 35, de 1967)](https://www.planalto.gov.br/ccivil_03/ACP/acp-36-67.htm#alteracao2)~~ [(Revogado pelo\\
Decreto-lei nº 406, de 1968).](https://www.planalto.gov.br/ccivil_03/Decreto-Lei/Del0406.htm#art13)

~~VI - demais formas de fornecimento de trabalho,
com ou sem utilização de máquinas, ferramentas ou veículos.
[(Incluído pelo Ato Complementar nº 34, de 1967)](https://www.planalto.gov.br/ccivil_03/ACP/acp-34-67.htm#art3)~~ [(Revogado pelo\\
Decreto-lei nº 406, de 1968).](https://www.planalto.gov.br/ccivil_03/Decreto-Lei/Del0406.htm#art13)

~~§ 2º As atividades a que se refere o parágrafo
anterior, quando acompanhadas do fornecimento de mercadorias, serão consideradas de
caráter misto para efeito de aplicação do disposto no § 4º do art. 53, salvo se a
prestação do serviço constituir o seu objeto essencial e contribuir com mais de 75%
(setenta e cinco por cento) da receita média mensal da atividade.~~

~~§ 2º As atividades a que se refere o parágrafo
anterior, quando acompanhadas do fornecimento de mercadorias, serão consideradas
de caráter misto para efeito de aplicação do disposto no § 3º do artigo 53,
salvo se a prestação do serviço constituir o seu objeto essencial e contribuir
com mais de 75% (setenta e cinco por cento) da receita média mensal da
atividade.
[(Redação dada pelo Decreto \\
Lei nº 28, de 1966)](https://www.planalto.gov.br/ccivil_03/Decreto-Lei/1965-1988/Del0028.htm#art4)~~

~~§ 2º Os serviços
a que se refere o inciso IV do parágrafo anterior, quando acompanhados do fornecimento de
mercadorias, serão considerados de caráter misto, para efeito de aplicação do disposto
no § 3º do art. 53, salvo se a prestação de serviço constituir seu objeto essencial e
contribuir com mais de 75 % (setenta e cinco por cento) da receita média mensal da
atividade.
[(Redação dada pelo Ato Complementar\\
nº 34, de 1967)](https://www.planalto.gov.br/ccivil_03/ACP/acp-34-67.htm#art3)~~ [(Revogado pelo\\
Decreto-lei nº 406, de 1968).](https://www.planalto.gov.br/ccivil_03/Decreto-Lei/Del0406.htm#art13)

[Visualizar Jurisprudencia Consolidada do Artigo n. 72 - Corpus927](http://corpus927.enfam.jus.br/legislacao/ctn-66#art-72 ""Visualizar Jurisprudencia Consolidada do Artigo n. 72 - Corpus927"")~~Art.
72\. A base de cálculo do impôsto é o preço do serviço, salvo:~~ [(Revogado pelo\\
Decreto-lei nº 406, de 1968).](https://www.planalto.gov.br/ccivil_03/Decreto-Lei/Del0406.htm#art13)

~~I - quando se trate de prestação de serviço
sob a forma de trabalho pessoal do próprio contribuinte, caso em que o impôsto será
calculado, por meio de alíquotas fixas ou variáveis, em função da natureza do serviço
e outros fatôres pertinentes, não compreendida nestes a renda proveniente da
remuneração do próprio trabalho;~~ [(Revogado pelo\\
Decreto-lei nº 406, de 1968).](https://www.planalto.gov.br/ccivil_03/Decreto-Lei/Del0406.htm#art13)

~~II - quando a prestação do serviço
tenha como parte integrante operação sujeita ao impôsto de que trata o art. 52, caso
em que êste impôsto será calculado sôbre 50% (cinqüenta por cento) do valor total da
operação.~~

~~II – Nas operações
mistas a que se refere o § 2º do artigo anterior, caso em que o imposto será calculado
sobre o valor total da operação, deduzido da parcela que serviu de base ao calculo do
imposto sobre circulação de mercadorias, na forma do § 3º do artigo 53.
[(Redação dada pelo Ato Complementar nº 34, de\\
1967)](https://www.planalto.gov.br/ccivil_03/ACP/acp-34-67.htm#art3)~~ [(Revogado pelo\\
Decreto-lei nº 406, de 1968).](https://www.planalto.gov.br/ccivil_03/Decreto-Lei/Del0406.htm#art13)

~~III – Na execução de obras hidráulicas
ou de construção civil, caso em que o imposto será calculado sobre o preço total da
operação deduzido das parcelas correspondentes:
[(Incluído pelo Ato Complementar nº 34, de\\
1967)](https://www.planalto.gov.br/ccivil_03/ACP/acp-34-67.htm#art3)~~ [(Revogado pelo\\
Decreto-lei nº 406, de 1968).](https://www.planalto.gov.br/ccivil_03/Decreto-Lei/Del0406.htm#art13)

~~a) ao valor dos materiais adquiridos de
terceiros, quando fornecidos pelo prestador do serviço;
[(Incluída pelo Ato Complementar nº 34, de\\
1967)](https://www.planalto.gov.br/ccivil_03/ACP/acp-34-67.htm#art3)~~ [(Revogado pelo\\
Decreto-lei nº 406, de 1968).](https://www.planalto.gov.br/ccivil_03/Decreto-Lei/Del0406.htm#art13)

~~b) do valor das subempreitadas, já tributadas
pelo imposto.
[(Incluída pelo Ato Complementar\\
nº 34, de 1967)](https://www.planalto.gov.br/ccivil_03/ACP/acp-34-67.htm#art3)~~ [(Revogado pelo\\
Decreto-lei nº 406, de 1968).](https://www.planalto.gov.br/ccivil_03/Decreto-Lei/Del0406.htm#art13)

[Visualizar Jurisprudencia Consolidada do Artigo n. 73 - Corpus927](http://corpus927.enfam.jus.br/legislacao/ctn-66#art-73 ""Visualizar Jurisprudencia Consolidada do Artigo n. 73 - Corpus927"")Art. 73.~~Contribuinte do
impôsto é o prestador do serviço.~~ [(Revogado pelo\\
Decreto-lei nº 406, de 1968).](https://www.planalto.gov.br/ccivil_03/Decreto-Lei/Del0406.htm#art13)

CAPÍTULO V

Impostos Especiais

Seção I

Impôsto sôbre Operações Relativas a Combustíveis,
Lubrificantes, Energia Elétrica e Minerais do País

[Visualizar Jurisprudencia Consolidada do Artigo n. 74 - Corpus927](http://corpus927.enfam.jus.br/legislacao/ctn-66#art-74 ""Visualizar Jurisprudencia Consolidada do Artigo n. 74 - Corpus927"")Art.
74\. O impôsto, de competência da União, sôbre operações relativas a combustíveis,
lubrificantes, energia elétrica e minerais do País tem como fato gerador:

I - a
produção, como definida no art. 46 e seu parágrafo único;

II - a
importação, como definida no art. 19;

III - a
circulação, como definida no art. 52;

IV - a
distribuição, assim entendida a colocação do produto no estabelecimento consumidor ou
em local de venda ao público;

V - o
consumo, assim entendida a venda do produto ao público.

§ 1º
Para os efeitos dêste impôsto a energia elétrica considera-se produto industrializado.

§ 2º O
impôsto incide, uma só vez sôbre uma das operações previstas em cada inciso dêste
artigo, como dispuser a lei, e exclui quaisquer outros tributos, sejam quais forem sua
natureza ou competência, incidentes sôbre aquelas operações.

[Visualizar Jurisprudencia Consolidada do Artigo n. 75 - Corpus927](http://corpus927.enfam.jus.br/legislacao/ctn-66#art-75 ""Visualizar Jurisprudencia Consolidada do Artigo n. 75 - Corpus927"")Art.
75\. A lei observará o disposto neste Título relativamente:

I - ao impôsto sôbre produtos industrializados, quando a incidência seja sôbre a produção ou sôbre o consumo;

II - ao impôsto sôbre a importação, quando a incidência seja sôbre essa operação;

III - ao impôsto sôbre operações relativas à circulação de mercadorias, quando a incidência
seja sôbre a distribuição.

Seção II

Impostos Extraordinários

[Visualizar Jurisprudencia Consolidada do Artigo n. 76 - Corpus927](http://corpus927.enfam.jus.br/legislacao/ctn-66#art-76 ""Visualizar Jurisprudencia Consolidada do Artigo n. 76 - Corpus927"")Art.
76\. Na iminência ou no caso de guerra externa, a União pode instituir, temporariamente,
impostos extraordinários compreendidos ou não entre os referidos nesta Lei, suprimidos,
gradativamente, no prazo máximo de cinco anos, contados da celebração da paz.

TÍTULO IV

Taxas

[Visualizar Jurisprudencia Consolidada do Artigo n. 77 - Corpus927](http://corpus927.enfam.jus.br/legislacao/ctn-66#art-77 ""Visualizar Jurisprudencia Consolidada do Artigo n. 77 - Corpus927"") Art. 77. As taxas cobradas pela União, pelos Estados, pelo Distrito
Federal ou pelos Municípios, no âmbito de suas respectivas atribuições, têm como fato
gerador o exercício regular do poder de polícia, ou a utilização, efetiva ou
potencial, de serviço público específico e divisível, prestado ao contribuinte ou
posto à sua disposição.

Parágrafo único. A taxa não pode ter base de cálculo ou fato gerador idênticos aos
que correspondam a imposto nem ser calculada em função do capital das empresas.
[(Vide Ato Complementar nº 34, de 1967)](https://www.planalto.gov.br/ccivil_03/ACP/acp-34-67.htm#art3)

~~Art. 78. Considera-se poder de
polícia atividade da administração pública que, limitando ou disciplinando direito,
interêsse, ou liberdade, regula a prática de ato ou a abstenção de fato, em razão de
interêsse público concernente à segurança, à higiene, à ordem, aos costumes, à
tranqüilidade pública, ou ao respeito à propriedade e aos direitos individuais ou
coletivos.~~

[Visualizar Jurisprudencia Consolidada do Artigo n. 78 - Corpus927](http://corpus927.enfam.jus.br/legislacao/ctn-66#art-78 ""Visualizar Jurisprudencia Consolidada do Artigo n. 78 - Corpus927"")Art. 78. Considera-se poder de polícia atividade da administração
pública que, limitando ou disciplinando direito, interêsse ou liberdade, regula a
prática de ato ou abstenção de fato, em razão de intêresse público concernente à
segurança, à higiene, à ordem, aos costumes, à disciplina da produção e do mercado,
ao exercício de atividades econômicas dependentes de concessão ou autorização do
Poder Público, à tranqüilidade pública ou ao respeito à propriedade e aos direitos
individuais ou coletivos.               [(Redação dada pelo\\
Ato Complementar nº 31, de 1966](https://www.planalto.gov.br/ccivil_03/ACP/acp-31-66.htm#art7segunda)[)](https://www.planalto.gov.br/ccivil_03/ACP/acp-31-66.htm#art7segunda)

Parágrafo único. Considera-se regular o exercício do poder de polícia quando
desempenhado pelo órgão competente nos limites da lei aplicável, com observância do
processo legal e, tratando-se de atividade que a lei tenha como discricionária, sem abuso
ou desvio de poder.

[Visualizar Jurisprudencia Consolidada do Artigo n. 79 - Corpus927](http://corpus927.enfam.jus.br/legislacao/ctn-66#art-79 ""Visualizar Jurisprudencia Consolidada do Artigo n. 79 - Corpus927"")Art.
79\. Os serviços públicos a que se refere o art. 77 consideram-se:

I -
utilizados pelo contribuinte:

a)
efetivamente, quando por êle usufruídos a qualquer título;

b)
potencialmente, quando, sendo de utilização compulsória, sejam postos à sua
disposição mediante atividade administrativa em efetivo funcionamento;

II -
específicos, quando possam ser destacados em unidades autônomas de intervenção, de
utilidade, ou de necessidades públicas;

III -
divisíveis, quando suscetíveis de utilização, separadamente, por parte de cada um dos
seus usuários.

[Visualizar Jurisprudencia Consolidada do Artigo n. 80 - Corpus927](http://corpus927.enfam.jus.br/legislacao/ctn-66#art-80 ""Visualizar Jurisprudencia Consolidada do Artigo n. 80 - Corpus927"")Art.
80\. Para efeito de instituição e cobrança de taxas, consideram-se compreendidas no
âmbito das atribuições da União, dos Estados, do Distrito Federal ou dos Municípios,
aquelas que, segundo a Constituição Federal, as Constituições dos Estados, as Leis
Orgânicas do Distrito Federal e dos Municípios e a legislação com elas compatível,
competem a cada uma dessas pessoas de direito público.

TÍTULO V

Contribuição de Melhoria

[Visualizar Jurisprudencia Consolidada do Artigo n. 81 - Corpus927](http://corpus927.enfam.jus.br/legislacao/ctn-66#art-81 ""Visualizar Jurisprudencia Consolidada do Artigo n. 81 - Corpus927"")Art.
81\. A contribuição de melhoria cobrada pela União, pelos Estados, pelo Distrito Federal
ou pelos Municípios, no âmbito de suas respectivas atribuições, é instituída para
fazer face ao custo de obras públicas de que decorra valorização imobiliária, tendo
como limite total a despesa realizada e como limite individual o acréscimo de valor que
da obra resultar para cada imóvel beneficiado.

[Visualizar Jurisprudencia Consolidada do Artigo n. 82 - Corpus927](http://corpus927.enfam.jus.br/legislacao/ctn-66#art-82 ""Visualizar Jurisprudencia Consolidada do Artigo n. 82 - Corpus927"")Art. 82.
A lei relativa à contribuição de melhoria observará os seguintes requisitos mínimos:

I -
publicação prévia dos seguintes elementos:

a)
memorial descritivo do projeto;

b)
orçamento do custo da obra;

c)
determinação da parcela do custo da obra a ser financiada pela contribuição;

d)
delimitação da zona beneficiada;

e)
determinação do fator de absorção do benefício da valorização para tôda a zona ou
para cada uma das áreas diferenciadas, nela contidas;

II -
fixação de prazo não inferior a 30 (trinta) dias, para impugnação pelos interessados,
de qualquer dos elementos referidos no inciso anterior;

III -
regulamentação do processo administrativo de instrução e julgamento da impugnação a
que se refere o inciso anterior, sem prejuízo da sua apreciação judicial.

§ 1º A
contribuição relativa a cada imóvel será determinada pelo rateio da parcela do custo
da obra a que se refere a alínea c, do inciso I, pelos imóveis situados na zona
beneficiada em função dos respectivos fatôres individuais de valorização.

§ 2º
Por ocasião do respectivo lançamento, cada contribuinte deverá ser notificado do
montante da contribuição, da forma e dos prazos de seu pagamento e dos elementos que
integraram o respectivo cálculo.

TÍTULO V-A

[(Incluído \\
pela Lei Complementar nº 227, de 2026)](https://www.planalto.gov.br/ccivil_03/leis/LCP/Lcp227.htm#art165)

DA CONTRIBUIÇÃO PARA O CUSTEIO, A
EXPANSÃO E A MELHORIA DO SERVIÇO DE ILUMINAÇÃO PÚBLICA E DE SISTEMAS DE
MONITORAMENTO PARA SEGURANÇA E PRESERVAÇÃO DE LOGRADOUROS PÚBLICOS

Art. 82-A. Os
Municípios e o Distrito Federal poderão instituir contribuição, na forma das
respectivas leis, para o custeio, a expansão e a melhoria do serviço de
iluminação pública e de sistemas de monitoramento para segurança e preservação
de logradouros públicos, observado o disposto nos
[incisos I](https://www.planalto.gov.br/ccivil_03/Constituicao/Constituicao.htm#art150i) e
[III do _caput_ do \\
art. 150 da Constituição Federal.](https://www.planalto.gov.br/ccivil_03/Constituicao/Constituicao.htm#art150iii)[(Incluído \\
pela Lei Complementar nº 227, de 2026)](https://www.planalto.gov.br/ccivil_03/leis/LCP/Lcp227.htm#art165)

§ 1º
Para os fins do disposto no _caput_ deste artigo, considera-se:
[(Incluído \\
pela Lei Complementar nº 227, de 2026)](https://www.planalto.gov.br/ccivil_03/leis/LCP/Lcp227.htm#art165)

I -
custeio, expansão e melhoria do serviço de iluminação pública: a aquisição, a
implementação, a instalação, a expansão, a manutenção, a operação, a gestão e o
desenvolvimento dos projetos, dos equipamentos, das tecnologias, dos serviços e
dos ativos destinados à prestação de serviços relativos à rede de iluminação
pública, temporária ou permanente, com o objetivo de prover iluminância em vias,
logradouros públicos e equipamentos públicos comunitários e urbanos, em qualquer
área do território municipal ou distrital; e
[(Incluído \\
pela Lei Complementar nº 227, de 2026)](https://www.planalto.gov.br/ccivil_03/leis/LCP/Lcp227.htm#art165)

II -
custeio, expansão e melhoria de sistemas de monitoramento para segurança e
preservação de logradouros públicos: a aquisição, a implementação, a instalação,
a expansão, a manutenção, a operação, a gestão e o desenvolvimento dos projetos,
dos sistemas, das tecnologias, dos meios de transmissão da informação, da
infraestrutura e dos equipamentos destinados ao monitoramento para
administração, controle, segurança, preservação e prevenção a desastres em vias,
logradouros públicos e equipamentos públicos comunitários e urbanos, em qualquer
área do território municipal ou distrital, incluídos os ativos necessários ao
funcionamento de centros integrados de operação e controle e à integração de
sistemas de gestão de monitoramento pela administração pública.
[(Incluído \\
pela Lei Complementar nº 227, de 2026)](https://www.planalto.gov.br/ccivil_03/leis/LCP/Lcp227.htm#art165)

§ 2º É
facultada a cobrança da contribuição a que se refere o _caput_ deste artigo
na fatura de consumo de energia elétrica.
[(Incluído \\
pela Lei Complementar nº 227, de 2026)](https://www.planalto.gov.br/ccivil_03/leis/LCP/Lcp227.htm#art165)

TÍTULO VI

Distribuições de Receitas Tributárias

CAPÍTULO **I**

Disposições Gerais

[Visualizar Jurisprudencia Consolidada do Artigo n. 83 - Corpus927](http://corpus927.enfam.jus.br/legislacao/ctn-66#art-83 ""Visualizar Jurisprudencia Consolidada do Artigo n. 83 - Corpus927"")Art.
83\. Sem prejuízo das demais disposições dêste Título, os Estados e Municípios que
celebrem com a União convênios destinados a assegurar ampla e eficiente coordenação
dos respectivos programas de investimentos e serviços públicos, especialmente no campo
da política tributária, poderão participar de até 10% (dez por cento) da arrecadação
efetuada, nos respectivos territórios, proveniente do impôsto referido no art. 43,
incidente sôbre o rendimento das pessoas físicas, e no art. 46, excluído o incidente sôbre o fumo e bebidas alcoólicas.

Parágrafo único. O processo das distribuições previstas neste artigo será regulado
nos convênios nêle referidos.

[Visualizar Jurisprudencia Consolidada do Artigo n. 84 - Corpus927](http://corpus927.enfam.jus.br/legislacao/ctn-66#art-84 ""Visualizar Jurisprudencia Consolidada do Artigo n. 84 - Corpus927"")Art.
84\. A lei federal pode cometer aos Estados, ao Distrito Federal ou aos Municípios o
encargo de arrecadar os impostos de competência da União cujo produto lhes seja
distribuído no todo ou em parte.

Parágrafo único. O disposto neste artigo, aplica-se à arrecadação dos impostos de
competência dos Estados, cujo produto êstes venham a distribuir, no todo ou em parte, aos
respectivos Municípios.

CAPÍTULO II

Impôsto sôbre a Propriedade Territorial Rural e sobre
a Renda e Proventos de qualquer natureza

[Visualizar Jurisprudencia Consolidada do Artigo n. 85 - Corpus927](http://corpus927.enfam.jus.br/legislacao/ctn-66#art-85 ""Visualizar Jurisprudencia Consolidada do Artigo n. 85 - Corpus927"")Art.
85\. Serão distribuídos pela União:

I - aos
Municípios da localização dos imóveis, o produto da arrecadação do impôsto a que se
refere o artigo 29;

II - aos
Estados, ao Distrito Federal e aos Municípios, o produto da arrecadação, na fonte, do
impôsto a que se refere o art. 43, incidente sôbre a renda das obrigações de sua
dívida pública e sôbre os proventos dos seus servidores e dos de suas autarquias.

§ 1º
Independentemente de ordem das autoridades superiores e sob pena de demissão, as
autoridades arrecadadoras dos impostos a que se refere êste artigo farão entrega, aos
Estados, ao Distrito Federal e aos Municípios, das importâncias recebidas, à medida que
forem sendo arrecadadas, em prazo não superior a 30 (trinta) dias, a contar da data de
cada recolhimento.

§ 2º A
lei poderá autorizar os Estados, o Distrito Federal e os Municípios a incorporar
definitivamente à sua receita o produto da arrecadação do impôsto a que se refere o
inciso II, estipulando as obrigações acessórias a serem cumpridas por aquêles no
interesse da arrecadação, pela União, do impôsto a ela devido pelos titulares da renda
ou dos proventos tributados.

~~§ 3º A
lei poderá dispor que uma parcela, não superior a 20% (vinte por cento), do impôsto de
que trata o inciso I seja destinada ao custeio do respectivo serviço de lançamento e
arrecadação.~~[(Suspensa a execução pela RSF nº 337, de\\
1983)](https://www.planalto.gov.br/ccivil_03/Resolu%C3%A7%C3%A3o/ResSF/ResSF337-1983.htm)

CAPÍTULO III

Fundos de Participação dos Estados e dos
Municípios

Seção I

Constituição dos Fundos

[Visualizar Jurisprudencia Consolidada do Artigo n. 86 - Corpus927](http://corpus927.enfam.jus.br/legislacao/ctn-66#art-86 ""Visualizar Jurisprudencia Consolidada do Artigo n. 86 - Corpus927"")~~Art.
86\. Do produto da arrecadação dos impostos a que se referem os arts. 43 e 46, 80%
(oitenta por cento) constituem receita da União e o restante será distribuído à
razão de 10% (dez por cento) ao Fundo de Participação dos Estados e do Distrito Federal
e 10 % (dez por cento) ao Fundo de Participação dos Municípios.~~[(Revogado pela Lei Complementar nº 143, de 2013)](https://www.planalto.gov.br/ccivil_03/leis/LCP/Lcp143.htm#art6) [(Produção de efeito)](https://www.planalto.gov.br/ccivil_03/leis/LCP/Lcp143.htm#art7)

~~Parágrafo único. Para cálculo da percentagem destinada aos Fundos de Participação,
exclui-se do produto da arrecadação do impôsto a que se refere o art. 43 a parcela
distribuída nos têrmos do inciso II do artigo anterior.~~[(Revogado pela Lei Complementar nº 143, de 2013)](https://www.planalto.gov.br/ccivil_03/leis/LCP/Lcp143.htm#art6) [(Produção de efeito)](https://www.planalto.gov.br/ccivil_03/leis/LCP/Lcp143.htm#art7)

[Visualizar Jurisprudencia Consolidada do Artigo n. 87 - Corpus927](http://corpus927.enfam.jus.br/legislacao/ctn-66#art-87 ""Visualizar Jurisprudencia Consolidada do Artigo n. 87 - Corpus927"")~~Art.
87\. O Banco do Brasil S.A., à medida em que fôr recebendo as comunicações do
recolhimento dos impostos a que se refere o artigo anterior, para escrituração na conta
""Receita da União"", efetuará automaticamente o destaque de 20% (vinte por
cento), que creditará, em partes iguais, ao Fundo de Participação dos Estados e do
Distrito Federal e ao Fundo de Participação dos Municípios.~~[(Revogado pela Lei Complementar nº 143, de 2013)](https://www.planalto.gov.br/ccivil_03/leis/LCP/Lcp143.htm#art6) [(Produção de efeito)](https://www.planalto.gov.br/ccivil_03/leis/LCP/Lcp143.htm#art7)

~~Parágrafo único. Os totais relativos a cada impôsto, creditados mensalmente a cada um
dos Fundos, serão comunicados pelo Banco do Brasil S.A. ao Tribunal de Contas da União
até o último dia útil do mês subseqüente.~~[(Revogado pela Lei Complementar nº 143, de 2013)](https://www.planalto.gov.br/ccivil_03/leis/LCP/Lcp143.htm#art6) [(Produção de efeito)](https://www.planalto.gov.br/ccivil_03/leis/LCP/Lcp143.htm#art7)

~~Seção II~~

~~Critério de Distribuição do Fundo de
Participação dos Estados~~

[(Revogado pela Lei Complementar nº 143, de 2013)](https://www.planalto.gov.br/ccivil_03/leis/LCP/Lcp143.htm#art6) [(Produção de efeito)](https://www.planalto.gov.br/ccivil_03/leis/LCP/Lcp143.htm#art7)

[Visualizar Jurisprudencia Consolidada do Artigo n. 88 - Corpus927](http://corpus927.enfam.jus.br/legislacao/ctn-66#art-88 ""Visualizar Jurisprudencia Consolidada do Artigo n. 88 - Corpus927"")~~Art.
88\. O Fundo de Participação dos Estados e do Distrito Federal, a que se refere o art.
86, será distribuído da seguinte forma:~~[(Revogado pela Lei Complementar nº 143, de 2013)](https://www.planalto.gov.br/ccivil_03/leis/LCP/Lcp143.htm#art6) [(Produção de efeito)](https://www.planalto.gov.br/ccivil_03/leis/LCP/Lcp143.htm#art7)

~~I - 5%
(cinco por cento), proporcionalmente à superfície de cada entidade participante;~~[(Revogado pela Lei Complementar nº 143, de 2013)](https://www.planalto.gov.br/ccivil_03/leis/LCP/Lcp143.htm#art6) [(Produção de efeito)](https://www.planalto.gov.br/ccivil_03/leis/LCP/Lcp143.htm#art7)

~~II - 95%
(noventa e cinco por cento), proporcionalmente ao coeficiente individual de
participação, resultante do produto do fator representativo da população pelo fator
representativo do inverso da renda per capita, de cada entidade participante, como
definidos nos artigos seguintes.~~[(Revogado pela Lei Complementar nº 143, de 2013)](https://www.planalto.gov.br/ccivil_03/leis/LCP/Lcp143.htm#art6) [(Produção de efeito)](https://www.planalto.gov.br/ccivil_03/leis/LCP/Lcp143.htm#art7)

~~Parágrafo único. Para os efeitos do disposto neste artigo, consideram-se:~~[(Revogado pela Lei Complementar nº 143, de 2013)](https://www.planalto.gov.br/ccivil_03/leis/LCP/Lcp143.htm#art6) [(Produção de efeito)](https://www.planalto.gov.br/ccivil_03/leis/LCP/Lcp143.htm#art7)

~~I - a
superfície territorial apurada e a população estimada, quanto à cada entidade
participante, pelo Instituto Brasileiro de Geografia e Estatística;~~[(Revogado pela Lei Complementar nº 143, de 2013)](https://www.planalto.gov.br/ccivil_03/leis/LCP/Lcp143.htm#art6) [(Produção de efeito)](https://www.planalto.gov.br/ccivil_03/leis/LCP/Lcp143.htm#art7)

~~II - a
renda per capita, relativa a cada entidade participante, no último ano para o qual
existam estimativas efetuadas pela Fundação Getúlio Vargas.~~[(Revogado pela Lei Complementar nº 143, de 2013)](https://www.planalto.gov.br/ccivil_03/leis/LCP/Lcp143.htm#art6) [(Produção de efeito)](https://www.planalto.gov.br/ccivil_03/leis/LCP/Lcp143.htm#art7)

[Visualizar Jurisprudencia Consolidada do Artigo n. 89 - Corpus927](http://corpus927.enfam.jus.br/legislacao/ctn-66#art-89 ""Visualizar Jurisprudencia Consolidada do Artigo n. 89 - Corpus927"")~~Art.
89\. O fator representativo da população a que se refere o inciso II do artigo anterior,
será estabelecido da seguinte forma:~~[(Revogado pela Lei Complementar nº 143, de 2013)](https://www.planalto.gov.br/ccivil_03/leis/LCP/Lcp143.htm#art6) [(Produção de efeito)](https://www.planalto.gov.br/ccivil_03/leis/LCP/Lcp143.htm#art7)

|     |     |
| --- | --- |
| ~~Percentagem<br>que a população da entidade participante representa da população total do País:~~ | ~~Fator~~ |
| ~~I - Até<br>2% ...........................................................................~~ | ~~2,0~~ |
| ~~II<br>– Acima de 2% até 5%:~~ |  |
| ~~a) pelos primeiros 2% ................... .....................................~~ | ~~2,0~~ |
| ~~b) para cada 0,3% ou fração excedente, mais .....................~~ | ~~0,3~~ |
| ~~III -<br>acima de 5% até 10%:~~ |  |
| ~~a) pelos primeiros 5% ........................................... .............~~ | ~~5,0~~ |
| ~~b) para cada 0,5% ou fração excedente, mais .....................~~ | ~~0,5~~ |
| ~~IV -<br>acima de 10% ......................................... .....................~~ | ~~10,0~~ |

~~Parágrafo único. Para os efeitos dêste artigo, considera-se como população total do
País a soma das populações estimadas a que se refere o inciso I do parágrafo único do
artigo anterior.~~[(Revogado pela Lei Complementar nº 143, de 2013)](https://www.planalto.gov.br/ccivil_03/leis/LCP/Lcp143.htm#art6) [(Produção de efeito)](https://www.planalto.gov.br/ccivil_03/leis/LCP/Lcp143.htm#art7)

[Visualizar Jurisprudencia Consolidada do Artigo n. 90 - Corpus927](http://corpus927.enfam.jus.br/legislacao/ctn-66#art-90 ""Visualizar Jurisprudencia Consolidada do Artigo n. 90 - Corpus927"")Art.
90\. O fator representativo do inverso da renda per capita, a que se refere o inciso II do
art. 88, será estabelecido da seguinte forma:

|     |     |
| --- | --- |
| Inverso<br>do índice relativo à renda per capita da entidade participante: | Fator |
| Até<br>0,0045 ............................................................... | 0,4 |
| Acima de<br>0,0045 até 0,0055 ..................................... | 0,5 |
| Acima de<br>0,0055 até 0,0065 ..................................... | 0,6 |
| Acima de<br>0,0065 até 0,0075 ..................................... | 0,7 |
| Acima de<br>0,0075 até 0,0085 ..................................... | 0,8 |
| Acima de<br>0,0085 até 0,0095 ..................................... | 0,9 |
| Acima de<br>0,0095 até 0,0110 ..................................... | 1,0 |
| Acima de<br>0,0110 até 0,0130 ..................................... | 1,2 |
| Acima de<br>0,0130 até 0,0150 ..................................... | 1,4 |
| Acima de<br>0,0150 até 0,0170 ..................................... | 1,6 |
| Acima de<br>0,0170 até 0,0190 ..................................... | 1,8 |
| Acima de<br>0,0190 até 0,0220 ..................................... | 2,0 |
| Acima de<br>0,220 ............................................... ......... | 2,5 |

Parágrafo único. Para os efeitos dêste artigo, determina-se o índice relativo à renda
per capita de cada entidade participante, tomando-se como 100 (cem) a renda per capita
média do País.

Seção III

Critério de Distribuição do Fundo
de Participação dos Municípios

~~Art. 91. A distribuição do Fundo de Participação dos Municípios, a que se refere o
art. 86, far-se-á atribuindo, a cada Município, um coeficiente individual de
participação, estabelecido da seguinte forma:~~

~~Categoria do Município segundo seu~~

~~número de habitantes:~~

~~COEFICIENTE~~

~~I - até 10.000, para cada 2.000 ou fração excedente ............................. 0,2~~

~~II - acima de 10.000 até 30.000:~~

~~a) pelos primeiros 10.000
.................................................................. 1,0~~

~~b) para cada 4.000 ou fração excedente, mais ..................................... 0,2~~

~~III - acima de 30.000 até 60.000:~~

~~a) pelos primeiros 30.000
.................................................................. 2,0~~

~~b) para cada 6.000 ou fração excedente, mais .................................... 0,2~~

~~IV - acima de 60.000 até 100.000:~~

~~a) pelos primeiros 60.000
.................................................................. 3,0~~

~~b) para cada 8.000 ou fração excedente, mais ............................... ..... 0,2~~

~~V - acima de 100.000
................................................................... .... 4,0~~

~~§ 1º Para os efeitos dêste artigo,
consideram-se os Municípios regularmente instalados até 31 de julho dos anos de
milésimos 0 (zero) e 5 (cinco), atribuindo-se a cada Município instalado nos anos
intermediários uma parcela deduzida das quotas dos Municípios de que se desmembrarem
calculada proporcionalmente ao número de habitantes das áreas a êle incorporadas.~~

~~§ 2º Os limites das faixas de números de
habitantes previstas neste artigo serão reajustados sempre que, por meio de recenseamento
demográfico geral, seja conhecida oficialmente a população total do País,
estabelecendo-se os novos limites na proporção do aumento percentual daquela
população, por referência ao recenseamento de 1960.~~

~~§ 3º Aos Municípios resultantes de fusão de
outras unidades será atribuída quota equivalente à soma das quotas individuais dessas
unidades até que se opere a revisão nos anos de milésimos 0 (zero) e 5 (cinco).~~

[Visualizar Jurisprudencia Consolidada do Artigo n. 91 - Corpus927](http://corpus927.enfam.jus.br/legislacao/ctn-66#art-91 ""Visualizar Jurisprudencia Consolidada do Artigo n. 91 - Corpus927"") Art. 91. Do Fundo de Participação dos Municípios a que se refere o
art. 86, serão atribuídos:             [(Redação dada pelo Ato Complementar nº 35, de 1967)](https://www.planalto.gov.br/ccivil_03/ACP/acp-35-67.htm#art1)

I - 10% (dez por cento) aos Municípios das Capitais dos Estados;               [(Redação dada pelo Ato Complementar nº 35, de 1967)](https://www.planalto.gov.br/ccivil_03/ACP/acp-35-67.htm#art1)

II - 90% (noventa por cento) aos demais Municípios do País.            [(Redação dada pelo Ato Complementar nº 35, de 1967)](https://www.planalto.gov.br/ccivil_03/ACP/acp-35-67.htm#art1)

§ 1º A parcela de que trata o inciso I será distribuída
proporcionalmente a um coeficiente individual de participação, resultante do produto dos
seguintes fatôres:             [(Redação dada pelo Ato\\
Complementar nº 35, de 1967)](https://www.planalto.gov.br/ccivil_03/ACP/acp-35-67.htm#art1)

a) fator representativo da população, assim estabelecido:               [(Redação dada pelo Ato Complementar nº 35, de 1967)](https://www.planalto.gov.br/ccivil_03/ACP/acp-35-67.htm#art1)

Percentual da População de cada
Município em relação à do conjunto das Capitais:

Fator:

Até 2%
................................................................................
................................. 2

Mais de 2% até 5%:

Pelos primeiros
2%...............................................................................
.................. 2

Cada 0,5% ou fração excedente,
mais................................................................... 0,5

Mais de 5%
................................................................................
.......................... 5

b) Fator representativo do inverso da renda _per capita_ do respectivo Estado, de
conformidade com o disposto no art. 90.             [(Redação dada pelo Ato Complementar nº 35, de 1967)](https://www.planalto.gov.br/ccivil_03/ACP/acp-35-67.htm#art1)

~~§ 2º A distribuição da parcela a que se refere o inciso
II dêste artigo far-se-á atribuindo-se a cada Município um coeficiente individual de
participação determinado na forma seguinte:             [(Redação\\
dada pelo Ato Complementar nº 35, de 1967)](https://www.planalto.gov.br/ccivil_03/ACP/acp-35-67.htm#art1) [(Vide Decreto nº 69.680, de 1971)](https://legislacao.planalto.gov.br/legisla/legislacao.nsf/viwTodos/D97B086A77036C2C032569FA00569130?OpenDocument&HIGHLIGHT=1,) [(Vide Decreto nº 86.309, de 1981)](https://www.planalto.gov.br/ccivil_03/decreto/1980-1989/D86309.htm)~~

~~Categoria do Município segundo seu número de habitantes:~~

~~Coeficiente~~

~~a) Até 10.000,
para cada 2.000 ou fração excedente.......................................... 0,2~~

~~b) Acima de 10.000 até 30.000:~~

~~Pelos primeiros
10.000...........................................................................
............ 1,0~~

~~Para cada 4.000 ou fração excedente,
mais....................................................... 0,2~~

~~c) Acima de 30.000 até 60.000:~~

~~Pelos primeiros
30.000...........................................................................
............ 2,0~~

~~Para cada 6.000 ou fração excedente,
mais....................................................... 0,2~~

~~d) Acima de 60.000 até 100.000:~~

~~Pelos primeiros
60.000...........................................................................
............ 3,0~~

~~Para cada 8.000 ou fração excedente,
mais....................................................... 0,2~~

~~e) Acima de
100.000..........................................................................
................. 4,0~~

§ 2º - A distribuição da parcela a que se refere o item II deste
artigo, deduzido o percentual referido no artigo 3º do Decreto-lei que estabelece a
redação deste parágrafo, far-se-á atribuindo-se a cada Município um coeficiente
individual de participação determinado na forma seguinte:
[(Redação dada pelo Decreto Lei nº\\
1.881, de 1981)](https://www.planalto.gov.br/ccivil_03/Decreto-Lei/1965-1988/Del1881.htm#art1) [(Vide Lei Complementar nº 91, de 1997)](https://www.planalto.gov.br/ccivil_03/leis/LCP/Lcp91.htm#art1)

|     |     |
| --- | --- |
| Categoria do Município,<br>segundo seu número de habitantes | Coeficiente |
| a) Até 16.980 |  |
| Pelos primeiros 10.188 | 0,6 |
| Para cada 3.396, ou fração<br>excedente, mais | 0,2 |
| b) Acima de 16.980 até<br>50.940 |  |
| Pelos primeiros 16.980 | 1,0 |
| Para cada 6.792 ou fração<br>excedente, mais | 0,2 |
| c) Acima de 50.940 até<br>101,880 |  |
| Pelos primeiros 50.940 | 2,0 |
| Para cada 10.188 ou fração<br>excedente, mais | 0,2 |
| d) Acima de 101.880 até<br>156.216 |  |
| Pelos primeiros 101.880 | 3,0 |
| Para cada 13.584 ou fração<br>excedente, mais | 0,2 |
| e) Acima de 156.216 | 4,0 |

~~§ 3º Para os efeitos dêste artigo, consideram-se os
Municípios regularmente instalados até 21 de julho dos anos milésimos 0 (zero) e 5
(cinco), atribuindo-se a cada Município instalado nos anos intermediários uma parcela
deduzida das quotas dos Municípios de que se desmembrarem, calculada proporcionalmente ao
número de habitantes das áreas a ele incorporadas.             [(Redação\\
dada pelo Ato Complementar nº 35, de 1967)](https://www.planalto.gov.br/ccivil_03/ACP/acp-35-67.htm#art1)~~

§ 3º Para os efeitos deste artigo, consideram-se os
municípios regularmente instalados, fazendo-se a revisão das quotas anualmente, a partir
de 1989, com base em dados oficiais de população produzidos pela Fundação Instituto
Brasileiro de Geografia e Estatística - IBGE.        [(Redação dada pela Lei Complementar nº 59, de 1988)](https://www.planalto.gov.br/ccivil_03/leis/LCP/Lcp59.htm)

~~§ 4º Os limites das faixas de número de habitantes
previstas neste artigo serão reajustados sempre que por meio de recenseamento
demográfico geral seja conhecida oficialmente a população total do País,
estabelecendo-se novos limites na proporção do aumento percentual daquela população,
por referência de recenseamento de 1960.            [(Incluído\\
pelo Ato Complementar nº 35, de 1967)](https://www.planalto.gov.br/ccivil_03/ACP/acp-35-67.htm#art1)~~

~~§ 4º - Os limites das
faixas de número de habitantes previstos no deste artigo serão reajustados
sempre que, por meio de recenseamento demográfico geral, seja conhecida
oficialmente a população total do País, estabelecendo-se novos limites na
proporção do aumento percentual daquela população, tendo por referência o
recenseamento imediatamente anterior.           [(Redação\\
dada pelo Decreto Lei nº 1.881, de 1981)](https://www.planalto.gov.br/ccivil_03/Decreto-Lei/1965-1988/Del1881.htm#art1)~~ [(Revogado\\
pela Lei Complementar nº 91, de 1997)](https://www.planalto.gov.br/ccivil_03/leis/LCP/Lcp91.htm#art7)

~~§ 5º Aos Municípios
resultantes de fusão de outras unidades será atribuída quota equivalente à soma das
quotas individuais dessas unidades, até que se opere a revisão nos anos milésimos 0
(zero) e 5 (cinco).             [(Incluído pelo Ato Complementar\\
nº 35, de 1967)](https://www.planalto.gov.br/ccivil_03/ACP/acp-35-67.htm#art1)~~ [(Revogado pela Lei\\
Complementar nº 91, de 1997)](https://www.planalto.gov.br/ccivil_03/leis/LCP/Lcp91.htm#art7)

Seção IV

Cálculo e Pagamento das Quotas Estaduais e
Municipais

~~Art.
92\. Até o último dia útil de cada exercício, o Tribunal de Contas da União
comunicará ao Banco do Brasil S.A. os coeficientes individuais de participação de cada
Estado e do Distrito Federal, calculados na forma do disposto no art. 88, e de cada
Município, calculados na forma do disposto no art. 91, que prevalecerão para todo o
exercício subseqüente.~~

[Visualizar Jurisprudencia Consolidada do Artigo n. 92 - Corpus927](http://corpus927.enfam.jus.br/legislacao/ctn-66#art-92 ""Visualizar Jurisprudencia Consolidada do Artigo n. 92 - Corpus927"")Art. 92.
O Tribunal de Contas da União comunicará ao Banco do Brasil S.A., conforme os
prazos a seguir especificados, os coeficientes individuais de participação nos
fundos previstos no [art. \\
159, inciso I, alíneas “a”, “b” e “d”, da Constituição Federal](https://www.planalto.gov.br/ccivil_03/Constituicao/Constituicao.htm#art159ia) que
prevalecerão no exercício subsequente: [(Redação dada pela Lei Complementar nº 143, de \\
2013)](https://www.planalto.gov.br/ccivil_03/leis/LCP/Lcp143.htm#art2) [(Produção de efeito)](https://www.planalto.gov.br/ccivil_03/leis/LCP/Lcp143.htm#art7)[(Vide Lei Complementar nº 143, de 2013)](https://www.planalto.gov.br/ccivil_03/leis/LCP/Lcp143.htm#art3)

I - até
o último dia útil do mês de março de cada exercício financeiro, para cada Estado
e para o Distrito Federal;  [(Incluído pela Lei Complementar nº 143, de 2013)](https://www.planalto.gov.br/ccivil_03/leis/LCP/Lcp143.htm#art2) [(Produção de efeito)](https://www.planalto.gov.br/ccivil_03/leis/LCP/Lcp143.htm#art7)

II -
até o último dia útil de cada exercício financeiro, para cada Município. [(Incluído pela Lei Complementar nº 143, de 2013)](https://www.planalto.gov.br/ccivil_03/leis/LCP/Lcp143.htm#art2) [(Produção de efeito)](https://www.planalto.gov.br/ccivil_03/leis/LCP/Lcp143.htm#art7)

Parágrafo único.  Far-se-á nova comunicação sempre que houver, transcorrido o
prazo fixado no inciso I do caput,
a criação de novo Estado a ser implantado no exercício subsequente. [(Incluído pela Lei Complementar nº 143, de 2013)](https://www.planalto.gov.br/ccivil_03/leis/LCP/Lcp143.htm#art2) [(Produção de efeito)](https://www.planalto.gov.br/ccivil_03/leis/LCP/Lcp143.htm#art7)

[Visualizar Jurisprudencia Consolidada do Artigo n. 93 - Corpus927](http://corpus927.enfam.jus.br/legislacao/ctn-66#art-93 ""Visualizar Jurisprudencia Consolidada do Artigo n. 93 - Corpus927"")~~Art. 93.
Até o último dia útil de cada mês, o Banco do Brasil S.A. creditará a cada Estado, ao
Distrito Federal e a cada Município as quotas a êles devidas, em parcelas distintas para
cada um dos impostos a que se refere o art. 86, calculadas com base nos totais
creditados ao Fundo correspondente, no mês anterior.~~[(Revogado pela Lei Complementar nº 143, de 2013)](https://www.planalto.gov.br/ccivil_03/leis/LCP/Lcp143.htm#art6) [(Produção de efeito)](https://www.planalto.gov.br/ccivil_03/leis/LCP/Lcp143.htm#art7)

~~§ 1º Os
créditos determinados por êste artigo serão efetuados em contas especiais, abertas
automàticamente pelo Banco do Brasil S.A., em sua agência na Capital de cada Estado, no
Distrito Federal e na sede de cada Município, ou, em sua falta na agência mais próxima.~~[(Revogado pela Lei Complementar nº 143, de 2013)](https://www.planalto.gov.br/ccivil_03/leis/LCP/Lcp143.htm#art6) [(Produção de efeito)](https://www.planalto.gov.br/ccivil_03/leis/LCP/Lcp143.htm#art7)

~~§ 2º O
cumprimento do disposto neste artigo será comunicado pelo Banco do Brasil S.A. ao
Tribunal de Contas da União, discriminadamente, até o último dia útil do mês
subseqüente.~~[(Revogado pela Lei Complementar nº 143, de 2013)](https://www.planalto.gov.br/ccivil_03/leis/LCP/Lcp143.htm#art6) [(Produção de efeito)](https://www.planalto.gov.br/ccivil_03/leis/LCP/Lcp143.htm#art7)

~~Seção V~~

~~Comprovação da Aplicação das Quotas Estaduais e
Municipais~~

[(Revogado pela Lei Complementar nº 143, de 2013)](https://www.planalto.gov.br/ccivil_03/leis/LCP/Lcp143.htm#art6) [(Produção de efeito)](https://www.planalto.gov.br/ccivil_03/leis/LCP/Lcp143.htm#art7)

[Visualizar Jurisprudencia Consolidada do Artigo n. 94 - Corpus927](http://corpus927.enfam.jus.br/legislacao/ctn-66#art-94 ""Visualizar Jurisprudencia Consolidada do Artigo n. 94 - Corpus927"")~~Art.
94\. Do total recebido nos têrmos dêste Capítulo, os Estados, o Distrito Federal e os
Municípios destinarão obrigatòriamente 50% (cinqüenta por cento), pelo menos, ao seu
orçamento de despesas de capital como definidas em lei de normas gerais de direito
financeiro.~~[(Revogado pela Lei Complementar nº 143, de 2013)](https://www.planalto.gov.br/ccivil_03/leis/LCP/Lcp143.htm#art6) [(Produção de efeito)](https://www.planalto.gov.br/ccivil_03/leis/LCP/Lcp143.htm#art7)

~~§ 1º
Para comprovação do cumprimento do disposto neste artigo, as pessoas jurídicas de
direito público, nêle referidas remeterão ao Tribunal de Contas da União:~~[(Revogado pela Lei Complementar nº 143, de 2013)](https://www.planalto.gov.br/ccivil_03/leis/LCP/Lcp143.htm#art6) [(Produção de efeito)](https://www.planalto.gov.br/ccivil_03/leis/LCP/Lcp143.htm#art7)

~~I -
cópia autêntica da parte permanente das contas do Poder Executivo, relativas ao
exercício anterior;~~[(Revogado pela Lei Complementar nº 143, de 2013)](https://www.planalto.gov.br/ccivil_03/leis/LCP/Lcp143.htm#art6) [(Produção de efeito)](https://www.planalto.gov.br/ccivil_03/leis/LCP/Lcp143.htm#art7)

~~II -
cópia autêntica do ato de aprovação, pelo Poder Legislativo, das contas a que se
refere o inciso anterior;~~[(Revogado pela Lei Complementar nº 143, de 2013)](https://www.planalto.gov.br/ccivil_03/leis/LCP/Lcp143.htm#art6) [(Produção de efeito)](https://www.planalto.gov.br/ccivil_03/leis/LCP/Lcp143.htm#art7)

~~III -
prova da observância dos requisitos aplicáveis, previstos, em lei de normas gerais de
direito financeiro, relativamente ao orçamento e aos balanços do exercício anterior.~~[(Revogado pela Lei Complementar nº 143, de 2013)](https://www.planalto.gov.br/ccivil_03/leis/LCP/Lcp143.htm#art6) [(Produção de efeito)](https://www.planalto.gov.br/ccivil_03/leis/LCP/Lcp143.htm#art7)

~~§ 2º O
Tribunal de Contas da União poderá suspender o pagamento das distribuições previstas
no artigo 86, nos casos:~~[(Revogado pela Lei Complementar nº 143, de 2013)](https://www.planalto.gov.br/ccivil_03/leis/LCP/Lcp143.htm#art6) [(Produção de efeito)](https://www.planalto.gov.br/ccivil_03/leis/LCP/Lcp143.htm#art7)

~~I - de
ausência ou vício da comprovação a que se refere o parágrafo anterior;~~[(Revogado pela Lei Complementar nº 143, de 2013)](https://www.planalto.gov.br/ccivil_03/leis/LCP/Lcp143.htm#art6) [(Produção de efeito)](https://www.planalto.gov.br/ccivil_03/leis/LCP/Lcp143.htm#art7)

~~II - de
falta de cumprimento ou cumprimento incorreto do disposto neste artigo, apurados
diretamente ou por diligência determinada às suas Delegações nos Estados, mesmo que
tenha sido apresentada a comprovação a que se refere o parágrafo anterior.~~[(Revogado pela Lei Complementar nº 143, de 2013)](https://www.planalto.gov.br/ccivil_03/leis/LCP/Lcp143.htm#art6) [(Produção de efeito)](https://www.planalto.gov.br/ccivil_03/leis/LCP/Lcp143.htm#art7)

~~§ 3º A
sanção prevista no parágrafo anterior subsistirá até comprovação, a juízo do
Tribunal, de ter sido sanada a falta que determinou sua imposição, e não produzirá
efeitos quanto à responsabilidade civil, penal ou administrativa do Governador ou
Prefeito.~~[(Revogado pela Lei Complementar nº 143, de 2013)](https://www.planalto.gov.br/ccivil_03/leis/LCP/Lcp143.htm#art6) [(Produção de efeito)](https://www.planalto.gov.br/ccivil_03/leis/LCP/Lcp143.htm#art7)

CAPÍTULO IV

Impôsto sôbre Operações Relativas a Combustíveis,
Lubrificantes, Energia Elétrica e Minerais do País

[Visualizar Jurisprudencia Consolidada do Artigo n. 95 - Corpus927](http://corpus927.enfam.jus.br/legislacao/ctn-66#art-95 ""Visualizar Jurisprudencia Consolidada do Artigo n. 95 - Corpus927"")~~Art. 95. Do produto da arrecadação do impôsto a que se refere o artigo 74 serão
distribuídas aos Estados, ao Distrito Federal e aos Municípios 60% (sessenta por cento)
do que incidir sôbre operações relativas a combustíveis, lubrificantes e energia
elétrica, e 90% (noventa por cento) do que incidir sôbre operações relativas a minerais
do País.~~[(Revogado pela Lei Complementar nº 143, de 2013)](https://www.planalto.gov.br/ccivil_03/leis/LCP/Lcp143.htm#art6) [(Produção de efeito)](https://www.planalto.gov.br/ccivil_03/leis/LCP/Lcp143.htm#art7)

~~Parágrafo único. A
distribuição prevista neste artigo será regulada em resolução do Senado Federal,
proporcionalmente à superfície, à produção e ao consumo, nos respectivos
territórios, dos produtos a que se refere o impôsto.~~ [(Revogado pelo Ato Complementar nº 35, de 1967)](https://www.planalto.gov.br/ccivil_03/ACP/acp-35-67.htm#art10)

LIVRO SEGUNDO

NORMAS GERAIS DE DIREITO TRIBUTÁRIO

TÍTULO I

Legislação Tributária

CAPÍTULO I

Disposições Gerais

Seção I

Disposição Preliminar

[Visualizar Jurisprudencia Consolidada do Artigo n. 96 - Corpus927](http://corpus927.enfam.jus.br/legislacao/ctn-66#art-96 ""Visualizar Jurisprudencia Consolidada do Artigo n. 96 - Corpus927"")Art.
96\. A expressão ""legislação tributária"" compreende as leis, os tratados e as
convenções internacionais, os decretos e as normas complementares que versem, no todo ou
em parte, sobre tributos e relações jurídicas a eles pertinentes.

Seção II

Leis, Tratados e Convenções Internacionais e
Decretos

[Visualizar Jurisprudencia Consolidada do Artigo n. 97 - Corpus927](http://corpus927.enfam.jus.br/legislacao/ctn-66#art-97 ""Visualizar Jurisprudencia Consolidada do Artigo n. 97 - Corpus927"")Art.
97\. Sòmente a lei pode estabelecer:

I - a
instituição de tributos, ou a sua extinção;

II - a
majoração de tributos, ou sua redução, ressalvado o disposto nos arts. 21, 26, 39,
57 e 65;

III - a
definição do fato gerador da obrigação tributária principal, ressalvado o disposto no
inciso I do § 3º do art. 52, e do seu sujeito passivo;

IV - a
fixação de alíquota do tributo e da sua base de cálculo, ressalvado o disposto nos
arts. 21, 26, 39, 57 e 65;

V - a
cominação de penalidades para as ações ou omissões contrárias a seus dispositivos,
ou para outras infrações nela definidas;

VI - as
hipóteses de exclusão, suspensão e extinção de créditos tributários, ou de dispensa
ou redução de penalidades.

§ 1º
Equipara-se à majoração do tributo a modificação da sua base de cálculo, que importe
em torná-lo mais oneroso.

§ 2º
Não constitui majoração de tributo, para os fins do disposto no inciso II dêste artigo,
a atualização do valor monetário da respectiva base de cálculo.

[Visualizar Jurisprudencia Consolidada do Artigo n. 98 - Corpus927](http://corpus927.enfam.jus.br/legislacao/ctn-66#art-98 ""Visualizar Jurisprudencia Consolidada do Artigo n. 98 - Corpus927"")Art. 98.
Os tratados e as convenções internacionais revogam ou modificam a legislação
tributária interna, e serão observados pela que lhes sobrevenha.

[Visualizar Jurisprudencia Consolidada do Artigo n. 99 - Corpus927](http://corpus927.enfam.jus.br/legislacao/ctn-66#art-99 ""Visualizar Jurisprudencia Consolidada do Artigo n. 99 - Corpus927"")Art. 99. O
conteúdo e o alcance dos decretos restringem-se aos das leis em função das quais sejam
expedidos, determinados com observância das regras de interpretação estabelecidas nesta
Lei.

Seção III

Normas Complementares

[Visualizar Jurisprudencia Consolidada do Artigo n. 100 - Corpus927](http://corpus927.enfam.jus.br/legislacao/ctn-66#art-100 ""Visualizar Jurisprudencia Consolidada do Artigo n. 100 - Corpus927"")Art. 100. São normas complementares das leis, dos tratados e das
convenções internacionais e dos decretos:

I - os
atos normativos expedidos pelas autoridades administrativas;

II - as
decisões dos órgãos singulares ou coletivos de jurisdição administrativa, a que a lei
atribua eficácia normativa;

III - as
práticas reiteradamente observadas pelas autoridades administrativas;

IV - os
convênios que entre si celebrem a União, os Estados, o Distrito Federal e os
Municípios.

Parágrafo único. A observância das normas referidas neste artigo exclui a imposição
de penalidades, a cobrança de juros de mora e a atualização do valor monetário da base
de cálculo do tributo.

CAPÍTULO II

Vigência da Legislação Tributária

[Visualizar Jurisprudencia Consolidada do Artigo n. 101 - Corpus927](http://corpus927.enfam.jus.br/legislacao/ctn-66#art-101 ""Visualizar Jurisprudencia Consolidada do Artigo n. 101 - Corpus927"")Art.
101\. A vigência, no espaço e no tempo, da legislação tributária rege-se pelas
disposições legais aplicáveis às normas jurídicas em geral, ressalvado o previsto
neste Capítulo.

[Visualizar Jurisprudencia Consolidada do Artigo n. 102 - Corpus927](http://corpus927.enfam.jus.br/legislacao/ctn-66#art-102 ""Visualizar Jurisprudencia Consolidada do Artigo n. 102 - Corpus927"")Art. 102. A legislação tributária dos Estados, do Distrito Federal e dos
Municípios vigora, no País, fora dos respectivos territórios, nos limites em que lhe
reconheçam extraterritorialidade os convênios de que participem, ou do que disponham
esta ou outras leis de normas gerais expedidas pela União.

[Visualizar Jurisprudencia Consolidada do Artigo n. 103 - Corpus927](http://corpus927.enfam.jus.br/legislacao/ctn-66#art-103 ""Visualizar Jurisprudencia Consolidada do Artigo n. 103 - Corpus927"")Art. 103.
Salvo disposição em contrário, entram em vigor:

I - os
atos administrativos a que se refere o inciso I do art. 100, na data da sua
publicação;

II - as
decisões a que se refere o inciso II do art. 100, quanto a seus efeitos normativos, 30
(trinta) dias após a data da sua publicação;

III - os
convênios a que se refere o inciso IV do art. 100, na data nêles prevista.

[Visualizar Jurisprudencia Consolidada do Artigo n. 104 - Corpus927](http://corpus927.enfam.jus.br/legislacao/ctn-66#art-104 ""Visualizar Jurisprudencia Consolidada do Artigo n. 104 - Corpus927"")Art.
104\. Entram em vigor no primeiro dia do exercício seguinte àquele em que ocorra a sua
publicação os dispositivos de lei, referentes a impostos sobre o patrimônio ou a renda:

I - que
instituem ou majoram tais impostos;

II - que
definem novas hipóteses de incidência;

III - que
extinguem ou reduzem isenções, salvo se a lei dispuser de maneira mais favorável ao
contribuinte, e observado o disposto no artigo 178.

CAPÍTULO III

Aplicação da Legislação Tributária

[Visualizar Jurisprudencia Consolidada do Artigo n. 105 - Corpus927](http://corpus927.enfam.jus.br/legislacao/ctn-66#art-105 ""Visualizar Jurisprudencia Consolidada do Artigo n. 105 - Corpus927"")Art.
105\. A legislação tributária aplica-se imediatamente aos fatos geradores futuros e aos
pendentes, assim entendidos aquêles cuja ocorrência tenha tido início mas não esteja
completa nos têrmos do artigo 116.

[Visualizar Jurisprudencia Consolidada do Artigo n. 106 - Corpus927](http://corpus927.enfam.jus.br/legislacao/ctn-66#art-106 ""Visualizar Jurisprudencia Consolidada do Artigo n. 106 - Corpus927"")Art. 106. A
lei aplica-se a ato ou fato pretérito:

I - em qualquer caso, quando seja expressamente interpretativa, excluída a
aplicação de penalidade à infração dos dispositivos interpretados;

II -
tratando-se de ato não definitivamente julgado:

a) quando
deixe de defini-lo como infração;

b) quando
deixe de tratá-lo como contrário a qualquer exigência de ação ou omissão, desde que
não tenha sido fraudulento e não tenha implicado em falta de pagamento de tributo;

c) quando
lhe comine penalidade menos severa que a prevista na lei vigente ao tempo da sua prática.

CAPÍTULO IV

Interpretação e Integração da Legislação
Tributária

[Visualizar Jurisprudencia Consolidada do Artigo n. 107 - Corpus927](http://corpus927.enfam.jus.br/legislacao/ctn-66#art-107 ""Visualizar Jurisprudencia Consolidada do Artigo n. 107 - Corpus927"")Art.
107\. A legislação tributária será interpretada conforme o disposto neste Capítulo.

[Visualizar Jurisprudencia Consolidada do Artigo n. 108 - Corpus927](http://corpus927.enfam.jus.br/legislacao/ctn-66#art-108 ""Visualizar Jurisprudencia Consolidada do Artigo n. 108 - Corpus927"")Art. 108.
Na ausência de disposição expressa, a autoridade competente para aplicar a legislação
tributária utilizará sucessivamente, na ordem indicada:

I - a
analogia;

II - os
princípios gerais de direito tributário;

III - os
princípios gerais de direito público;

IV - a
eqüidade.

§ 1º O
emprêgo da analogia não poderá resultar na exigência de tributo não previsto em lei.

§ 2º O
emprêgo da eqüidade não poderá resultar na dispensa do pagamento de tributo devido.

[Visualizar Jurisprudencia Consolidada do Artigo n. 109 - Corpus927](http://corpus927.enfam.jus.br/legislacao/ctn-66#art-109 ""Visualizar Jurisprudencia Consolidada do Artigo n. 109 - Corpus927"")Art.
109\. Os princípios gerais de direito privado utilizam-se para pesquisa da definição, do
conteúdo e do alcance de seus institutos, conceitos e formas, mas não para definição
dos respectivos efeitos tributários.

[Visualizar Jurisprudencia Consolidada do Artigo n. 110 - Corpus927](http://corpus927.enfam.jus.br/legislacao/ctn-66#art-110 ""Visualizar Jurisprudencia Consolidada do Artigo n. 110 - Corpus927"")Art. 110.
A lei tributária não pode alterar a definição, o conteúdo e o alcance de institutos,
conceitos e formas de direito privado, utilizados, expressa ou implicitamente, pela
Constituição Federal, pelas Constituições dos Estados, ou pelas Leis Orgânicas do
Distrito Federal ou dos Municípios, para definir ou limitar competências tributárias.

[Visualizar Jurisprudencia Consolidada do Artigo n. 111 - Corpus927](http://corpus927.enfam.jus.br/legislacao/ctn-66#art-111 ""Visualizar Jurisprudencia Consolidada do Artigo n. 111 - Corpus927"")Art. 111.
Interpreta-se literalmente a legislação tributária que disponha sôbre:

I -
suspensão ou exclusão do crédito tributário;

II -
outorga de isenção;

III -
dispensa do cumprimento de obrigações tributárias acessórias.

[Visualizar Jurisprudencia Consolidada do Artigo n. 112 - Corpus927](http://corpus927.enfam.jus.br/legislacao/ctn-66#art-112 ""Visualizar Jurisprudencia Consolidada do Artigo n. 112 - Corpus927"")Art.
112\. A lei tributária que define infrações, ou lhe comina penalidades, interpreta-se da
maneira mais favorável ao acusado, em caso de dúvida quanto:

I - à
capitulação legal do fato;

II - à
natureza ou às circunstâncias materiais do fato, ou à natureza ou extensão dos seus
efeitos;

III - à
autoria, imputabilidade, ou punibilidade;

IV - à
natureza da penalidade aplicável, ou à sua graduação.

TÍTULO II

Obrigação Tributária

CAPÍTULO I

Disposições Gerais

[Visualizar Jurisprudencia Consolidada do Artigo n. 113 - Corpus927](http://corpus927.enfam.jus.br/legislacao/ctn-66#art-113 ""Visualizar Jurisprudencia Consolidada do Artigo n. 113 - Corpus927"")Art.
113\. A obrigação tributária é principal ou acessória.

§ 1º A
obrigação principal surge com a ocorrência do fato gerador, tem por objeto o pagamento
de tributo ou penalidade pecuniária e extingue-se juntamente com o crédito dela
decorrente.

§ 2º A
obrigação acessória decorre da legislação tributária e tem por objeto as
prestações, positivas ou negativas, nela previstas no interêsse da arrecadação ou da
fiscalização dos tributos.

§ 3º A
obrigação acessória, pelo simples fato da sua inobservância, converte-se em
obrigação principal relativamente à penalidade pecuniária.

CAPÍTULO II

Fato Gerador

[Visualizar Jurisprudencia Consolidada do Artigo n. 114 - Corpus927](http://corpus927.enfam.jus.br/legislacao/ctn-66#art-114 ""Visualizar Jurisprudencia Consolidada do Artigo n. 114 - Corpus927"")Art.
114\. Fato gerador da obrigação principal é a situação definida em lei como
necessária e suficiente à sua ocorrência.

[Visualizar Jurisprudencia Consolidada do Artigo n. 115 - Corpus927](http://corpus927.enfam.jus.br/legislacao/ctn-66#art-115 ""Visualizar Jurisprudencia Consolidada do Artigo n. 115 - Corpus927"")Art. 115.
Fato gerador da obrigação acessória é qualquer situação que, na forma da
legislação aplicável, impõe a prática ou a abstenção de ato que não configure
obrigação principal.

[Visualizar Jurisprudencia Consolidada do Artigo n. 116 - Corpus927](http://corpus927.enfam.jus.br/legislacao/ctn-66#art-116 ""Visualizar Jurisprudencia Consolidada do Artigo n. 116 - Corpus927"")Art. 116. Salvo disposição de lei em contrário, considera-se ocorrido o
fato gerador e existentes os seus efeitos:

I -
tratando-se de situação de fato, desde o momento em que o se verifiquem as
circunstâncias materiais necessárias a que produza os efeitos que normalmente lhe são
próprios;

II -
tratando-se de situação jurídica, desde o momento em que esteja definitivamente
constituída, nos têrmos de direito aplicável.

Parágrafo único. A autoridade administrativa poderá desconsiderar atos ou
negócios jurídicos praticados com a finalidade de dissimular a ocorrência do fato
gerador do tributo ou a natureza dos elementos constitutivos da obrigação tributária,
observados os procedimentos a serem estabelecidos em lei ordinária.            [(Incluído pela Lcp nº 104, de 2001)](https://www.planalto.gov.br/ccivil_03/leis/LCP/Lcp104.htm)

[Visualizar Jurisprudencia Consolidada do Artigo n. 117 - Corpus927](http://corpus927.enfam.jus.br/legislacao/ctn-66#art-117 ""Visualizar Jurisprudencia Consolidada do Artigo n. 117 - Corpus927"")Art.
117\. Para os efeitos do inciso II do artigo anterior e salvo disposição de lei em
contrário, os atos ou negócios jurídicos condicionais reputam-se perfeitos e acabados:

I - sendo
suspensiva a condição, desde o momento de seu implemento;

II -
sendo resolutória a condição, desde o momento da prática do ato ou da celebração do
negócio.

[Visualizar Jurisprudencia Consolidada do Artigo n. 118 - Corpus927](http://corpus927.enfam.jus.br/legislacao/ctn-66#art-118 ""Visualizar Jurisprudencia Consolidada do Artigo n. 118 - Corpus927"")Art. 118.
A definição legal do fato gerador é interpretada abstraindo-se:

I - da
validade jurídica dos atos efetivamente praticados pelos contribuintes, responsáveis, ou
terceiros, bem como da natureza do seu objeto ou dos seus efeitos;

II - dos
efeitos dos fatos efetivamente ocorridos.

CAPÍTULO III

Sujeito Ativo

[Visualizar Jurisprudencia Consolidada do Artigo n. 119 - Corpus927](http://corpus927.enfam.jus.br/legislacao/ctn-66#art-119 ""Visualizar Jurisprudencia Consolidada do Artigo n. 119 - Corpus927"")Art.
119\. Sujeito ativo da obrigação é a pessoa jurídica de direito público, titular da
competência para exigir o seu cumprimento.

[Visualizar Jurisprudencia Consolidada do Artigo n. 120 - Corpus927](http://corpus927.enfam.jus.br/legislacao/ctn-66#art-120 ""Visualizar Jurisprudencia Consolidada do Artigo n. 120 - Corpus927"")Art. 120.
Salvo disposição de lei em contrário, a pessoa jurídica de direito público, que se
constituir pelo desmembramento territorial de outra, sub-roga-se nos direitos desta, cuja
legislação tributária aplicará até que entre em vigor a sua própria.

CAPÍTULO IV

Sujeito Passivo

Seção I

Disposições Gerais

[Visualizar Jurisprudencia Consolidada do Artigo n. 121 - Corpus927](http://corpus927.enfam.jus.br/legislacao/ctn-66#art-121 ""Visualizar Jurisprudencia Consolidada do Artigo n. 121 - Corpus927"")Art.
121\. Sujeito passivo da obrigação principal é a pessoa obrigada ao pagamento de tributo
ou penalidade pecuniária.

Parágrafo único. O sujeito passivo da obrigação principal diz-se:

I -
contribuinte, quando tenha relação pessoal e direta com a situação que constitua o
respectivo fato gerador;

II -
responsável, quando, sem revestir a condição de contribuinte, sua obrigação decorra
de disposição expressa de lei.

[Visualizar Jurisprudencia Consolidada do Artigo n. 122 - Corpus927](http://corpus927.enfam.jus.br/legislacao/ctn-66#art-122 ""Visualizar Jurisprudencia Consolidada do Artigo n. 122 - Corpus927"")Art.
122\. Sujeito passivo da obrigação acessória é a pessoa obrigada às prestações que
constituam o seu objeto.

[Visualizar Jurisprudencia Consolidada do Artigo n. 123 - Corpus927](http://corpus927.enfam.jus.br/legislacao/ctn-66#art-123 ""Visualizar Jurisprudencia Consolidada do Artigo n. 123 - Corpus927"")Art.
123\. Salvo disposições de lei em contrário, as convenções particulares, relativas à
responsabilidade pelo pagamento de tributos, não podem ser opostas à Fazenda Pública,
para modificar a definição legal do sujeito passivo das obrigações tributárias
correspondentes.

Seção II

Solidariedade

[Visualizar Jurisprudencia Consolidada do Artigo n. 124 - Corpus927](http://corpus927.enfam.jus.br/legislacao/ctn-66#art-124 ""Visualizar Jurisprudencia Consolidada do Artigo n. 124 - Corpus927"")Art.
124\. São solidàriamente obrigadas:

I - as pessoas que tenham interêsse comum na situação que constitua o fato
gerador da obrigação principal;

II - as pessoas expressamente designadas por lei.

Parágrafo único. A solidariedade referida neste artigo não comporta benefício de
ordem.

[Visualizar Jurisprudencia Consolidada do Artigo n. 125 - Corpus927](http://corpus927.enfam.jus.br/legislacao/ctn-66#art-125 ""Visualizar Jurisprudencia Consolidada do Artigo n. 125 - Corpus927"")Art.
125\. Salvo disposição de lei em contrário, são os seguintes os efeitos da
solidariedade:

I - o
pagamento efetuado por um dos obrigados aproveita aos demais;

II - a
isenção ou remissão de crédito exonera todos os obrigados, salvo se outorgada
pessoalmente a um dêles, subsistindo, nesse caso, a solidariedade quanto aos demais pelo
saldo;

III - a
interrupção da prescrição, em favor ou contra um dos obrigados, favorece ou prejudica
aos demais.

Seção III

Capacidade Tributária

[Visualizar Jurisprudencia Consolidada do Artigo n. 126 - Corpus927](http://corpus927.enfam.jus.br/legislacao/ctn-66#art-126 ""Visualizar Jurisprudencia Consolidada do Artigo n. 126 - Corpus927"")Art.
126\. A capacidade tributária passiva independe:

I - da
capacidade civil das pessoas naturais;

II - de
achar-se a pessoa natural sujeita a medidas que importem privação ou limitação do
exercício de atividades civis, comerciais ou profissionais, ou da administração direta
de seus bens ou negócios;

III - de
estar a pessoa jurídica regularmente constituída, bastando que configure uma unidade
econômica ou profissional.

Seção IV

Domicílio Tributário

[Visualizar Jurisprudencia Consolidada do Artigo n. 127 - Corpus927](http://corpus927.enfam.jus.br/legislacao/ctn-66#art-127 ""Visualizar Jurisprudencia Consolidada do Artigo n. 127 - Corpus927"")Art.
127\. Na falta de eleição, pelo contribuinte ou responsável, de domicílio tributário,
na forma da legislação aplicável, considera-se como tal:

I -
quanto às pessoas naturais, a sua residência habitual, ou, sendo esta incerta ou
desconhecida, o centro habitual de sua atividade;

II -
quanto às pessoas jurídicas de direito privado ou às firmas individuais, o lugar da sua
sede, ou, em relação aos atos ou fatos que derem origem à obrigação, o de cada
estabelecimento;

III -
quanto às pessoas jurídicas de direito público, qualquer de suas repartições no
território da entidade tributante.

§ 1º
Quando não couber a aplicação das regras fixadas em qualquer dos incisos deste artigo,
considerar-se-á como domicílio tributário do contribuinte ou responsável o lugar da
situação dos bens ou da ocorrência dos atos ou fatos que deram origem à obrigação.

§ 2º A
autoridade administrativa pode recusar o domicílio eleito, quando impossibilite ou
dificulte a arrecadação ou a fiscalização do tributo, aplicando-se então a regra do
parágrafo anterior.

CAPÍTULO V

Responsabilidade Tributária

Seção I

Disposição Geral

[Visualizar Jurisprudencia Consolidada do Artigo n. 128 - Corpus927](http://corpus927.enfam.jus.br/legislacao/ctn-66#art-128 ""Visualizar Jurisprudencia Consolidada do Artigo n. 128 - Corpus927"")Art. 128. Sem prejuízo do disposto neste capítulo, a lei pode atribuir de
modo expresso a responsabilidade pelo crédito tributário a terceira pessoa, vinculada ao
fato gerador da respectiva obrigação, excluindo a responsabilidade do contribuinte ou
atribuindo-a a êste em caráter supletivo do cumprimento total ou parcial da referida
obrigação.

Seção II

Responsabilidade dos Sucessores

[Visualizar Jurisprudencia Consolidada do Artigo n. 129 - Corpus927](http://corpus927.enfam.jus.br/legislacao/ctn-66#art-129 ""Visualizar Jurisprudencia Consolidada do Artigo n. 129 - Corpus927"")Art.
129\. O disposto nesta Seção aplica-se por igual aos créditos tributários
definitivamente constituídos ou em curso de constituição à data dos atos nela
referidos, e aos constituídos posteriormente aos mesmos atos, desde que relativos a
obrigações tributárias surgidas até a referida data.

[Visualizar Jurisprudencia Consolidada do Artigo n. 130 - Corpus927](http://corpus927.enfam.jus.br/legislacao/ctn-66#art-130 ""Visualizar Jurisprudencia Consolidada do Artigo n. 130 - Corpus927"")Art. 130.
Os créditos tributários relativos a impostos cujo fato gerador seja a propriedade, o
domínio útil ou a posse de bens imóveis, e bem assim os relativos a taxas pela
prestação de serviços referentes a tais bens, ou a contribuições de melhoria, sub-rogam-se na pessoa dos respectivos adquirentes, salvo quando conste do título a prova
de sua quitação.

Parágrafo único. No caso de arrematação em hasta pública, a sub-rogação ocorre
sôbre o respectivo preço.

[Visualizar Jurisprudencia Consolidada do Artigo n. 131 - Corpus927](http://corpus927.enfam.jus.br/legislacao/ctn-66#art-131 ""Visualizar Jurisprudencia Consolidada do Artigo n. 131 - Corpus927"")Art.
131\. São pessoalmente responsáveis:

~~I - o adquirente ou remitente, pelos tributos relativos aos bens adquiridos ou
remidos com inobservância do disposto no art. 191;~~

I - o
adquirente ou remitente, pelos tributos relativos aos bens adquiridos ou remidos; [(Redação \\
dada pelo Decreto\\
Lei nº 28, de 1966)](https://www.planalto.gov.br/ccivil_03/Decreto-Lei/1965-1988/Del0028.htm#art4ii)

II - o sucessor a qualquer título e o cônjuge meeiro, pelos tributos devidos pelo de
cujus até a data da partilha ou adjudicação, limitada esta responsabilidade ao montante
do quinhão do legado ou da meação;

III - o
espólio, pelos tributos devidos pelo de cujus até a data da abertura da sucessão.

[Visualizar Jurisprudencia Consolidada do Artigo n. 132 - Corpus927](http://corpus927.enfam.jus.br/legislacao/ctn-66#art-132 ""Visualizar Jurisprudencia Consolidada do Artigo n. 132 - Corpus927"")Art.
132\. A pessoa jurídica de direito privado que resultar de fusão, transformação ou
incorporação de outra ou em outra é responsável pelos tributos devidos até à data do
ato pelas pessoas jurídicas de direito privado fusionadas, transformadas ou incorporadas.

Parágrafo único. O disposto neste artigo aplica-se aos casos de extinção de pessoas
jurídicas de direito privado, quando a exploração da respectiva atividade seja
continuada por qualquer sócio remanescente, ou seu espólio, sob a mesma ou outra razão
social, ou sob firma individual.

[Visualizar Jurisprudencia Consolidada do Artigo n. 133 - Corpus927](http://corpus927.enfam.jus.br/legislacao/ctn-66#art-133 ""Visualizar Jurisprudencia Consolidada do Artigo n. 133 - Corpus927"")Art. 133. A pessoa natural ou jurídica de direito privado que adquirir
de outra, por qualquer título, fundo de comércio ou estabelecimento comercial,
industrial ou profissional, e continuar a respectiva exploração, sob a mesma ou outra
razão social ou sob firma ou nome individual, responde pelos tributos, relativos ao fundo
ou estabelecimento adquirido, devidos até à data do ato:

I -
integralmente, se o alienante cessar a exploração do comércio, indústria ou atividade;

II -
subsidiàriamente com o alienante, se êste prosseguir na exploração ou iniciar dentro de
seis meses a contar da data da alienação, nova atividade no mesmo ou em outro ramo de
comércio, indústria ou profissão.

§ 1o O disposto no **caput** deste
artigo não se aplica na hipótese de alienação judicial:              [(Incluído pela Lcp nº 118, de 2005)](https://www.planalto.gov.br/ccivil_03/leis/LCP/Lcp118.htm#art1)

I – em processo de falência;
[(Incluído pela Lcp nº 118, de 2005)](https://www.planalto.gov.br/ccivil_03/leis/LCP/Lcp118.htm#art1)

II – de filial ou unidade produtiva isolada, em processo de recuperação judicial.          [(Incluído pela Lcp nº 118, de 2005)](https://www.planalto.gov.br/ccivil_03/leis/LCP/Lcp118.htm#art1)

§ 2o Não se aplica o disposto no § 1o deste artigo
quando o adquirente for:
[(Incluído pela Lcp nº 118, de 2005)](https://www.planalto.gov.br/ccivil_03/leis/LCP/Lcp118.htm#art1)

I – sócio da sociedade falida ou em recuperação judicial, ou sociedade controlada
pelo devedor falido ou em recuperação judicial;             [(Incluído pela Lcp nº 118, de 2005)](https://www.planalto.gov.br/ccivil_03/leis/LCP/Lcp118.htm#art1)

II – parente, em linha reta ou colateral até o 4o (quarto) grau,
consangüíneo ou afim, do devedor falido ou em recuperação judicial ou de qualquer de
seus sócios; ou
[(Incluído pela Lcp nº 118, de 2005)](https://www.planalto.gov.br/ccivil_03/leis/LCP/Lcp118.htm#art1)

III – identificado como agente do falido ou do devedor em recuperação judicial com
o objetivo de fraudar a sucessão tributária.         [(Incluído pela Lcp nº 118, de 2005)](https://www.planalto.gov.br/ccivil_03/leis/LCP/Lcp118.htm#art1)

§ 3o Em processo da falência, o produto da alienação judicial de
empresa, filial ou unidade produtiva isolada permanecerá em conta de depósito à
disposição do juízo de falência pelo prazo de 1 (um) ano, contado da data de
alienação, somente podendo ser utilizado para o pagamento de créditos extraconcursais
ou de créditos que preferem ao tributário.
[(Incluído pela Lcp nº 118, de 2005)](https://www.planalto.gov.br/ccivil_03/leis/LCP/Lcp118.htm#art1)

Seção III

Responsabilidade de Terceiros

[Visualizar Jurisprudencia Consolidada do Artigo n. 134 - Corpus927](http://corpus927.enfam.jus.br/legislacao/ctn-66#art-134 ""Visualizar Jurisprudencia Consolidada do Artigo n. 134 - Corpus927"")Art. 134. Nos casos de impossibilidade de exigência do cumprimento da
obrigação principal pelo contribuinte, respondem solidàriamente com êste nos atos em que
intervierem ou pelas omissões de que forem responsáveis:

I - os
pais, pelos tributos devidos por seus filhos menores;

II - os
tutores e curadores, pelos tributos devidos por seus tutelados ou curatelados;

III - os
administradores de bens de terceiros, pelos tributos devidos por êstes;

IV - o
inventariante, pelos tributos devidos pelo espólio;

V - o
síndico e o comissário, pelos tributos devidos pela massa falida ou pelo concordatário;

VI - os
tabeliães, escrivães e demais serventuários de ofício, pelos tributos devidos sôbre os
atos praticados por êles, ou perante êles, em razão do seu ofício;

VII - os
sócios, no caso de liquidação de sociedade de pessoas.

Parágrafo único. O disposto neste artigo só se aplica, em matéria de penalidades, às
de caráter moratório.

[Visualizar Jurisprudencia Consolidada do Artigo n. 135 - Corpus927](http://corpus927.enfam.jus.br/legislacao/ctn-66#art-135 ""Visualizar Jurisprudencia Consolidada do Artigo n. 135 - Corpus927"")Art.
135\. São pessoalmente responsáveis pelos créditos correspondentes a obrigações
tributárias resultantes de atos praticados com excesso de podêres ou infração de lei,
contrato social ou estatutos:

I - as
pessoas referidas no artigo anterior;

II - os
mandatários, prepostos e empregados;

III - os
diretores, gerentes ou representantes de pessoas jurídicas de direito privado.

Seção IV

Responsabilidade por Infrações

[Visualizar Jurisprudencia Consolidada do Artigo n. 136 - Corpus927](http://corpus927.enfam.jus.br/legislacao/ctn-66#art-136 ""Visualizar Jurisprudencia Consolidada do Artigo n. 136 - Corpus927"")Art.
136\. Salvo disposição de lei em contrário, a responsabilidade por infrações da
legislação tributária independe da intenção do agente ou do responsável e da
efetividade, natureza e extensão dos efeitos do ato.

[Visualizar Jurisprudencia Consolidada do Artigo n. 137 - Corpus927](http://corpus927.enfam.jus.br/legislacao/ctn-66#art-137 ""Visualizar Jurisprudencia Consolidada do Artigo n. 137 - Corpus927"")Art. 137.
A responsabilidade é pessoal ao agente:

I -
quanto às infrações conceituadas por lei como crimes ou contravenções, salvo quando
praticadas no exercício regular de administração, mandato, função, cargo ou emprego,
ou no cumprimento de ordem expressa emitida por quem de direito;

II -
quanto às infrações em cuja definição o dolo específico do agente seja elementar;

III -
quanto às infrações que decorram direta e exclusivamente de dolo específico:

a) das
pessoas referidas no artigo 134, contra aquelas por quem respondem;

b) dos
mandatários, prepostos ou empregados, contra seus mandantes, preponentes ou empregadores;

c) dos
diretores, gerentes ou representantes de pessoas jurídicas de direito privado, contra
estas.

[Visualizar Jurisprudencia Consolidada do Artigo n. 138 - Corpus927](http://corpus927.enfam.jus.br/legislacao/ctn-66#art-138 ""Visualizar Jurisprudencia Consolidada do Artigo n. 138 - Corpus927"")Art. 138. A responsabilidade é excluída pela denúncia espontânea da
infração, acompanhada, se fôr o caso, do pagamento do tributo devido e dos juros de
mora, ou do depósito da importância arbitrada pela autoridade administrativa, quando o
montante do tributo dependa de apuração.

Parágrafo único. Não se considera espontânea a denúncia apresentada após o início
de qualquer procedimento administrativo ou medida de fiscalização, relacionados com a
infração.

TÍTULO III

Crédito Tributário

CAPÍTULO I

Disposições Gerais

[Visualizar Jurisprudencia Consolidada do Artigo n. 139 - Corpus927](http://corpus927.enfam.jus.br/legislacao/ctn-66#art-139 ""Visualizar Jurisprudencia Consolidada do Artigo n. 139 - Corpus927"")Art.
139\. O crédito tributário decorre da obrigação principal e tem a mesma natureza desta.

[Visualizar Jurisprudencia Consolidada do Artigo n. 140 - Corpus927](http://corpus927.enfam.jus.br/legislacao/ctn-66#art-140 ""Visualizar Jurisprudencia Consolidada do Artigo n. 140 - Corpus927"")Art. 140.
As circunstâncias que modificam o crédito tributário, sua extensão ou seus efeitos, ou
as garantias ou os privilégios a êle atribuídos, ou que excluem sua exigibilidade não
afetam a obrigação tributária que lhe deu origem.

[Visualizar Jurisprudencia Consolidada do Artigo n. 141 - Corpus927](http://corpus927.enfam.jus.br/legislacao/ctn-66#art-141 ""Visualizar Jurisprudencia Consolidada do Artigo n. 141 - Corpus927"")Art. 141. O crédito tributário
regularmente constituído sòmente se modifica ou extingue, ou tem sua exigibilidade
suspensa ou excluída, nos casos previstos nesta lei, fora dos quais não podem ser
dispensadas, sob pena de responsabilidade funcional na forma da lei, a sua efetivação ou
as respectivas garantias.

CAPÍTULO II

Constituição do Crédito Tributário

Seção I

Lançamento

[Visualizar Jurisprudencia Consolidada do Artigo n. 142 - Corpus927](http://corpus927.enfam.jus.br/legislacao/ctn-66#art-142 ""Visualizar Jurisprudencia Consolidada do Artigo n. 142 - Corpus927"")Art. 142. Compete privativamente à autoridade administrativa constituir o
crédito tributário pelo lançamento, assim entendido o procedimento administrativo
tendente a verificar a ocorrência do fato gerador da obrigação correspondente,
determinar a matéria tributável, calcular o montante do tributo devido, identificar o
sujeito passivo e, sendo caso, propor a aplicação da penalidade cabível.

Parágrafo único. A atividade administrativa de lançamento é vinculada e obrigatória,
sob pena de responsabilidade funcional.

[Visualizar Jurisprudencia Consolidada do Artigo n. 143 - Corpus927](http://corpus927.enfam.jus.br/legislacao/ctn-66#art-143 ""Visualizar Jurisprudencia Consolidada do Artigo n. 143 - Corpus927"")Art.
143\. Salvo disposição de lei em contrário, quando o valor tributário esteja expresso
em moeda estrangeira, no lançamento far-se-á sua conversão em moeda nacional ao câmbio
do dia da ocorrência do fato gerador da obrigação.

[Visualizar Jurisprudencia Consolidada do Artigo n. 144 - Corpus927](http://corpus927.enfam.jus.br/legislacao/ctn-66#art-144 ""Visualizar Jurisprudencia Consolidada do Artigo n. 144 - Corpus927"")Art.
144\. O lançamento reporta-se à data da ocorrência do fato gerador da obrigação e
rege-se pela lei então vigente, ainda que posteriormente modificada ou revogada.

§ 1º
Aplica-se ao lançamento a legislação que, posteriormente à ocorrência do fato gerador
da obrigação, tenha instituído novos critérios de apuração ou processos de
fiscalização, ampliado os podêres de investigação das autoridades administrativas, ou
outorgado ao crédito maiores garantias ou privilégios, exceto, neste último caso, para
o efeito de atribuir responsabilidade tributária a terceiros.

§ 2º O
disposto neste artigo não se aplica aos impostos lançados por períodos certos de tempo,
desde que a respectiva lei fixe expressamente a data em que o fato gerador se considera
ocorrido.

[Visualizar Jurisprudencia Consolidada do Artigo n. 145 - Corpus927](http://corpus927.enfam.jus.br/legislacao/ctn-66#art-145 ""Visualizar Jurisprudencia Consolidada do Artigo n. 145 - Corpus927"") Art.
145\. O lançamento regularmente notificado ao sujeito passivo só pode ser alterado em
virtude de:

I -
impugnação do sujeito passivo;

II -
recurso de ofício;

III -
iniciativa de ofício da autoridade administrativa, nos casos previstos no artigo 149.

[Visualizar Jurisprudencia Consolidada do Artigo n. 146 - Corpus927](http://corpus927.enfam.jus.br/legislacao/ctn-66#art-146 ""Visualizar Jurisprudencia Consolidada do Artigo n. 146 - Corpus927"") Art.
146\. A modificação introduzida, de ofício ou em conseqüência de decisão
administrativa ou judicial, nos critérios jurídicos adotados pela autoridade
administrativa no exercício do lançamento sòmente pode ser efetivada, em relação a um
mesmo sujeito passivo, quanto a fato gerador ocorrido posteriormente à sua introdução.

Seção II

Modalidades de Lançamento

[Visualizar Jurisprudencia Consolidada do Artigo n. 147 - Corpus927](http://corpus927.enfam.jus.br/legislacao/ctn-66#art-147 ""Visualizar Jurisprudencia Consolidada do Artigo n. 147 - Corpus927"")Art.
147\. O lançamento é efetuado com base na declaração do sujeito passivo ou de terceiro,
quando um ou outro, na forma da legislação tributária, presta à autoridade
administrativa informações sôbre matéria de fato, indispensáveis à sua efetivação.

§ 1º A
retificação da declaração por iniciativa do próprio declarante, quando vise a reduzir
ou a excluir tributo, só é admissível mediante comprovação do êrro em que se funde, e
antes de notificado o lançamento.

§ 2º Os
erros contidos na declaração e apuráveis pelo seu exame serão retificados de ofício
pela autoridade administrativa a que competir a revisão daquela.

[Visualizar Jurisprudencia Consolidada do Artigo n. 148 - Corpus927](http://corpus927.enfam.jus.br/legislacao/ctn-66#art-148 ""Visualizar Jurisprudencia Consolidada do Artigo n. 148 - Corpus927"")Art.
148\. Quando o cálculo do tributo tenha por base, ou tome em consideração, o valor ou o
preço de bens, direitos, serviços ou atos jurídicos, a autoridade lançadora, mediante
processo regular, arbitrará aquele valor ou preço, sempre que sejam omissos ou não
mereçam fé as declarações ou os esclarecimentos prestados, ou os documentos expedidos
pelo sujeito passivo ou pelo terceiro legalmente obrigado, ressalvada, em caso de
contestação, avaliação contraditória, administrativa ou judicial.

[Visualizar Jurisprudencia Consolidada do Artigo n. 149 - Corpus927](http://corpus927.enfam.jus.br/legislacao/ctn-66#art-149 ""Visualizar Jurisprudencia Consolidada do Artigo n. 149 - Corpus927"")Art. 149. O lançamento é efetuado e revisto de ofício pela autoridade
administrativa nos seguintes casos:

I -
quando a lei assim o determine;

II -
quando a declaração não seja prestada, por quem de direito, no prazo e na forma da
legislação tributária;

III - quando a pessoa legalmente obrigada, embora tenha prestado declaração
nos têrmos do inciso anterior, deixe de atender, no prazo e na forma da legislação
tributária, a pedido de esclarecimento formulado pela autoridade administrativa,
recuse-se a prestá-lo ou não o preste satisfatòriamente, a juízo daquela autoridade;

IV -
quando se comprove falsidade, êrro ou omissão quanto a qualquer elemento definido na
legislação tributária como sendo de declaração obrigatória;

V - quando se comprove omissão ou inexatidão, por parte da pessoa
legalmente obrigada, no exercício da atividade a que se refere o artigo seguinte;

VI -
quando se comprove ação ou omissão do sujeito passivo, ou de terceiro legalmente
obrigado, que dê lugar à aplicação de penalidade pecuniária;

VII -
quando se comprove que o sujeito passivo, ou terceiro em benefício daquele, agiu com
dolo, fraude ou simulação;

VIII -
quando deva ser apreciado fato não conhecido ou não provado por ocasião do lançamento
anterior;

IX -
quando se comprove que, no lançamento anterior, ocorreu fraude ou falta funcional da
autoridade que o efetuou, ou omissão, pela mesma autoridade, de ato ou formalidade
essencial.

Parágrafo único. A revisão do lançamento só pode ser iniciada enquanto não extinto o
direito da Fazenda Pública.

[Visualizar Jurisprudencia Consolidada do Artigo n. 150 - Corpus927](http://corpus927.enfam.jus.br/legislacao/ctn-66#art-150 ""Visualizar Jurisprudencia Consolidada do Artigo n. 150 - Corpus927"")Art. 150. O lançamento por homologação, que ocorre quanto aos tributos
cuja legislação atribua ao sujeito passivo o dever de antecipar o pagamento sem prévio
exame da autoridade administrativa, opera-se pelo ato em que a referida autoridade,
tomando conhecimento da atividade assim exercida pelo obrigado, expressamente a homologa.

§ 1º O pagamento antecipado pelo obrigado nos têrmos dêste artigo extingue
o crédito, sob condição resolutória da ulterior homologação do lançamento.

§ 2º Não influem sôbre a obrigação tributária quaisquer atos anteriores
à homologação, praticados pelo sujeito passivo ou por terceiro, visando à extinção
total ou parcial do crédito.

§ 3º Os atos a que se refere o parágrafo anterior serão, porém,
considerados na apuração do saldo porventura devido e, sendo o caso, na imposição de
penalidade, ou sua graduação.

§ 4º Se a lei não fixar prazo a homologação, será êle de cinco anos, a
contar da ocorrência do fato gerador; expirado êsse prazo sem que a Fazenda Pública se
tenha pronunciado, considera-se homologado o lançamento e definitivamente extinto o
crédito, salvo se comprovada a ocorrência de dolo, fraude ou simulação.

CAPÍTULO III

Suspensão do Crédito Tributário

Seção I

Disposições Gerais

**[Visualizar Jurisprudencia Consolidada do Artigo n. 151 - Corpus927](http://corpus927.enfam.jus.br/legislacao/ctn-66#art-151 ""Visualizar Jurisprudencia Consolidada do Artigo n. 151 - Corpus927"")** Art. 151. Suspendem a exigibilidade do crédito tributário:

I -
moratória;

II - o depósito do seu montante integral;

III - as reclamações e os recursos, nos têrmos das leis reguladoras do
processo tributário administrativo;

IV - a concessão de medida liminar em mandado de segurança.

V – a concessão de medida liminar ou de tutela antecipada, em
outras espécies de ação judicial;           [(Incluído pela Lcp nº 104, de 2001)](https://www.planalto.gov.br/ccivil_03/leis/LCP/Lcp104.htm)

VI – o parcelamento.[(Incluído\\
pela Lcp nº 104, de 2001)](https://www.planalto.gov.br/ccivil_03/leis/LCP/Lcp104.htm)

Parágrafo único. O disposto neste artigo não dispensa o cumprimento das obrigações
assessórios dependentes da obrigação principal cujo crédito seja suspenso, ou dela
conseqüentes.

Seção II

Moratória

[Visualizar Jurisprudencia Consolidada do Artigo n. 152 - Corpus927](http://corpus927.enfam.jus.br/legislacao/ctn-66#art-152 ""Visualizar Jurisprudencia Consolidada do Artigo n. 152 - Corpus927"")Art.
152\. A moratória somente pode ser concedida:

I - em
caráter geral:

a) pela
pessoa jurídica de direito público competente para instituir o tributo a que se refira;

b) pela
União, quanto a tributos de competência dos Estados, do Distrito Federal ou dos
Municípios, quando simultâneamente concedida quanto aos tributos de competência federal
e às obrigações de direito privado;

II - em
caráter individual, por despacho da autoridade administrativa, desde que autorizada por
lei nas condições do inciso anterior.

Parágrafo único. A lei concessiva de moratória pode circunscrever expressamente a sua
aplicabilidade à determinada região do território da pessoa jurídica de direito
público que a expedir, ou a determinada classe ou categoria de sujeitos passivos.

[Visualizar Jurisprudencia Consolidada do Artigo n. 153 - Corpus927](http://corpus927.enfam.jus.br/legislacao/ctn-66#art-153 ""Visualizar Jurisprudencia Consolidada do Artigo n. 153 - Corpus927"")Art.
153\. A lei que conceda moratória em caráter geral ou autorize sua concessão em caráter
individual especificará, sem prejuízo de outros requisitos:

I - o
prazo de duração do favor;

II - as
condições da concessão do favor em caráter individual;

III -
sendo caso:

a) os
tributos a que se aplica;

b) o
número de prestações e seus vencimentos, dentro do prazo a que se refere o inciso I,
podendo atribuir a fixação de uns e de outros à autoridade administrativa, para cada
caso de concessão em caráter individual;

c) as
garantias que devem ser fornecidas pelo beneficiado no caso de concessão em caráter
individual.

[Visualizar Jurisprudencia Consolidada do Artigo n. 154 - Corpus927](http://corpus927.enfam.jus.br/legislacao/ctn-66#art-154 ""Visualizar Jurisprudencia Consolidada do Artigo n. 154 - Corpus927"")Art.
154\. Salvo disposição de lei em contrária, a moratória sòmente abrange os créditos
definitivamente constituídos à data da lei ou do despacho que a conceder, ou cujo
lançamento já tenha sido iniciado àquela data por ato regularmente notificado ao
sujeito passivo.

Parágrafo único. A moratória não aproveita aos casos de dolo, fraude ou simulação do
sujeito passivo ou do terceiro em benefício daquele.

[Visualizar Jurisprudencia Consolidada do Artigo n. 155 - Corpus927](http://corpus927.enfam.jus.br/legislacao/ctn-66#art-155 ""Visualizar Jurisprudencia Consolidada do Artigo n. 155 - Corpus927"")Art.
155\. A concessão da moratória em caráter individual não gera direito adquirido e será
revogado de ofício, sempre que se apure que o beneficiado não satisfazia ou deixou de
satisfazer as condições ou não cumprira ou deixou de cumprir os requisitos para a
concessão do favor, cobrando-se o crédito acrescido de juros de mora:

I - com
imposição da penalidade cabível, nos casos de dolo ou simulação do beneficiado, ou de
terceiro em benefício daquele;

II - sem
imposição de penalidade, nos demais casos.

Parágrafo único. No caso do inciso I dêste artigo, o tempo decorrido entre a concessão
da moratória e sua revogação não se computa para efeito da prescrição do direito à
cobrança do crédito; no caso do inciso II dêste artigo, a revogação só pode ocorrer
antes de prescrito o referido direito.

[Visualizar Jurisprudencia Consolidada do Artigo n. 155 - Corpus927](http://corpus927.enfam.jus.br/legislacao/ctn-66#art-155 ""Visualizar Jurisprudencia Consolidada do Artigo n. 155 - Corpus927"")Art. 155-A. O parcelamento será concedido na forma e condição
estabelecidas em lei específica.            [(Incluído pela Lcp nº 104, de\\
2001)](https://www.planalto.gov.br/ccivil_03/leis/LCP/Lcp104.htm)

§ 1o Salvo disposição de lei em
contrário, o parcelamento do crédito tributário não exclui a incidência de juros e
multas.[(Incluído pela Lcp nº 104, de 2001)](https://www.planalto.gov.br/ccivil_03/leis/LCP/Lcp104.htm)

§ 2o Aplicam-se, subsidiariamente,
ao parcelamento as disposições desta Lei, relativas à moratória. [(Incluído pela Lcp nº 104, de 2001)](https://www.planalto.gov.br/ccivil_03/leis/LCP/Lcp104.htm)

§ 3o Lei específica disporá sobre as
condições de parcelamento dos créditos tributários do devedor em recuperação
judicial.            [(Incluído pela Lcp nº 118, de 2005)](https://www.planalto.gov.br/ccivil_03/leis/LCP/Lcp118.htm#art1)

§ 4o A inexistência da lei específica a que se refere o § 3o
deste artigo importa na aplicação das leis gerais de parcelamento do ente da Federação
ao devedor em recuperação judicial, não podendo, neste caso, ser o prazo de
parcelamento inferior ao concedido pela lei federal específica.              [(Incluído pela Lcp nº 118, de 2005)](https://www.planalto.gov.br/ccivil_03/leis/LCP/Lcp118.htm#art1)

CAPÍTULO IV

Extinção do Crédito Tributário

Seção I

Modalidades de Extinção

[Visualizar Jurisprudencia Consolidada do Artigo n. 156 - Corpus927](http://corpus927.enfam.jus.br/legislacao/ctn-66#art-156 ""Visualizar Jurisprudencia Consolidada do Artigo n. 156 - Corpus927"")Art.
156\. Extinguem o crédito tributário:

I - o
pagamento;

II - a
compensação;

III - a
transação;

IV -
remissão;

V - a
prescrição e a decadência;

VI - a
conversão de depósito em renda;

VII - o
pagamento antecipado e a homologação do lançamento nos termos do disposto no artigo 150
e seus §§ 1º e 4º;

VIII - a
consignação em pagamento, nos termos do disposto no § 2º do artigo 164;

IX - a
decisão administrativa irreformável, assim entendida a definitiva na órbita
administrativa, que não mais possa ser objeto de ação anulatória;

X - a
decisão judicial passada em julgado.

XI – a dação em pagamento em bens imóveis, na forma e
condições estabelecidas em lei.              [(Incluído pela Lcp nº 104, de 10.1.2001)](https://www.planalto.gov.br/ccivil_03/leis/LCP/Lcp104.htm)[(Vide Lei \\
nº 13.259, de 2016)](https://www.planalto.gov.br/ccivil_03/_Ato2015-2018/2016/Lei/L13259.htm#art4)

Parágrafo único. A lei disporá quanto aos efeitos da extinção total ou parcial do
crédito sôbre a ulterior verificação da irregularidade da sua constituição, observado
o disposto nos artigos 144 e 149.

**Seção II**

**Pagamento**

[Visualizar Jurisprudencia Consolidada do Artigo n. 157 - Corpus927](http://corpus927.enfam.jus.br/legislacao/ctn-66#art-157 ""Visualizar Jurisprudencia Consolidada do Artigo n. 157 - Corpus927"") Art.
157\. A imposição de penalidade não ilide o pagamento integral do crédito tributário.

[Visualizar Jurisprudencia Consolidada do Artigo n. 158 - Corpus927](http://corpus927.enfam.jus.br/legislacao/ctn-66#art-158 ""Visualizar Jurisprudencia Consolidada do Artigo n. 158 - Corpus927"") Art. 158.
O pagamento de um crédito não importa em presunção de pagamento:

I -
quando parcial, das prestações em que se decomponha;

II -
quando total, de outros créditos referentes ao mesmo ou a outros tributos.

[Visualizar Jurisprudencia Consolidada do Artigo n. 159 - Corpus927](http://corpus927.enfam.jus.br/legislacao/ctn-66#art-159 ""Visualizar Jurisprudencia Consolidada do Artigo n. 159 - Corpus927"") Art.
159\. Quando a legislação tributária não dispuser a respeito, o pagamento é efetuado
na repartição competente do domicílio do sujeito passivo.

[Visualizar Jurisprudencia Consolidada do Artigo n. 160 - Corpus927](http://corpus927.enfam.jus.br/legislacao/ctn-66#art-160 ""Visualizar Jurisprudencia Consolidada do Artigo n. 160 - Corpus927"") Art. 160.
Quando a legislação tributária não fixar o tempo do pagamento, o vencimento do
crédito ocorre trinta dias depois da data em que se considera o sujeito passivo
notificado do lançamento.

Parágrafo único. A legislação tributária pode conceder desconto pela antecipação do
pagamento, nas condições que estabeleça.

[Visualizar Jurisprudencia Consolidada do Artigo n. 161 - Corpus927](http://corpus927.enfam.jus.br/legislacao/ctn-66#art-161 ""Visualizar Jurisprudencia Consolidada do Artigo n. 161 - Corpus927"")Art. 161.
O crédito não integralmente pago no vencimento é acrescido de juros de mora, seja qual
fôr o motivo determinante da falta, sem prejuízo da imposição das penalidades cabíveis
e da aplicação de quaisquer medidas de garantia previstas nesta Lei ou em lei
tributária.

§ 1º Se a lei não dispuser de modo diverso, os juros de mora são
calculados à taxa de um por cento ao mês.

§ 2º O
disposto neste artigo não se aplica na pendência de consulta formulada pelo devedor
dentro do prazo legal para pagamento do crédito.

[Visualizar Jurisprudencia Consolidada do Artigo n. 162 - Corpus927](http://corpus927.enfam.jus.br/legislacao/ctn-66#art-162 ""Visualizar Jurisprudencia Consolidada do Artigo n. 162 - Corpus927"") Art.
162\. O pagamento é efetuado:

I - em
moeda corrente, cheque ou vale postal;

II - nos
casos previstos em lei, em estampilha, em papel selado, ou por processo mecânico.

§ 1º A
legislação tributária pode determinar as garantias exigidas para o pagamento por cheque
ou vale postal, desde que não o torne impossível ou mais oneroso que o pagamento em
moeda corrente.

§ 2º O
crédito pago por cheque sòmente se considera extinto com o resgate dêste pelo sacado.

§ 3º O
crédito pagável em estampilha considera-se extinto com a inutilização regular daquela,
ressalvado o disposto no art. 150.

§ 4º A
perda ou destruição da estampilha, ou o êrro no pagamento por esta modalidade, não dão
direito a restituição, salvo nos casos expressamente previstos na legislação
tributária, ou naquelas em que o êrro seja imputável à autoridade administrativa.

§ 5º O
pagamento em papel selado ou por processo mecânico equipara-se ao pagamento em
estampilha.

[Visualizar Jurisprudencia Consolidada do Artigo n. 163 - Corpus927](http://corpus927.enfam.jus.br/legislacao/ctn-66#art-163 ""Visualizar Jurisprudencia Consolidada do Artigo n. 163 - Corpus927"")Art.
163\. Existindo simultaneamente dois ou mais débitos vencidos do mesmo sujeito passivo
para com a mesma pessoa jurídica de direito público, relativos ao mesmo ou a diferentes
tributos ou provenientes de penalidade pecuniária ou juros de mora, a autoridade
administrativa competente para receber o pagamento determinará a respectiva imputação,
obedecidas as seguintes regras, na ordem em que enumeradas:

I - em
primeiro lugar, aos débitos por obrigação própria, e em segundo lugar aos decorrentes
de responsabilidade tributária;

II -
primeiramente, às contribuições de melhoria, depois às taxas e por fim aos impostos;

III - na
ordem crescente dos prazos de prescrição;

IV - na
ordem decrescente dos montantes.

[Visualizar Jurisprudencia Consolidada do Artigo n. 164 - Corpus927](http://corpus927.enfam.jus.br/legislacao/ctn-66#art-164 ""Visualizar Jurisprudencia Consolidada do Artigo n. 164 - Corpus927"")Art.
164\. A importância de crédito tributário pode ser consignada judicialmente pelo sujeito
passivo, nos casos:

I - de
recusa de recebimento, ou subordinação dêste ao pagamento de outro tributo ou de
penalidade, ou ao cumprimento de obrigação acessória;

II - de
subordinação do recebimento ao cumprimento de exigências administrativas sem fundamento
legal;

III - de
exigência, por mais de uma pessoa jurídica de direito público, de tributo idêntico
sôbre um mesmo fato gerador.

§ 1º A
consignação só pode versar sobre o crédito que o consignante se propõe pagar.

§ 2º
Julgada procedente a consignação, o pagamento se reputa efetuado e a importância
consignada é convertida em renda; julgada improcedente a consignação no todo ou em
parte, cobra-se o crédito acrescido de juros de mora, sem prejuízo das penalidades
cabíveis.

Seção III

Pagamento Indevido

[Visualizar Jurisprudencia Consolidada do Artigo n. 165 - Corpus927](http://corpus927.enfam.jus.br/legislacao/ctn-66#art-165 ""Visualizar Jurisprudencia Consolidada do Artigo n. 165 - Corpus927"")Art. 165. O sujeito passivo tem direito, independentemente de prévio
protesto, à restituição total ou parcial do tributo, seja qual fôr a modalidade do seu
pagamento, ressalvado o disposto no § 4º do art. 162, nos seguintes casos:

I -
cobrança ou pagamento espontâneo de tributo indevido ou maior que o devido em face da
legislação tributária aplicável, ou da natureza ou circunstâncias materiais do fato
gerador efetivamente ocorrido;

II - êrro
na edificação do sujeito passivo, na determinação da alíquota aplicável, no cálculo
do montante do débito ou na elaboração ou conferência de qualquer documento relativo
ao pagamento;

III -
reforma, anulação, revogação ou rescisão de decisão condenatória.

[Visualizar Jurisprudencia Consolidada do Artigo n. 166 - Corpus927](http://corpus927.enfam.jus.br/legislacao/ctn-66#art-166 ""Visualizar Jurisprudencia Consolidada do Artigo n. 166 - Corpus927"")Art. 166. A restituição de tributos que comportem, por sua natureza,
transferência do respectivo encargo financeiro sòmente será feita a quem prove haver
assumido o referido encargo, ou, no caso de tê-lo transferido a terceiro, estar por
êste
expressamente autorizado a recebê-la.

[Visualizar Jurisprudencia Consolidada do Artigo n. 167 - Corpus927](http://corpus927.enfam.jus.br/legislacao/ctn-66#art-167 ""Visualizar Jurisprudencia Consolidada do Artigo n. 167 - Corpus927"")Art. 167.
A restituição total ou parcial do tributo dá lugar à restituição, na mesma
proporção, dos juros de mora e das penalidades pecuniárias, salvo as referentes a
infrações de caráter formal não prejudicadas pela causa da restituição.

Parágrafo único. A restituição vence juros não capitalizáveis, a partir do trânsito
em julgado da decisão definitiva que a determinar.

[Visualizar Jurisprudencia Consolidada do Artigo n. 168 - Corpus927](http://corpus927.enfam.jus.br/legislacao/ctn-66#art-168 ""Visualizar Jurisprudencia Consolidada do Artigo n. 168 - Corpus927"")Art. 168. O direito de pleitear a restituição extingue-se com o decurso do
prazo de 5 (cinco) anos, contados:

I - nas hipótese dos incisos I e II do art. 165, da data da
extinção do crédito tributário; [(Vide art 3 da LCp nº 118, de 2005)](https://www.planalto.gov.br/ccivil_03/leis/LCP/Lcp118.htm#art3)

II - na
hipótese do inciso III do art. 165, da data em que se tornar definitiva a decisão
administrativa ou passar em julgado a decisão judicial que tenha reformado, anulado,
revogado ou rescindido a decisão condenatória.

[Visualizar Jurisprudencia Consolidada do Artigo n. 169 - Corpus927](http://corpus927.enfam.jus.br/legislacao/ctn-66#art-169 ""Visualizar Jurisprudencia Consolidada do Artigo n. 169 - Corpus927"")Art.
169\. Prescreve em dois anos a ação anulatória da decisão administrativa que denegar a
restituição.

Parágrafo único. O prazo de prescrição é interrompido pelo início da ação
judicial, recomeçando o seu curso, por metade, a partir da data da intimação
validamente feita ao representante judicial da Fazenda Pública interessada.

Seção IV

Demais Modalidades de Extinção

[Visualizar Jurisprudencia Consolidada do Artigo n. 170 - Corpus927](http://corpus927.enfam.jus.br/legislacao/ctn-66#art-170 ""Visualizar Jurisprudencia Consolidada do Artigo n. 170 - Corpus927"")Art.
170\. A lei pode, nas condições e sob as garantias que estipular, ou cuja estipulação
em cada caso atribuir à autoridade administrativa, autorizar a compensação de créditos
tributários com créditos líquidos e certos, vencidos ou vincendos, do sujeito passivo
contra a Fazenda Pública.
[(Vide Decreto nº 7.212, \\
de 2010)](https://www.planalto.gov.br/ccivil_03/_Ato2007-2010/2010/Decreto/D7212.htm#art268)

Parágrafo único. Sendo vincendo o crédito do sujeito passivo, a lei determinará, para
os efeitos dêste artigo, a apuração do seu montante, não podendo, porém, cominar
redução maior que a correspondente ao juro de 1% (um por cento) ao mês pelo tempo a
decorrer entre a data da compensação e a do vencimento.

[Visualizar Jurisprudencia Consolidada do Artigo n. 170 - Corpus927](http://corpus927.enfam.jus.br/legislacao/ctn-66#art-170 ""Visualizar Jurisprudencia Consolidada do Artigo n. 170 - Corpus927"")Art. 170-A. É vedada a compensação mediante o aproveitamento de
tributo, objeto de contestação judicial pelo sujeito passivo, antes do trânsito em
julgado da respectiva decisão judicial.                [(Incluído\\
pela Lcp nº 104, de 2001)](https://www.planalto.gov.br/ccivil_03/leis/LCP/Lcp104.htm)

[Visualizar Jurisprudencia Consolidada do Artigo n. 171 - Corpus927](http://corpus927.enfam.jus.br/legislacao/ctn-66#art-171 ""Visualizar Jurisprudencia Consolidada do Artigo n. 171 - Corpus927"")Art. 171. A lei pode facultar, nas condições que estabeleça, aos sujeitos ativo e
passivo da obrigação tributária celebrar transação que, mediante concessões mútuas,
importe em determinação de litígio e conseqüente extinção de crédito tributário.

Parágrafo único. A lei indicará a autoridade competente para autorizar a transação em
cada caso.

[Visualizar Jurisprudencia Consolidada do Artigo n. 172 - Corpus927](http://corpus927.enfam.jus.br/legislacao/ctn-66#art-172 ""Visualizar Jurisprudencia Consolidada do Artigo n. 172 - Corpus927"")Art. 172. A lei pode autorizar a autoridade administrativa a conceder, por
despacho fundamentado, remissão total ou parcial do crédito tributário, atendendo:

I - à
situação econômica do sujeito passivo;

II - ao
êrro ou ignorância excusáveis do sujeito passivo, quanto a matéria de fato;

III - à
diminuta importância do crédito tributário;

IV - a
considerações de eqüidade, em relação com as características pessoais ou materiais
do caso;

V - a
condições peculiares a determinada região do território da entidade tributante.

Parágrafo único. O despacho referido neste artigo não gera direito adquirido,
aplicando-se, quando cabível, o disposto no artigo 155.

[Visualizar Jurisprudencia Consolidada do Artigo n. 173 - Corpus927](http://corpus927.enfam.jus.br/legislacao/ctn-66#art-173 ""Visualizar Jurisprudencia Consolidada do Artigo n. 173 - Corpus927"")Art. 173. O direito de a Fazenda Pública constituir o crédito tributário
extingue-se após 5 (cinco) anos, contados:

I - do
primeiro dia do exercício seguinte àquele em que o lançamento poderia ter sido
efetuado;

II - da
data em que se tornar definitiva a decisão que houver anulado, por vício formal, o
lançamento anteriormente efetuado.

Parágrafo único. O direito a que se refere êste artigo extingue-se
definitivamente com o decurso do prazo nêle previsto, contado da data em que tenha sido
iniciada a constituição do crédito tributário pela notificação, ao sujeito passivo,
de qualquer medida preparatória indispensável ao lançamento.

[Visualizar Jurisprudencia Consolidada do Artigo n. 174 - Corpus927](http://corpus927.enfam.jus.br/legislacao/ctn-66#art-174 ""Visualizar Jurisprudencia Consolidada do Artigo n. 174 - Corpus927"")Art. 174. A ação para a cobrança do crédito tributário prescreve em
cinco anos, contados da data da sua constituição definitiva.

Parágrafo único. A prescrição se interrompe:

~~I - pela citação pessoal feita ao devedor;~~

I – pelo despacho do juiz que ordenar a citação em execução fiscal;
[(Redação dada pela Lcp nº 118, de 2005)](https://www.planalto.gov.br/ccivil_03/leis/LCP/Lcp118.htm#art1)

~~II - pelo
protesto judicial;~~

II - pelo protesto judicial ou extrajudicial;
[(Redação dada pela Lei Complementar nº 208, de \\
2024)](https://www.planalto.gov.br/ccivil_03/leis/LCP/Lcp208.htm#art1)

III - por
qualquer ato judicial que constitua em mora o devedor;

IV - por
qualquer ato inequívoco ainda que extrajudicial, que importe em reconhecimento do débito
pelo devedor.

CAPÍTULO V

Exclusão de Crédito Tributário

Seção I

Disposições Gerais

[Visualizar Jurisprudencia Consolidada do Artigo n. 175 - Corpus927](http://corpus927.enfam.jus.br/legislacao/ctn-66#art-175 ""Visualizar Jurisprudencia Consolidada do Artigo n. 175 - Corpus927"")Art.
175\. Excluem o crédito tributário:

I - a
isenção;

II - a
anistia.

Parágrafo único. a exclusão do crédito tributário não dispensa o cumprimento das
obrigações acessórias dependentes da obrigação principal cujo crédito seja
excluído, ou dela conseqüentes.

Seção II

Isenção

[Visualizar Jurisprudencia Consolidada do Artigo n. 176 - Corpus927](http://corpus927.enfam.jus.br/legislacao/ctn-66#art-176 ""Visualizar Jurisprudencia Consolidada do Artigo n. 176 - Corpus927"")Art.
176\. A isenção, ainda quando prevista em contrato, é sempre decorrente de lei que
especifique as condições e requisitos exigidos para a sua concessão, os tributos a que
se aplica e, sendo caso, o prazo de sua duração.

Parágrafo único. a isenção pode ser restrita a determinada região do território da
entidade tributante, em função de condições a ela peculiares.

[Visualizar Jurisprudencia Consolidada do Artigo n. 177 - Corpus927](http://corpus927.enfam.jus.br/legislacao/ctn-66#art-177 ""Visualizar Jurisprudencia Consolidada do Artigo n. 177 - Corpus927"")Art.
177\. Salvo disposição de lei em contrário, a isenção não é extensiva:

I - às
taxas e às contribuições de melhoria;

II - aos
tributos instituídos posteriormente à sua concessão.

~~Art. 178. A isenção, salvo se concedida por prazo certo ou em função de
determinadas condições, pode ser revogada ou modificada por lei a qualquer tempo,
observado o disposto no inciso III do art. 104.~~

[Visualizar Jurisprudencia Consolidada do Artigo n. 178 - Corpus927](http://corpus927.enfam.jus.br/legislacao/ctn-66#art-178 ""Visualizar Jurisprudencia Consolidada do Artigo n. 178 - Corpus927"")Art.
178 - A isenção, salvo se concedida por prazo certo e em função de determinadas
condições, pode ser revogada ou modificada por lei, a qualquer tempo, observado o
disposto no inciso III do art. 104.                 [(Redação dada pela Lei\\
Complementar nº 24, de 1975)](https://www.planalto.gov.br/ccivil_03/leis/LCP/Lcp24.htm#art13)

[Visualizar Jurisprudencia Consolidada do Artigo n. 179 - Corpus927](http://corpus927.enfam.jus.br/legislacao/ctn-66#art-179 ""Visualizar Jurisprudencia Consolidada do Artigo n. 179 - Corpus927"")Art. 179.
A isenção, quando não concedida em caráter geral, é efetivada, em cada caso, por
despacho da autoridade administrativa, em requerimento com o qual o interessado faça
prova do preenchimento das condições e do cumprimento dos requisitos previstos em lei ou
contrato para sua concessão.

§ 1º
Tratando-se de tributo lançado por período certo de tempo, o despacho referido neste
artigo será renovado antes da expiração de cada período, cessando automàticamente os
seus efeitos a partir do primeiro dia do período para o qual o interessado deixar de
promover a continuidade do reconhecimento da isenção.

§ 2º O
despacho referido neste artigo não gera direito adquirido, aplicando-se, quando cabível,
o disposto no art. 155.

Seção III

Anistia

[Visualizar Jurisprudencia Consolidada do Artigo n. 180 - Corpus927](http://corpus927.enfam.jus.br/legislacao/ctn-66#art-180 ""Visualizar Jurisprudencia Consolidada do Artigo n. 180 - Corpus927"")Art.
180\. A anistia abrange exclusivamente as infrações cometidas anteriormente à vigência
da lei que a concede, não se aplicando:

I - aos
atos qualificados em lei como crimes ou contravenções e aos que, mesmo sem essa
qualificação, sejam praticados com dolo, fraude ou simulação pelo sujeito passivo ou
por terceiro em benefício daquele;

II -
salvo disposição em contrário, às infrações resultantes de conluio entre duas ou
mais pessoas naturais ou jurídicas.

[Visualizar Jurisprudencia Consolidada do Artigo n. 181 - Corpus927](http://corpus927.enfam.jus.br/legislacao/ctn-66#art-181 ""Visualizar Jurisprudencia Consolidada do Artigo n. 181 - Corpus927"") Art.
181\. A anistia pode ser concedida:

I - em
caráter geral;

II -
limitadamente:

a) às
infrações da legislação relativa a determinado tributo;

b) às
infrações punidas com penalidades pecuniárias até determinado montante, conjugadas ou
não com penalidades de outra natureza;

c) a
determinada região do território da entidade tributante, em função de condições a
ela peculiares;

d) sob
condição do pagamento de tributo no prazo fixado pela lei que a conceder, ou cuja
fixação seja atribuída pela mesma lei à autoridade administrativa.

[Visualizar Jurisprudencia Consolidada do Artigo n. 182 - Corpus927](http://corpus927.enfam.jus.br/legislacao/ctn-66#art-182 ""Visualizar Jurisprudencia Consolidada do Artigo n. 182 - Corpus927"")Art.
182\. A anistia, quando não concedida em caráter geral, é efetivada, em cada caso, por
despacho da autoridade administrativa, em requerimento com o qual o interessado faça
prova do preenchimento das condições e do cumprimento dos requisitos previstos em lei
para sua concessão.

Parágrafo único. O despacho referido neste artigo não gera direito adquirido,
aplicando-se, quando cabível, o disposto no art. 155.

CAPÍTULO VI

Garantias e Privilégios do Crédito Tributário

Seção I

Disposições Gerais

[Visualizar Jurisprudencia Consolidada do Artigo n. 183 - Corpus927](http://corpus927.enfam.jus.br/legislacao/ctn-66#art-183 ""Visualizar Jurisprudencia Consolidada do Artigo n. 183 - Corpus927"")Art.
183\. A enumeração das garantias atribuídas neste Capítulo ao crédito tributário não
exclui outras que sejam expressamente previstas em lei, em função da natureza ou das
características do tributo a que se refiram.

Parágrafo único. A natureza das garantias atribuídas ao crédito tributário não
altera a natureza dêste nem a da obrigação tributária a que corresponda.

[Visualizar Jurisprudencia Consolidada do Artigo n. 184 - Corpus927](http://corpus927.enfam.jus.br/legislacao/ctn-66#art-184 ""Visualizar Jurisprudencia Consolidada do Artigo n. 184 - Corpus927"")Art.
184\. Sem prejuízo dos privilégios especiais sôbre determinados bens, que sejam previstos
em lei, responde pelo pagamento do crédito tributário a totalidade dos bens e das
rendas, de qualquer origem ou natureza, do sujeito passivo, seu espólio ou sua massa
falida, inclusive os gravados por ônus real ou cláusula de inalienabilidade ou
impenhorabilidade, seja qual for a data da constituição do ônus ou da cláusula,
excetuados unicamente os bens e rendas que a lei declare absolutamente impenhoráveis.

~~Art. 185. Presume-se fraudulenta a alienação ou oneração de
bens ou rendas, ou seu começo, por sujeito passivo em débito para com a Fazenda Pública
por crédito tributário regularmente inscrito como dívida ativa em fase de execução.~~

[Visualizar Jurisprudencia Consolidada do Artigo n. 185 - Corpus927](http://corpus927.enfam.jus.br/legislacao/ctn-66#art-185 ""Visualizar Jurisprudencia Consolidada do Artigo n. 185 - Corpus927"")Art. 185. Presume-se fraudulenta a alienação ou oneração de bens
ou rendas, ou seu comêço, por sujeito passivo em débito para com a Fazenda Pública, por
crédito tributário regularmente inscrito como dívida ativa.           [(Redação dada pela Lcp nº 118, de 2005)](https://www.planalto.gov.br/ccivil_03/leis/LCP/Lcp118.htm#art1)

~~Parágrafo único. O disposto neste artigo não
se aplica na hipótese de terem sido reservados pelo devedor bens ou rendas suficientes ao
total pagamento da dívida em fase de execução.~~

Parágrafo único. O disposto neste artigo não se aplica na hipótese de terem sido
reservados, pelo devedor, bens ou rendas suficientes ao total pagamento da dívida
inscrita.                [(Redação dada pela Lcp nº 118, de 2005)](https://www.planalto.gov.br/ccivil_03/leis/LCP/Lcp118.htm#art1)

[Visualizar Jurisprudencia Consolidada do Artigo n. 185 - Corpus927](http://corpus927.enfam.jus.br/legislacao/ctn-66#art-185 ""Visualizar Jurisprudencia Consolidada do Artigo n. 185 - Corpus927"")Art. 185-A. Na hipótese de o devedor tributário, devidamente
citado, não pagar nem apresentar bens à penhora no prazo legal e não forem encontrados
bens penhoráveis, o juiz determinará a indisponibilidade de seus bens e direitos,
comunicando a decisão, preferencialmente por meio eletrônico, aos órgãos e entidades
que promovem registros de transferência de bens, especialmente ao registro público de
imóveis e às autoridades supervisoras do mercado bancário e do mercado de capitais, a
fim de que, no âmbito de suas atribuições, façam cumprir a ordem judicial.
[(Incluído pela Lcp nº 118, de 2005)](https://www.planalto.gov.br/ccivil_03/leis/LCP/Lcp118.htm#art2)

§ 1o A indisponibilidade de que trata o **caput** deste artigo
limitar-se-á ao valor total exigível, devendo o juiz determinar o imediato levantamento
da indisponibilidade dos bens ou valores que excederem esse limite.
[(Incluído pela Lcp nº 118, de 2005)](https://www.planalto.gov.br/ccivil_03/leis/LCP/Lcp118.htm#art2)

§ 2o Os órgãos e entidades aos quais se fizer a comunicação de que
trata o **caput** deste artigo enviarão imediatamente ao juízo a relação
discriminada dos bens e direitos cuja indisponibilidade houverem promovido.
[(Incluído pela Lcp nº 118, de 2005)](https://www.planalto.gov.br/ccivil_03/leis/LCP/Lcp118.htm#art2)

Seção II

Preferências

~~Art. 186. O crédito tributário prefere a qualquer outro, seja qual
fôr a natureza ou o tempo da constituição dêste, ressalvados os créditos decorrentes da
legislação do trabalho.~~

[Visualizar Jurisprudencia Consolidada do Artigo n. 186 - Corpus927](http://corpus927.enfam.jus.br/legislacao/ctn-66#art-186 ""Visualizar Jurisprudencia Consolidada do Artigo n. 186 - Corpus927"")Art. 186. O crédito tributário prefere a qualquer outro, seja qual
for sua natureza ou o tempo de sua constituição, ressalvados os créditos decorrentes da
legislação do trabalho ou do acidente de trabalho.            [(Redação\\
dada pela Lcp nº 118, de 2005)](https://www.planalto.gov.br/ccivil_03/leis/LCP/Lcp118.htm#art1)

Parágrafo único. Na falência:               [(Incluído pela Lcp nº\\
118, de 2005)](https://www.planalto.gov.br/ccivil_03/leis/LCP/Lcp118.htm#art1)

I – o crédito tributário não prefere aos créditos extraconcursais ou às
importâncias passíveis de restituição, nos termos da lei
falimentar, nem aos créditos com garantia real, no limite do valor do bem gravado;
[(Incluído pela Lcp nº 118, de 2005)](https://www.planalto.gov.br/ccivil_03/leis/LCP/Lcp118.htm#art1)

II – a lei poderá estabelecer limites e condições para a preferência dos
créditos decorrentes da legislação do trabalho; e
[(Incluído\\
pela Lcp nº 118, de 2005)](https://www.planalto.gov.br/ccivil_03/leis/LCP/Lcp118.htm#art1)

III – a multa tributária prefere apenas aos créditos subordinados.
[(Incluído pela Lcp nº 118, de 2005)](https://www.planalto.gov.br/ccivil_03/leis/LCP/Lcp118.htm#art1)

~~Art. 187. A cobrança judicial do crédito tributário não é
sujeita a concurso de credores ou habilitação em falência, concordata, inventário ou
arrolamento.~~

[Visualizar Jurisprudencia Consolidada do Artigo n. 187 - Corpus927](http://corpus927.enfam.jus.br/legislacao/ctn-66#art-187 ""Visualizar Jurisprudencia Consolidada do Artigo n. 187 - Corpus927"")Art. 187. A cobrança judicial do crédito tributário não é
sujeita a concurso de credores ou habilitação em falência, recuperação judicial,
concordata, inventário ou arrolamento.   [(Redação dada\\
pela Lcp nº 118, de 2005)](https://www.planalto.gov.br/ccivil_03/leis/LCP/Lcp118.htm#art1)[(Vide \\
ADPF 357)](http://www.stf.jus.br/portal/peticaoInicial/verPeticaoInicial.asp?base=ADPF&documento=&s1=357&numProcesso=357)

Parágrafo único. O concurso de preferência sòmente se verifica entre pessoas jurídicas
de direito público, na seguinte ordem:
[(Vide ADPF 357)](http://www.stf.jus.br/portal/peticaoInicial/verPeticaoInicial.asp?base=ADPF&documento=&s1=357&numProcesso=357)

I -
União;
[(Vide ADPF 357)](http://www.stf.jus.br/portal/peticaoInicial/verPeticaoInicial.asp?base=ADPF&documento=&s1=357&numProcesso=357)

II -
Estados, Distrito Federal e Territórios, conjuntamente e pró rata;
[(Vide ADPF 357)](http://www.stf.jus.br/portal/peticaoInicial/verPeticaoInicial.asp?base=ADPF&documento=&s1=357&numProcesso=357)

III -
Municípios, conjuntamente e pró rata.
[(Vide ADPF 357)](http://www.stf.jus.br/portal/peticaoInicial/verPeticaoInicial.asp?base=ADPF&documento=&s1=357&numProcesso=357)

~~Art. 188. São encargos da massa falida, pagáveis preferencialmente
a quaisquer outros e às dívidas da massa, os créditos tributários vencidos e
vincendos, exigíveis no decurso do processo de falência.~~

[Visualizar Jurisprudencia Consolidada do Artigo n. 188 - Corpus927](http://corpus927.enfam.jus.br/legislacao/ctn-66#art-188 ""Visualizar Jurisprudencia Consolidada do Artigo n. 188 - Corpus927"")Art. 188. São extraconcursais os créditos tributários decorrentes
de fatos geradores ocorridos no curso do processo de falência.
[(Redação dada pela Lcp nº 118, de 2005)](https://www.planalto.gov.br/ccivil_03/leis/LCP/Lcp118.htm#art1)

§ 1º
Contestado o crédito tributário, o juiz remeterá as partes ao processo competente,
mandando reservar bens suficientes à extinção total do crédito e seus acrescidos, se a
massa não puder efetuar a garantia da instância por outra forma, ouvido, quanto à
natureza e valor dos bens reservados, o representante da Fazenda Pública interessada.

§ 2º O
disposto neste artigo aplica-se aos processos de concordata.

[Visualizar Jurisprudencia Consolidada do Artigo n. 189 - Corpus927](http://corpus927.enfam.jus.br/legislacao/ctn-66#art-189 ""Visualizar Jurisprudencia Consolidada do Artigo n. 189 - Corpus927"")Art. 189.
São pagos preferencialmente a quaisquer créditos habilitados em inventário ou
arrolamento, ou a outros encargos do monte, os créditos tributários vencidos ou
vincendos, a cargo do de cujus ou de seu espólio, exigíveis no decurso do processo de
inventário ou arrolamento.

Parágrafo único. Contestado o crédito tributário, proceder-se-á na forma do disposto
no § 1º do artigo anterior.

[Visualizar Jurisprudencia Consolidada do Artigo n. 190 - Corpus927](http://corpus927.enfam.jus.br/legislacao/ctn-66#art-190 ""Visualizar Jurisprudencia Consolidada do Artigo n. 190 - Corpus927"")Art.
190\. São pagos preferencialmente a quaisquer outros os créditos tributários vencidos ou
vincendos, a cargo de pessoas jurídicas de direito privado em liquidação judicial ou
voluntária, exigíveis no decurso da liquidação.

~~Art. 191. Não será concedida concordata nem declarada a extinção
das obrigações do falido, sem que o requerente faça prova da quitação de todos os
tributos relativos à sua atividade mercantil.~~

[Visualizar Jurisprudencia Consolidada do Artigo n. 191 - Corpus927](http://corpus927.enfam.jus.br/legislacao/ctn-66#art-191 ""Visualizar Jurisprudencia Consolidada do Artigo n. 191 - Corpus927"")Art. 191. A extinção das obrigações do falido requer prova de
quitação de todos os tributos.               [(Redação dada pela Lcp\\
nº 118, de 2005)](https://www.planalto.gov.br/ccivil_03/leis/LCP/Lcp118.htm#art1)

[Visualizar Jurisprudencia Consolidada do Artigo n. 191 - Corpus927](http://corpus927.enfam.jus.br/legislacao/ctn-66#art-191 ""Visualizar Jurisprudencia Consolidada do Artigo n. 191 - Corpus927"")Art. 191-A. A concessão de recuperação judicial depende da
apresentação da prova de quitação de todos os tributos, observado o disposto nos arts.
151, 205 e 206 desta Lei.              [(Incluído pela Lcp nº 118, de 2005)](https://www.planalto.gov.br/ccivil_03/leis/LCP/Lcp118.htm#art2)

[Visualizar Jurisprudencia Consolidada do Artigo n. 192 - Corpus927](http://corpus927.enfam.jus.br/legislacao/ctn-66#art-192 ""Visualizar Jurisprudencia Consolidada do Artigo n. 192 - Corpus927"")Art. 192.
Nenhuma sentença de julgamento de partilha ou adjudicação será proferida sem prova da
quitação de todos os tributos relativos aos bens do espólio, ou às suas rendas.

[Visualizar Jurisprudencia Consolidada do Artigo n. 193 - Corpus927](http://corpus927.enfam.jus.br/legislacao/ctn-66#art-193 ""Visualizar Jurisprudencia Consolidada do Artigo n. 193 - Corpus927"")Art. 193.
Salvo quando expressamente autorizado por lei, nenhum departamento da administração
pública da União, dos Estados, do Distrito Federal, ou dos Municípios, ou sua
autarquia, celebrará contrato ou aceitará proposta em concorrência pública sem que o
contratante ou proponente faça prova da quitação de todos os tributos devidos à
Fazenda Pública interessada, relativos à atividade em cujo exercício contrata ou
concorre.

TÍTULO IV

Administração Tributária

CAPÍTULO I

Fiscalização

[Visualizar Jurisprudencia Consolidada do Artigo n. 194 - Corpus927](http://corpus927.enfam.jus.br/legislacao/ctn-66#art-194 ""Visualizar Jurisprudencia Consolidada do Artigo n. 194 - Corpus927"")Art.
194\. A legislação tributária, observado o disposto nesta Lei, regulará, em caráter
geral, ou especificamente em função da natureza do tributo de que se tratar, a
competência e os poderes das autoridades administrativas em matéria de fiscalização da
sua aplicação.

Parágrafo único. A legislação a que se refere êste artigo aplica-se às pessoas
naturais ou jurídicas, contribuintes ou não, inclusive às que gozem de imunidade
tributária ou de isenção de caráter pessoal.

[Visualizar Jurisprudencia Consolidada do Artigo n. 195 - Corpus927](http://corpus927.enfam.jus.br/legislacao/ctn-66#art-195 ""Visualizar Jurisprudencia Consolidada do Artigo n. 195 - Corpus927"")Art. 195. Para os efeitos da legislação tributária, não têm aplicação
quaisquer disposições legais excludentes ou limitativas do direito de examinar
mercadorias, livros, arquivos, documentos, papéis e efeitos comerciais ou fiscais, dos
comerciantes industriais ou produtores, ou da obrigação dêstes de exibi-los.

Parágrafo único. Os livros obrigatórios de escrituração comercial e
fiscal e os comprovantes dos lançamentos nêles efetuados serão conservados até que
ocorra a prescrição dos créditos tributários decorrentes das operações a que se
refiram.

[Visualizar Jurisprudencia Consolidada do Artigo n. 196 - Corpus927](http://corpus927.enfam.jus.br/legislacao/ctn-66#art-196 ""Visualizar Jurisprudencia Consolidada do Artigo n. 196 - Corpus927"")Art.
196\. A autoridade administrativa que proceder ou presidir a quaisquer diligências de
fiscalização lavrará os têrmos necessários para que se documente o início do
procedimento, na forma da legislação aplicável, que fixará prazo máximo para a
conclusão daquelas.

Parágrafo único. Os têrmos a que se refere êste artigo serão lavrados, sempre que
possível, em um dos livros fiscais exibidos; quando lavrados em separado dêles se
entregará, à pessoa sujeita à fiscalização, cópia autenticada pela autoridade a que
se refere êste artigo.

[Visualizar Jurisprudencia Consolidada do Artigo n. 197 - Corpus927](http://corpus927.enfam.jus.br/legislacao/ctn-66#art-197 ""Visualizar Jurisprudencia Consolidada do Artigo n. 197 - Corpus927"")Art. 197.
Mediante intimação escrita, são obrigados a prestar à autoridade administrativa tôdas
as informações de que disponham com relação aos bens, negócios ou atividades de
terceiros:

I - os
tabeliães, escrivães e demais serventuários de ofício;

II - os
bancos, casas bancárias, Caixas Econômicas e demais instituições financeiras;

III - as
emprêsas de administração de bens;

IV - os
corretores, leiloeiros e despachantes oficiais;

V - os
inventariantes;

VI - os
síndicos, comissários e liquidatários;

VII -
quaisquer outras entidades ou pessoas que a lei designe, em razão de seu cargo, ofício,
função, ministério, atividade ou profissão.

Parágrafo único. A obrigação prevista neste artigo não abrange a prestação de
informações quanto a fatos sobre os quais o informante esteja legalmente obrigado a
observar segredo em razão de cargo, ofício, função, ministério, atividade ou
profissão.

~~Art. 198. Sem prejuízo do disposto na legislação criminal, é vedada a
divulgação, para qualquer fim, por parte da Fazenda Pública ou de seus funcionários,
de qualquer informação, obtida em razão do ofício, sôbre a situação econômica ou
financeira dos sujeitos passivos ou de terceiros e sôbre a natureza e o estado dos seus
negócios ou atividades.

Parágrafo único. Excetuam-se do disposto neste artigo, únicamente, os casos previstos
no artigo seguinte e os de requisição regular da autoridade judiciária no interêsse da
justiça.~~

[Visualizar Jurisprudencia Consolidada do Artigo n. 198 - Corpus927](http://corpus927.enfam.jus.br/legislacao/ctn-66#art-198 ""Visualizar Jurisprudencia Consolidada do Artigo n. 198 - Corpus927"")Art. 198. Sem prejuízo do disposto na legislação criminal, é
vedada a divulgação, por parte da Fazenda Pública ou de seus servidores, de
informação obtida em razão do ofício sobre a situação econômica ou financeira do
sujeito passivo ou de terceiros e sobre a natureza e o estado de seus negócios ou
atividades.              [(Redação dada pela\\
Lcp nº 104, de 2001)](https://www.planalto.gov.br/ccivil_03/leis/LCP/Lcp104.htm)

§ 1o Excetuam-se do disposto neste artigo, além
dos casos previstos no art. 199, os seguintes:                [(Redação\\
dada pela Lcp nº 104, de 2001)](https://www.planalto.gov.br/ccivil_03/leis/LCP/Lcp104.htm)

I
– requisição de autoridade judiciária no interesse da justiça;             [(Incluído pela Lcp nº 104, de 2001)](https://www.planalto.gov.br/ccivil_03/leis/LCP/Lcp104.htm)

II – solicitações de autoridade administrativa no interesse da Administração
Pública, desde que seja comprovada a instauração regular de processo administrativo, no
órgão ou na entidade respectiva, com o objetivo de investigar o sujeito passivo a que se
refere a informação, por prática de infração administrativa.               [(Incluído\\
pela Lcp nº 104, de 2001)](https://www.planalto.gov.br/ccivil_03/leis/LCP/Lcp104.htm)

§ 2o O intercâmbio de informação sigilosa, no âmbito da
Administração Pública, será realizado mediante processo regularmente instaurado, e a
entrega será feita pessoalmente à autoridade solicitante, mediante recibo, que formalize
a transferência e assegure a preservação do sigilo.                [(Incluído\\
pela Lcp nº 104, de 2001)](https://www.planalto.gov.br/ccivil_03/leis/LCP/Lcp104.htm)

§ 3o Não é vedada a divulgação de informações relativas a:            [(Incluído pela Lcp nº 104, de 2001)](https://www.planalto.gov.br/ccivil_03/leis/LCP/Lcp104.htm)

I – representações fiscais para fins penais;              [(Incluído\\
pela Lcp nº 104, de 2001)](https://www.planalto.gov.br/ccivil_03/leis/LCP/Lcp104.htm)

II – inscrições na Dívida Ativa da Fazenda Pública;             [(Incluído\\
pela Lcp nº 104, de 2001)](https://www.planalto.gov.br/ccivil_03/leis/LCP/Lcp104.htm)

~~III – parcelamento ou moratória.                [(Incluído pela Lcp nº\\
104, de 2001)](https://www.planalto.gov.br/ccivil_03/leis/LCP/Lcp104.htm)~~

III - parcelamentooumoratória;e     [(Redação dada \\
pela Lei Complementar nº 187, de 2021)](https://www.planalto.gov.br/ccivil_03/leis/LCP/Lcp187.htm#art45)

IV \-
incentivo, renúncia, benefício ou imunidade de natureza tributária cujo
beneficiário seja pessoa jurídica.       [(Incluído pela Lei Complementar nº 187, de 2021)](https://www.planalto.gov.br/ccivil_03/leis/LCP/Lcp187.htm#art45)

§ 4º Sem prejuízo do disposto no art. 197, a
administração tributária poderá requisitar informações cadastrais e patrimoniais
de sujeito passivo de crédito tributário a órgãos ou entidades, públicos ou
privados, que, inclusive por obrigação legal, operem cadastros e registros ou
controlem operações de bens e direitos. [(Incluído pela Lei Complementar nº 208, de 2024)](https://www.planalto.gov.br/ccivil_03/leis/LCP/Lcp208.htm#art1)

§ 5º Independentemente da requisição prevista no § 4º
deste artigo, os órgãos e as entidades da administração pública direta e
indireta de qualquer dos Poderes colaborarão com a administração tributária
visando ao compartilhamento de bases de dados de natureza cadastral e
patrimonial de seus administrados e supervisionados.
[(Incluído pela Lei Complementar nº 208, de 2024)](https://www.planalto.gov.br/ccivil_03/leis/LCP/Lcp208.htm#art1)

[Visualizar Jurisprudencia Consolidada do Artigo n. 199 - Corpus927](http://corpus927.enfam.jus.br/legislacao/ctn-66#art-199 ""Visualizar Jurisprudencia Consolidada do Artigo n. 199 - Corpus927"")Art. 199. A Fazenda Pública da União e as dos Estados, do Distrito Federal
e dos Municípios prestar-se-ão mutuamente assistência para a fiscalização dos
tributos respectivos e permuta de informações, na forma estabelecida, em caráter geral
ou específico, por lei ou convênio.

Parágrafo único. A Fazenda Pública da União, na forma
estabelecida em tratados, acordos ou convênios, poderá permutar informações com
Estados estrangeiros no interesse da arrecadação e da fiscalização de tributos.[(Incluído pela Lcp nº 104, de 2001)](https://www.planalto.gov.br/ccivil_03/leis/LCP/Lcp104.htm)

[Visualizar Jurisprudencia Consolidada do Artigo n. 200 - Corpus927](http://corpus927.enfam.jus.br/legislacao/ctn-66#art-200 ""Visualizar Jurisprudencia Consolidada do Artigo n. 200 - Corpus927"")Art. 200. As autoridades administrativas federais poderão requisitar o
auxílio da fôrça pública federal, estadual ou municipal, e recìprocamente, quando
vítimas de embaraço ou desacato no exercício de suas funções, ou quando necessário
à efetivação de medida prevista na legislação tributária, ainda que não se
configure fato definido em lei como crime ou contravenção.

CAPÍTULO II

Dívida Ativa

[Visualizar Jurisprudencia Consolidada do Artigo n. 201 - Corpus927](http://corpus927.enfam.jus.br/legislacao/ctn-66#art-201 ""Visualizar Jurisprudencia Consolidada do Artigo n. 201 - Corpus927"")Art.
201\. Constitui dívida ativa tributária a proveniente de crédito dessa natureza,
regularmente inscrita na repartição administrativa competente, depois de esgotado o
prazo fixado, para pagamento, pela lei ou por decisão final proferida em processo
regular.

Parágrafo único. A fluência de juros de mora não exclui, para os efeitos deste artigo,
a liquidez do crédito.

[Visualizar Jurisprudencia Consolidada do Artigo n. 202 - Corpus927](http://corpus927.enfam.jus.br/legislacao/ctn-66#art-202 ""Visualizar Jurisprudencia Consolidada do Artigo n. 202 - Corpus927"")Art.
202\. O termo de inscrição da dívida ativa, autenticado pela autoridade competente,
indicará obrigatoriamente:

I - o
nome do devedor e, sendo caso, o dos co-responsáveis, bem como, sempre que possível, o
domicílio ou a residência de um e de outros;

II - a
quantia devida e a maneira de calcular os juros de mora acrescidos;

III - a
origem e natureza do crédito, mencionada especificamente a disposição da lei em que
seja fundado;

IV - a
data em que foi inscrita;

V - sendo
caso, o número do processo administrativo de que se originar o crédito.

Parágrafo único. A certidão conterá, além dos requisitos deste artigo, a indicação
do livro e da folha da inscrição.

[Visualizar Jurisprudencia Consolidada do Artigo n. 203 - Corpus927](http://corpus927.enfam.jus.br/legislacao/ctn-66#art-203 ""Visualizar Jurisprudencia Consolidada do Artigo n. 203 - Corpus927"")Art.
203\. A omissão de quaisquer dos requisitos previstos no artigo anterior, ou o erro a eles
relativo, são causas de nulidade da inscrição e do processo de cobrança dela
decorrente, mas a nulidade poderá ser sanada até a decisão de primeira instância,
mediante substituição da certidão nula, devolvido ao sujeito passivo, acusado ou
interessado o prazo para defesa, que somente poderá versar sobre a parte modificada.

[Visualizar Jurisprudencia Consolidada do Artigo n. 204 - Corpus927](http://corpus927.enfam.jus.br/legislacao/ctn-66#art-204 ""Visualizar Jurisprudencia Consolidada do Artigo n. 204 - Corpus927"")Art. 204.
A dívida regularmente inscrita goza da presunção de certeza e liquidez e tem o efeito
de prova pré-constituída.

Parágrafo único. A presunção a que se refere este artigo é relativa e pode ser
ilidida por prova inequívoca, a cargo do sujeito passivo ou do terceiro a que aproveite.

CAPÍTULO III

Certidões Negativas

[Visualizar Jurisprudencia Consolidada do Artigo n. 205 - Corpus927](http://corpus927.enfam.jus.br/legislacao/ctn-66#art-205 ""Visualizar Jurisprudencia Consolidada do Artigo n. 205 - Corpus927"") Art. 205. A lei poderá exigir que a prova da quitação de determinado
tributo, quando exigível, seja feita por certidão negativa, expedida à vista de
requerimento do interessado, que contenha todas as informações necessárias à
identificação de sua pessoa, domicílio fiscal e ramo de negócio ou atividade e indique
o período a que se refere o pedido.

Parágrafo único. A certidão negativa será sempre expedida nos termos em que tenha sido
requerida e será fornecida dentro de 10 (dez) dias da data da entrada do requerimento na
repartição.

[Visualizar Jurisprudencia Consolidada do Artigo n. 206 - Corpus927](http://corpus927.enfam.jus.br/legislacao/ctn-66#art-206 ""Visualizar Jurisprudencia Consolidada do Artigo n. 206 - Corpus927"")Art. 206. Tem os mesmos efeitos previstos no artigo anterior a certidão de
que conste a existência de créditos não vencidos, em curso de cobrança executiva em
que tenha sido efetivada a penhora, ou cuja exigibilidade esteja suspensa.

[Visualizar Jurisprudencia Consolidada do Artigo n. 207 - Corpus927](http://corpus927.enfam.jus.br/legislacao/ctn-66#art-207 ""Visualizar Jurisprudencia Consolidada do Artigo n. 207 - Corpus927"")Art. 207.
Independentemente de disposição legal permissiva, será dispensada a prova de quitação
de tributos, ou o seu suprimento, quando se tratar de prática de ato indispensável para
evitar a caducidade de direito, respondendo, porém, todos os participantes no ato pelo
tributo porventura devido, juros de mora e penalidades cabíveis, exceto as relativas a
infrações cuja responsabilidade seja pessoal ao infrator.

[Visualizar Jurisprudencia Consolidada do Artigo n. 208 - Corpus927](http://corpus927.enfam.jus.br/legislacao/ctn-66#art-208 ""Visualizar Jurisprudencia Consolidada do Artigo n. 208 - Corpus927"")Art. 208.
A certidão negativa expedida com dolo ou fraude, que contenha erro contra a Fazenda
Pública, responsabiliza pessoalmente o funcionário que a expedir, pelo crédito
tributário e juros de mora acrescidos.

Parágrafo único. O disposto neste artigo não exclui a responsabilidade criminal e
funcional que no caso couber.

**Disposições Finais e Transitórias**

[Visualizar Jurisprudencia Consolidada do Artigo n. 209 - Corpus927](http://corpus927.enfam.jus.br/legislacao/ctn-66#art-209 ""Visualizar Jurisprudencia Consolidada do Artigo n. 209 - Corpus927"")Art.
209\. A expressão ""Fazenda Pública"", quando empregada nesta Lei sem
qualificação, abrange a Fazenda Pública da União, dos Estados, do Distrito Federal e
dos Municípios.

[Visualizar Jurisprudencia Consolidada do Artigo n. 210 - Corpus927](http://corpus927.enfam.jus.br/legislacao/ctn-66#art-210 ""Visualizar Jurisprudencia Consolidada do Artigo n. 210 - Corpus927"")Art. 210. Os prazos fixados nesta Lei ou legislação tributária serão
contínuos, excluindo-se na sua contagem o dia de início e incluindo-se o de vencimento.

Parágrafo único. Os prazos só se iniciam ou vencem em dia de expediente
normal na repartição em que corra o processo ou deva ser praticado o ato.

[Visualizar Jurisprudencia Consolidada do Artigo n. 211 - Corpus927](http://corpus927.enfam.jus.br/legislacao/ctn-66#art-211 ""Visualizar Jurisprudencia Consolidada do Artigo n. 211 - Corpus927"")Art. 211.
Incumbe ao Conselho Técnico de Economia e Finanças, do Ministério da Fazenda, prestar
assistência técnica aos governos estaduais e municipais, com o objetivo de assegurar a
uniforme aplicação da presente Lei.

[Visualizar Jurisprudencia Consolidada do Artigo n. 212 - Corpus927](http://corpus927.enfam.jus.br/legislacao/ctn-66#art-212 ""Visualizar Jurisprudencia Consolidada do Artigo n. 212 - Corpus927"")Art.
212\. Os Poderes Executivos federal, estaduais e municipais expedirão, por decreto, dentro
de 90 (noventa) dias da entrada em vigor desta Lei, a consolidação, em texto único, da
legislação vigente, relativa a cada um dos tributos, repetindo-se esta providência até
o dia 31 de janeiro de cada ano.

[Visualizar Jurisprudencia Consolidada do Artigo n. 213 - Corpus927](http://corpus927.enfam.jus.br/legislacao/ctn-66#art-213 ""Visualizar Jurisprudencia Consolidada do Artigo n. 213 - Corpus927"")Art. 213.
Os Estados pertencentes a uma mesma região geo-econômica celebrarão entre si convênios
para o estabelecimento de alíquota uniforme para o imposto a que se refere o artigo 52.

Parágrafo único. Os Municípios de um mesmo Estado procederão igualmente, no que se
refere à fixação da alíquota de que trata o artigo 60.

[Visualizar Jurisprudencia Consolidada do Artigo n. 214 - Corpus927](http://corpus927.enfam.jus.br/legislacao/ctn-66#art-214 ""Visualizar Jurisprudencia Consolidada do Artigo n. 214 - Corpus927"")Art. 214.
O Poder Executivo promoverá a realização de convênios com os Estados, para excluir ou
limitar a incidência do imposto sobre operações relativas à circulação de
mercadorias, no caso de exportação para o exterior.

[Visualizar Jurisprudencia Consolidada do Artigo n. 215 - Corpus927](http://corpus927.enfam.jus.br/legislacao/ctn-66#art-215 ""Visualizar Jurisprudencia Consolidada do Artigo n. 215 - Corpus927"")Art. 215. A lei estadual pode autorizar o Poder Executivo a reajustar,
no exercício de 1967, a alíquota de imposto a que se refere o artigo 52, dentro de
limites e segundo critérios por ela estabelecidos.

[Visualizar Jurisprudencia Consolidada do Artigo n. 216 - Corpus927](http://corpus927.enfam.jus.br/legislacao/ctn-66#art-216 ""Visualizar Jurisprudencia Consolidada do Artigo n. 216 - Corpus927"")Art. 216.
O Poder Executivo proporá as medidas legislativas adequadas a possibilitar, sem
compressão dos investimentos previstos na proposta orçamentária de 1967, o cumprimento
do disposto no
[artigo 21 da Emenda Constitucional nº 18, de 1965](https://www.planalto.gov.br/ccivil_03/Constituicao/Emendas/Emc_anterior1988/emc18-65.htm#art21).

[Visualizar Jurisprudencia Consolidada do Artigo n. 217 - Corpus927](http://corpus927.enfam.jus.br/legislacao/ctn-66#art-217 ""Visualizar Jurisprudencia Consolidada do Artigo n. 217 - Corpus927"")Art. 217. As disposições desta Lei, notadamente as dos arts 17, 74, § 2º
e 77, parágrafo único, bem como a do [art. 54 da Lei 5.025, de 10 de junho de 1966](https://www.planalto.gov.br/ccivil_03/leis/L5025.htm#art54), não
excluem a incidência e a exigibilidade:             [(Incluído pelo Decreto-lei nº 27, de\\
1966)](https://www.planalto.gov.br/ccivil_03/Decreto-Lei/1965-1988/Del0027.htm#art1)

I - da ""contribuição sindical"", denominação que passa a ter o imposto
sindical de que tratam os [arts 578 e seguintes, da Consolidação das Leis do Trabalho](https://www.planalto.gov.br/ccivil_03/Decreto-Lei/Del5452.htm#art578),
sem prejuízo do disposto no [art. 16 da Lei 4.589, de 11 de dezembro de 1964](https://www.planalto.gov.br/ccivil_03/leis/L4589.htm#art16);                [(Incluído pelo Decreto-lei nº 27, de\\
1966)](https://www.planalto.gov.br/ccivil_03/Decreto-Lei/1965-1988/Del0027.htm#art1)

II - das denominadas ""quotas de previdência"" a que aludem
os [arts 71](https://www.planalto.gov.br/ccivil_03/leis/1950-1969/L3807.htm#art71) e
[74 da Lei 3.807, de\\
26 de agosto de 1960](https://www.planalto.gov.br/ccivil_03/leis/1950-1969/L3807.htm#art74) com as alterações determinadas pelo art. 34 da Lei 4.863, de 29 de novembro de 1965, que
integram a contribuição da União para a previdência social, de que trata o
[art. 157,\\
item XVI, da Constituição Federal](https://www.planalto.gov.br/ccivil_03/Constituicao/Constituicao67.htm#art157xvi);            [(Incluído pelo Decreto-lei nº 27, de\\
1966)](https://www.planalto.gov.br/ccivil_03/Decreto-Lei/1965-1988/Del0027.htm#art1) [(Vide Ato Complementar nº 27, de\\
1966)](https://www.planalto.gov.br/ccivil_03/ACP/acp-27-66.htm#art9)

III - da contribuição destinada a constituir o ""Fundo de Assistência"" e
""Previdência do Trabalhador Rural"", de que trata o
[art. 158 da Lei 4.214, de 2\\
de março de 1963](https://www.planalto.gov.br/ccivil_03/leis/1950-1969/L4214.htm#art158);               [(Incluído pelo\\
Decreto-lei nº 27, de 1966)](https://www.planalto.gov.br/ccivil_03/Decreto-Lei/1965-1988/Del0027.htm#art1)

IV - da contribuição destinada ao Fundo de Garantia do Tempo de Serviço, criada pelo
[art. 2º da Lei 5.107, de 13 de setembro de 1966](https://www.planalto.gov.br/ccivil_03/leis/L5107.htm#art2);               [(Incluído pelo Decreto-lei nº 27, de\\
1966)](https://www.planalto.gov.br/ccivil_03/Decreto-Lei/1965-1988/Del0027.htm#art1)

V - das contribuições enumeradas no [§ 2º do art. 34 da Lei 4.863, de 29 de novembro de\\
1965](https://www.planalto.gov.br/ccivil_03/leis/1950-1969/L4863.htm#art34%C2%A72), com as alterações decorrentes do disposto nos arts 22 e 23 da Lei 5.107, de 13 de
setembro de 1966, e outras de fins sociais criadas por lei.              [(Incluído pelo Decreto-lei nº 27, de\\
1966)](https://www.planalto.gov.br/ccivil_03/Decreto-Lei/1965-1988/Del0027.htm#art1)

[Visualizar Jurisprudencia Consolidada do Artigo n. 218 - Corpus927](http://corpus927.enfam.jus.br/legislacao/ctn-66#art-218 ""Visualizar Jurisprudencia Consolidada do Artigo n. 218 - Corpus927"")Art. 218. Esta Lei entrará em vigor, em todo o território nacional, no dia 1º de
janeiro de 1967, revogadas as disposições em contrário, especialmente a
[Lei nº 854, de\\
10 de outubro de 1949](https://www.planalto.gov.br/ccivil_03/leis/1930-1949/L0854.htm).                 [(Renumerado do\\
art. 217 pelo Decreto-lei nº 27, de 1966)](https://www.planalto.gov.br/ccivil_03/Decreto-Lei/1965-1988/Del0027.htm#art1)

Brasília, 25 de outubro de 1966; 145º da Independência e 78º da República.

H. CASTELLO BRANCO

_Octavio Bulhões_

_Carlos Medeiros Silva_

Este texto não
substitui o publicado no DOU de 27.10.1966, e [retificado em 31.10.1966](https://www.planalto.gov.br/ccivil_03/leis/1950-1969/Ret/RetL5172-66.doc)

\*",https://www.planalto.gov.br/ccivil_03/leis/L5172.htm
https://www.planalto.gov.br/ccivil_03/leis/lcp/Lcp123.htm,https://www.planalto.gov.br/ccivil_03/leis/lcp/lcp214.htm,"Lei Complementar    nº 123, de 14 de dezembro de 2006;",https://www.planalto.gov.br/ccivil_03/leis/lcp/lcp214.htm,"Full document of Lei Complementar    nº 123, de 14 de dezembro de 2006; at https://www.planalto.gov.br/ccivil_03/leis/lcp/Lcp123.htm.",
https://www.planalto.gov.br/ccivil_03/leis/lcp/Lcp109.htm,https://www.planalto.gov.br/ccivil_03/leis/lcp/lcp214.htm,"Lei Complementar nº 109, de 29 de maio de    2001",https://www.planalto.gov.br/ccivil_03/leis/lcp/lcp214.htm,"Full document of Lei Complementar nº 109, de 29 de maio de    2001 at https://www.planalto.gov.br/ccivil_03/leis/lcp/Lcp109.htm.",
https://www.planalto.gov.br/ccivil_03/_Ato2019-2022/2019/Lei/L13800.htm,https://www.planalto.gov.br/ccivil_03/leis/lcp/lcp214.htm,"Lei nº 13.800, de 4 de janeiro de 2019.",https://www.planalto.gov.br/ccivil_03/leis/lcp/lcp214.htm,"Full document of Lei nº 13.800, de 4 de janeiro de 2019. at https://www.planalto.gov.br/ccivil_03/_Ato2019-2022/2019/Lei/L13800.htm.",
https://www.planalto.gov.br/ccivil_03/leis/L8668.htm,https://www.planalto.gov.br/ccivil_03/leis/lcp/lcp214.htm,"Lei nº 8.668, de 25 de junho de 1993",https://www.planalto.gov.br/ccivil_03/leis/lcp/lcp214.htm,"Full document of Lei nº 8.668, de 25 de junho de 1993 at https://www.planalto.gov.br/ccivil_03/leis/L8668.htm.",
https://www.planalto.gov.br/ccivil_03/_Ato2019-2022/2022/Lei/L14300.htm,https://www.planalto.gov.br/ccivil_03/leis/lcp/lcp214.htm,"Lei nº 14.300, de 6 de    janeiro de 2022;",https://www.planalto.gov.br/ccivil_03/leis/lcp/lcp214.htm,"Full document of Lei nº 14.300, de 6 de    janeiro de 2022; at https://www.planalto.gov.br/ccivil_03/_Ato2019-2022/2022/Lei/L14300.htm.",
https://www.planalto.gov.br/ccivil_03/_Ato2004-2006/2005/Lei/L11101.htm,https://www.planalto.gov.br/ccivil_03/leis/lcp/lcp214.htm,"Lei nº 11.101, de 9 de fevereiro de 2005",https://www.planalto.gov.br/ccivil_03/leis/lcp/lcp214.htm,"Full document of Lei nº 11.101, de 9 de fevereiro de 2005 at https://www.planalto.gov.br/ccivil_03/_Ato2004-2006/2005/Lei/L11101.htm.",
https://www.planalto.gov.br/ccivil_03/Decreto-Lei/Del0288.htm,https://www.planalto.gov.br/ccivil_03/leis/lcp/lcp214.htm,"Decreto-Lei nº 288, de 28 de    fevereiro de 1967",https://www.planalto.gov.br/ccivil_03/leis/lcp/lcp214.htm,"Full document of Decreto-Lei nº 288, de 28 de    fevereiro de 1967 at https://www.planalto.gov.br/ccivil_03/Decreto-Lei/Del0288.htm.",
https://www.planalto.gov.br/ccivil_03/_Ato2023-2026/2024/Lei/L14948.htm,https://www.planalto.gov.br/ccivil_03/leis/lcp/lcp214.htm,"Lei nº 14.948, de 2 de agosto de 2024",https://www.planalto.gov.br/ccivil_03/leis/lcp/lcp214.htm,"Full document of Lei nº 14.948, de 2 de agosto de 2024 at https://www.planalto.gov.br/ccivil_03/_Ato2023-2026/2024/Lei/L14948.htm.",
https://www.planalto.gov.br/ccivil_03/leis/L9432.htm,https://www.planalto.gov.br/ccivil_03/leis/lcp/lcp214.htm,"art. 11 da Lei nº 9.432, de 8 de janeiro de 1997",https://www.planalto.gov.br/ccivil_03/leis/lcp/lcp214.htm,"Full document of art. 11 da Lei nº 9.432, de 8 de janeiro de 1997 at https://www.planalto.gov.br/ccivil_03/leis/L9432.htm.",
https://www.planalto.gov.br/ccivil_03/leis/L8742.htm,https://www.planalto.gov.br/ccivil_03/leis/lcp/lcp214.htm,"art. 6º-F da Lei nº 8.742, de 7    de dezembro de 1993",https://www.planalto.gov.br/ccivil_03/leis/lcp/lcp214.htm,"Full document of art. 6º-F da Lei nº 8.742, de 7    de dezembro de 1993 at https://www.planalto.gov.br/ccivil_03/leis/L8742.htm.",
https://www.planalto.gov.br/ccivil_03/_Ato2015-2018/2018/Lei/L13709.htm,https://www.planalto.gov.br/ccivil_03/leis/lcp/lcp214.htm,"Lei nº 13.709, de    14 de agosto de 2018",https://www.planalto.gov.br/ccivil_03/leis/lcp/lcp214.htm,"Full document of Lei nº 13.709, de    14 de agosto de 2018 at https://www.planalto.gov.br/ccivil_03/_Ato2015-2018/2018/Lei/L13709.htm.",
https://www.planalto.gov.br/ccivil_03/Constituicao/Emendas/Emc/emc132.htm,https://www.planalto.gov.br/ccivil_03/leis/lcp/lcp214.htm,"art. 8º da    Emenda Constitucional nº 132, de 20 de dezembro de 2023.",https://www.planalto.gov.br/ccivil_03/leis/lcp/lcp214.htm,"Full document of art. 8º da    Emenda Constitucional nº 132, de 20 de dezembro de 2023. at https://www.planalto.gov.br/ccivil_03/Constituicao/Emendas/Emc/emc132.htm.",
https://www.planalto.gov.br/ccivil_03/leis/lcp/Lcp187.htm,https://www.planalto.gov.br/ccivil_03/leis/lcp/lcp214.htm,"arts. 9º a 11 da Lei Complementar nº 187, de 16 de dezembro de 2021.",https://www.planalto.gov.br/ccivil_03/leis/lcp/lcp214.htm,"Full document of arts. 9º a 11 da Lei Complementar nº 187, de 16 de dezembro de 2021. at https://www.planalto.gov.br/ccivil_03/leis/lcp/Lcp187.htm.",
https://www.planalto.gov.br/ccivil_03/_Ato2023-2026/2023/Lei/L14754.htm,https://www.planalto.gov.br/ccivil_03/leis/lcp/lcp214.htm,"art. 23 da Lei    nº 14.754, de 12 de dezembro de 2023",https://www.planalto.gov.br/ccivil_03/leis/lcp/lcp214.htm,"Full document of art. 23 da Lei    nº 14.754, de 12 de dezembro de 2023 at https://www.planalto.gov.br/ccivil_03/_Ato2023-2026/2023/Lei/L14754.htm.",
https://www.planalto.gov.br/ccivil_03/leis/L8036consol.htm,https://www.planalto.gov.br/ccivil_03/leis/lcp/lcp214.htm,"Lei nº 8.036, de 11 de maio de 1990",https://www.planalto.gov.br/ccivil_03/leis/lcp/lcp214.htm,"Full document of Lei nº 8.036, de 11 de maio de 1990 at https://www.planalto.gov.br/ccivil_03/leis/L8036consol.htm.",
https://www.planalto.gov.br/ccivil_03/_Ato2019-2022/2022/Lei/L14478.htm,https://www.planalto.gov.br/ccivil_03/leis/lcp/lcp214.htm,"Lei nº    14.478, de 21 de dezembro de 2022",https://www.planalto.gov.br/ccivil_03/leis/lcp/lcp214.htm,"Full document of Lei nº    14.478, de 21 de dezembro de 2022 at https://www.planalto.gov.br/ccivil_03/_Ato2019-2022/2022/Lei/L14478.htm.",
https://www.planalto.gov.br/ccivil_03/leis/L6766.htm,https://www.planalto.gov.br/ccivil_03/leis/lcp/lcp214.htm,"art. 22 da Lei nº 6.766, de 19 de dezembro de 1979",https://www.planalto.gov.br/ccivil_03/leis/lcp/lcp214.htm,"Full document of art. 22 da Lei nº 6.766, de 19 de dezembro de 1979 at https://www.planalto.gov.br/ccivil_03/leis/L6766.htm.",
https://www.planalto.gov.br/ccivil_03/leis/2002/L10406.htm,https://www.planalto.gov.br/ccivil_03/leis/lcp/lcp214.htm,"art. 1.358-A da Lei nº 10.406, de    10 de janeiro de 2002",https://www.planalto.gov.br/ccivil_03/leis/lcp/lcp214.htm,"Full document of art. 1.358-A da Lei nº 10.406, de    10 de janeiro de 2002 at https://www.planalto.gov.br/ccivil_03/leis/2002/L10406.htm.",
https://www.planalto.gov.br/ccivil_03/leis/L4591.htm,https://www.planalto.gov.br/ccivil_03/leis/lcp/lcp214.htm,"arts. 31-A a 31-E da Lei nº 4.591, de 16 de dezembro de 1964",https://www.planalto.gov.br/ccivil_03/leis/lcp/lcp214.htm,"Full document of arts. 31-A a 31-E da Lei nº 4.591, de 16 de dezembro de 1964 at https://www.planalto.gov.br/ccivil_03/leis/L4591.htm.",
https://www.planalto.gov.br/ccivil_03/leis/L8212cons.htm,https://www.planalto.gov.br/ccivil_03/leis/lcp/lcp214.htm,incisos I,https://www.planalto.gov.br/ccivil_03/leis/lcp/lcp214.htm,Full document of incisos I at https://www.planalto.gov.br/ccivil_03/leis/L8212cons.htm.,
https://www.planalto.gov.br/ccivil_03/_Ato2004-2006/2005/Lei/L11096.htm,https://www.planalto.gov.br/ccivil_03/leis/lcp/lcp214.htm,"Lei nº 11.096, de 13 de janeiro de 2005.",https://www.planalto.gov.br/ccivil_03/leis/lcp/lcp214.htm,"Full document of Lei nº 11.096, de 13 de janeiro de 2005. at https://www.planalto.gov.br/ccivil_03/_Ato2004-2006/2005/Lei/L11096.htm.",
https://www.planalto.gov.br/ccivil_03/leis/L9440.htm,https://www.planalto.gov.br/ccivil_03/leis/lcp/lcp214.htm,"art. 11-C da Lei nº 9.440, de 14 de março    de 1997",https://www.planalto.gov.br/ccivil_03/leis/lcp/lcp214.htm,"Full document of art. 11-C da Lei nº 9.440, de 14 de março    de 1997 at https://www.planalto.gov.br/ccivil_03/leis/L9440.htm.",
https://www.planalto.gov.br/ccivil_03/leis/L9826.htm,https://www.planalto.gov.br/ccivil_03/leis/lcp/lcp214.htm,"arts. 1º a 4º da Lei nº 9.826, de 23 de agosto de 1999.",https://www.planalto.gov.br/ccivil_03/leis/lcp/lcp214.htm,"Full document of arts. 1º a 4º da Lei nº 9.826, de 23 de agosto de 1999. at https://www.planalto.gov.br/ccivil_03/leis/L9826.htm.",
https://www.planalto.gov.br/ccivil_03/leis/2002/L10485.htm,https://www.planalto.gov.br/ccivil_03/leis/lcp/lcp214.htm,"art. 1º da Lei nº 10.485, de 3 de julho de 2002",https://www.planalto.gov.br/ccivil_03/leis/lcp/lcp214.htm,"Full document of art. 1º da Lei nº 10.485, de 3 de julho de 2002 at https://www.planalto.gov.br/ccivil_03/leis/2002/L10485.htm.",
https://www.planalto.gov.br/ccivil_03/leis/lcp/Lcp105.htm,https://www.planalto.gov.br/ccivil_03/leis/lcp/lcp214.htm,"art. 6º da Lei Complementar nº 105, de 10 de janeiro de 2001",https://www.planalto.gov.br/ccivil_03/leis/lcp/lcp214.htm,"|     |     |
| --- | --- |
| ![Brastra.gif (4376 bytes)](https://www.planalto.gov.br/ccivil_03/Brastra.gif) | **Presidência**<br>**da República**<br>**Casa Civil**<br>**Subchefia para Assuntos Jurídicos** |

[**LEI COMPLEMENTAR Nº 105, DE 10**\\
**DE JANEIRO DE 2001.**](http://legislacao.planalto.gov.br/legisla/legislacao.nsf/Viw_Identificacao/lcp%20105-2001?OpenDocument)

|     |     |
| --- | --- |
|  | Dispõe<br>sobre o sigilo das operações de instituições financeiras e dá outras providências. |

**O PRESIDENTE DA REPÚBLICA** Faço saber que o Congresso Nacional decreta e eu sanciono
a seguinte
Lei Complementar:

Art. 1oAs instituições financeiras conservarão sigilo em suas
operações ativas e passivas e serviços prestados.

§ 1o São consideradas instituições financeiras, para os
efeitos desta Lei Complementar:

I
– os bancos de qualquer espécie;

II
– distribuidoras de valores mobiliários;

III – corretoras de câmbio e de valores mobiliários;

IV
– sociedades de crédito, financiamento e investimentos;

V
– sociedades de crédito imobiliário;

VI
– administradoras de cartões de crédito;

VII – sociedades de arrendamento mercantil;

VIII – administradoras de mercado de balcão organizado;

IX
– cooperativas de crédito;

X
– associações de poupança e empréstimo;

XI
– bolsas de valores e de mercadorias e futuros;

XII – entidades de liquidação e compensação;

XIII – outras sociedades que, em razão da natureza de suas operações, assim venham
a ser consideradas pelo Conselho Monetário Nacional.

§
2o As empresas de fomento comercial ou factoring, para os efeitos desta
Lei Complementar, obedecerão às normas aplicáveis às instituições financeiras
previstas no § 1o.

§
3o Não constitui violação do dever de sigilo:

I
– a troca de informações entre instituições financeiras, para fins cadastrais,
inclusive por intermédio de centrais de risco, observadas as normas baixadas pelo
Conselho Monetário Nacional e pelo Banco Central do Brasil;

II
\- o fornecimento de informações constantes de cadastro de emitentes de cheques sem
provisão de fundos e de devedores inadimplentes, a entidades de proteção ao crédito,
observadas as normas baixadas pelo Conselho Monetário Nacional e pelo Banco Central do
Brasil;

III – o fornecimento das informações de que trata o [§\\
2o do art. 11 da Lei no 9.311, de 24 de outubro de\\
1996;](https://www.planalto.gov.br/ccivil_03/leis/L9311.htm#art11%C2%A72)

IV
– a comunicação, às autoridades competentes, da prática de ilícitos penais ou
administrativos, abrangendo o fornecimento
de informações sobre operações que envolvam recursos provenientes de qualquer prática
criminosa;

V
– a revelação de informações sigilosas com o consentimento expresso dos
interessados;

VI
– a prestação de informações nos termos e condições estabelecidos nos artigos 2o,
3o, 4o, 5o, 6o, 7o
e 9 desta Lei Complementar.

VII - o fornecimento de dados financeiros e de pagamentos, relativos a
operações de crédito e obrigações de pagamento adimplidas ou em andamento de
pessoas naturais ou jurídicas, a gestores de bancos de dados, para formação
de histórico de crédito, nos termos de lei específica.
[(Incluído pela Lei Complementar nº 166, de 2019)](https://www.planalto.gov.br/ccivil_03/leis/lcp/Lcp166.htm#art1)[(Vigência)](https://www.planalto.gov.br/ccivil_03/leis/lcp/Lcp166.htm#art7ii)

VIII - a
prestação ou publicação de informações relativas à identificação dos
beneficiários pessoas jurídicas e dos valores aproveitados na
concessão de incentivo ou benefício de natureza tributária,
financeira ou creditícia que implique diminuição de receita ou
aumento de despesa.      [(Incluído \\
pela Lei Complementar nº 224, de 2025)](https://www.planalto.gov.br/ccivil_03/leis/lcp/Lcp224.htm#art3)[Produção de efeitos](https://www.planalto.gov.br/ccivil_03/leis/lcp/Lcp105.htm#art14)

§
4o A quebra de sigilo poderá ser decretada, quando necessária para
apuração de ocorrência de qualquer ilícito, em qualquer fase do inquérito ou do
processo judicial, e especialmente nos seguintes crimes:

I
– de terrorismo;

II
– de tráfico ilícito de substâncias entorpecentes ou drogas afins;

III – de contrabando ou tráfico de armas, munições ou material destinado a sua
produção;

IV
– de extorsão mediante seqüestro;

V
– contra o sistema financeiro nacional;

VI
– contra a Administração Pública;

VII – contra a ordem tributária e a previdência social;

VIII – lavagem de dinheiro ou ocultação de bens, direitos e valores;

IX
– praticado por organização criminosa.

Art. 2oO dever de sigilo é extensivo ao Banco Central do
Brasil, em relação às operações que realizar e às informações que obtiver no
exercício de suas atribuições.

§
1o O sigilo, inclusive quanto a contas de depósitos, aplicações e
investimentos mantidos em instituições financeiras, não pode ser oposto ao Banco
Central do Brasil:

I
– no desempenho de suas funções de fiscalização, compreendendo a apuração, a
qualquer tempo, de ilícitos praticados por controladores, administradores, membros de
conselhos estatutários, gerentes, mandatários e prepostos de instituições financeiras;

II
– ao proceder a inquérito em instituição financeira submetida a regime especial.

§
2o As comissões encarregadas dos inquéritos a que se refere o inciso
II do § 1o poderão examinar quaisquer documentos relativos a bens,
direitos e obrigações das instituições financeiras, de seus controladores,
administradores, membros de conselhos estatutários, gerentes, mandatários e prepostos,
inclusive contas correntes e operações com outras instituições financeiras.

§
3o O disposto neste artigo aplica-se à Comissão de Valores
Mobiliários, quando se tratar de fiscalização de operações e serviços no mercado de
valores mobiliários, inclusive nas instituições financeiras que sejam companhias
abertas.

§
4o O Banco Central do Brasil e a Comissão de Valores Mobiliários, em
suas áreas de competência, poderão firmar convênios:

I
\- com outros órgãos públicos fiscalizadores de instituições financeiras, objetivando
a realização de fiscalizações conjuntas, observadas as respectivas competências;

II
\- com bancos centrais ou entidades fiscalizadoras de outros países, objetivando:

a)a fiscalização de filiais e subsidiárias de instituições financeiras
estrangeiras, em funcionamento no Brasil e de filiais e subsidiárias, no exterior, de
instituições financeiras brasileiras;

b)a cooperação mútua e o intercâmbio de informações para a investigação de
atividades ou operações que impliquem aplicação, negociação, ocultação ou
transferência de ativos financeiros e de valores mobiliários relacionados com a prática
de condutas ilícitas.

§
5o O dever de sigilo de que trata esta Lei Complementar estende-se aos
órgãos fiscalizadores mencionados no § 4o e a seus agentes.

§
6o O Banco Central do Brasil, a Comissão de Valores Mobiliários e os
demais órgãos de fiscalização, nas áreas de suas atribuições, fornecerão ao
Conselho de Controle de Atividades Financeiras – COAF, de que trata o
[art. 14 da Lei\\
no 9.613, de 3 de março de 1998](https://www.planalto.gov.br/ccivil_03/leis/L9613.htm#art14), as informações cadastrais e de
movimento de valores relativos às operações previstas no inciso I do art. 11 da
referida Lei.

Art. 3oSerão prestadas pelo Banco Central do Brasil, pela
Comissão de Valores Mobiliários e pelas instituições financeiras as informações
ordenadas pelo Poder Judiciário, preservado o seu caráter sigiloso mediante acesso
restrito às partes, que delas não poderão servir-se para fins estranhos à lide.

§
1o Dependem de prévia autorização do Poder Judiciário a prestação
de informações e o fornecimento de documentos sigilosos solicitados por comissão de
inquérito administrativo destinada a apurar responsabilidade de servidor público por
infração praticada no exercício de suas atribuições, ou que tenha relação com as
atribuições do cargo em que se encontre investido.

§
2o Nas hipóteses do § 1o, o requerimento de quebra
de sigilo independe da existência de processo judicial em curso.

§
3o Além dos casos previstos neste artigo o Banco Central do Brasil e a
Comissão de Valores Mobiliários fornecerão à Advocacia-Geral da União as
informações e os documentos necessários à defesa da União nas ações em que seja
parte.

Art. 4oO Banco Central do Brasil e a Comissão de Valores
Mobiliários, nas áreas de suas atribuições, e as instituições financeiras
fornecerão ao Poder Legislativo Federal as informações e os documentos sigilosos que,
fundamentadamente, se fizerem necessários ao exercício de suas respectivas competências
constitucionais e legais.

§
1o As comissões parlamentares de inquérito, no exercício de sua
competência constitucional e legal de ampla investigação, obterão as informações e
documentos sigilosos de que necessitarem, diretamente das instituições  financeiras, ou por intermédio do Banco Central do Brasil ou da
Comissão de Valores Mobiliários.

§
2o As solicitações de que trata este artigo deverão ser previamente
aprovadas pelo Plenário da Câmara dos Deputados, do Senado Federal, ou do plenário de
suas respectivas comissões parlamentares de inquérito.

Art. 5oO Poder Executivo disciplinará, inclusive
quanto à periodicidade e aos limites de valor, os critérios segundo os quais as
instituições financeiras informarão à administração tributária da União, as
operações financeiras efetuadas pelos usuários de seus serviços.           [(Regulamento)](https://www.planalto.gov.br/ccivil_03/decreto/2002/D4489.htm)

§ 1o Consideram-se operações financeiras, para os
efeitos deste artigo:

I
– depósitos à vista e a prazo, inclusive em conta de poupança;

II
– pagamentos efetuados em moeda corrente ou em cheques;

III – emissão de ordens de crédito ou documentos assemelhados;

IV
– resgates em contas de depósitos à vista ou a prazo, inclusive de poupança;

V
– contratos de mútuo;

VI
– descontos de duplicatas, notas promissórias e outros títulos de crédito;

VII – aquisições e vendas de títulos de renda fixa ou variável;

VIII – aplicações em fundos de investimentos;

IX
– aquisições de moeda estrangeira;

X
– conversões de moeda estrangeira em moeda nacional;

XI
– transferências de moeda e outros valores para o exterior;

XII – operações com ouro, ativo financeiro;

XIII - operações com cartão de crédito;

XIV - operações de arrendamento mercantil; e

XV
– quaisquer outras operações de natureza semelhante que venham a ser autorizadas
pelo Banco Central do Brasil, Comissão de Valores Mobiliários ou outro órgão
competente.

§
2o As informações transferidas na forma do _caput_ deste artigo
restringir-se-ão a informes relacionados com a identificação dos titulares das
operações e os montantes globais mensalmente movimentados, vedada a inserção de
qualquer elemento que permita identificar a sua origem ou a natureza dos gastos a partir
deles efetuados.

§
3o Não se incluem entre as informações de que trata este artigo as
operações financeiras efetuadas pelas administrações direta e indireta da União, dos
Estados, do Distrito Federal e dos Municípios.

§
4o Recebidas as informações de que trata este artigo, se detectados
indícios de falhas, incorreções ou omissões, ou de cometimento de ilícito fiscal, a
autoridade interessada poderá requisitar as informações e os documentos de que
necessitar, bem como realizar fiscalização ou auditoria para a adequada apuração dos
fatos.

§
5o As informações a que refere este artigo serão conservadas sob
sigilo fiscal, na forma da legislação em vigor.

Art. 6oAs autoridades e os agentes fiscais
tributários da União, dos Estados, do Distrito Federal e dos Municípios somente
poderão examinar documentos, livros e registros de instituições financeiras, inclusive
os referentes a contas de depósitos e aplicações financeiras, quando houver processo
administrativo instaurado ou procedimento fiscal em curso e tais exames sejam considerados
indispensáveis pela autoridade administrativa competente.            [(Regulamento)](https://www.planalto.gov.br/ccivil_03/decreto/2001/D3724.htm)

Parágrafo único. O resultado dos exames, as informações e os documentos a que se
refere este artigo serão conservados em sigilo, observada a legislação tributária.

Art. 7oSem prejuízo do disposto no § 3o do
art. 2o, a Comissão de Valores Mobiliários, instaurado inquérito
administrativo, poderá solicitar à autoridade judiciária competente o levantamento do
sigilo junto às instituições financeiras de informações e documentos relativos a
bens, direitos e obrigações de pessoa física ou jurídica submetida ao seu poder
disciplinar.

Parágrafo único. O Banco Central do Brasil e a Comissão de Valores Mobiliários,
manterão permanente intercâmbio de informações acerca dos resultados das inspeções
que realizarem, dos inquéritos que instaurarem e das penalidades que aplicarem, sempre
que as informações forem necessárias ao desempenho de suas atividades.

Art. 8oO cumprimento das exigências e formalidades previstas
nos artigos 4o, 6o e 7o, será
expressamente declarado pelas autoridades competentes nas solicitações dirigidas ao
Banco Central do Brasil, à Comissão de Valores Mobiliários ou às instituições
financeiras.

Art. 9oQuando, no exercício de suas atribuições,
o Banco Central do Brasil e a Comissão de Valores Mobiliários verificarem a ocorrência
de crime definido em lei como de ação pública, ou indícios da prática de tais crimes,
informarão ao Ministério Público, juntando à comunicação os documentos necessários
à apuração ou comprovação dos fatos.

§
1o A comunicação de que trata este artigo será efetuada pelos
Presidentes do Banco Central do Brasil e da Comissão de Valores Mobiliários, admitida
delegação de competência, no prazo máximo de quinze dias, a contar do recebimento do
processo, com manifestação dos respectivos serviços jurídicos.

§
2o Independentemente do disposto no _caput_ deste artigo, o Banco
Central do Brasil e a Comissão de Valores Mobiliários comunicarão aos órgãos
públicos competentes as irregularidades e os ilícitos administrativos de que tenham
conhecimento, ou indícios de sua prática, anexando os documentos pertinentes.

Art. 10.A quebra de sigilo, fora das hipóteses autorizadas nesta Lei
Complementar, constitui crime e sujeita os responsáveis à pena de reclusão, de um a
quatro anos, e multa, aplicando-se, no que couber, o Código Penal, sem prejuízo de
outras sanções cabíveis.

Parágrafo único. Incorre nas mesmas penas quem omitir, retardar injustificadamente ou
prestar falsamente as informações requeridas nos termos desta Lei Complementar.

Art. 11.O servidor público que utilizar ou viabilizar a utilização de qualquer
informação obtida em decorrência da quebra de sigilo de que trata esta Lei Complementar
responde pessoal e diretamente pelos danos decorrentes, sem prejuízo da responsabilidade
objetiva da entidade pública, quando comprovado que o servidor agiu de acordo com
orientação oficial.

Art. 12.Esta Lei Complementar entra em vigor na data de sua publicação.

Art. 13.Revoga-se o [art. 38 da Lei no\\
4.595, de 31 de dezembro de 1964.](https://www.planalto.gov.br/ccivil_03/leis/L4595.htm#art38)

Brasília, 10 de janeiro de 2001; 180o
da Independência e 113o da República.

FERNANDO HENRIQUE CARDOSO

_José Gregori_

_Pedro Malan_

_Martus Tavares_

Este texto não substitui o
publicado no DOU de 11.1.2001

\*",https://www.planalto.gov.br/ccivil_03/leis/lcp/Lcp105.htm
https://www.planalto.gov.br/ccivil_03/leis/2002/L10637.htm,https://www.planalto.gov.br/ccivil_03/leis/lcp/lcp214.htm,inciso    III do § 1º,https://www.planalto.gov.br/ccivil_03/leis/lcp/lcp214.htm,Full document of inciso    III do § 1º at https://www.planalto.gov.br/ccivil_03/leis/2002/L10637.htm.,
https://www.planalto.gov.br/ccivil_03/leis/2003/L10.833.htm,https://www.planalto.gov.br/ccivil_03/leis/lcp/lcp214.htm,inciso III do § 1º,https://www.planalto.gov.br/ccivil_03/leis/lcp/lcp214.htm,Full document of inciso III do § 1º at https://www.planalto.gov.br/ccivil_03/leis/2003/L10.833.htm.,
https://www.planalto.gov.br/ccivil_03/_Ato2004-2006/2004/Lei/L10.865.htm,https://www.planalto.gov.br/ccivil_03/leis/lcp/lcp214.htm,§§    4º,https://www.planalto.gov.br/ccivil_03/leis/lcp/lcp214.htm,Full document of §§    4º at https://www.planalto.gov.br/ccivil_03/_Ato2004-2006/2004/Lei/L10.865.htm.,
https://www.planalto.gov.br/ccivil_03/_Ato2007-2010/2007/Lei/L11488.htm,https://www.planalto.gov.br/ccivil_03/leis/lcp/lcp214.htm,"art.    6º da Lei nº 11.488, de 15 de junho de 2007.",https://www.planalto.gov.br/ccivil_03/leis/lcp/lcp214.htm,"Full document of art.    6º da Lei nº 11.488, de 15 de junho de 2007. at https://www.planalto.gov.br/ccivil_03/_Ato2007-2010/2007/Lei/L11488.htm.",
https://www.planalto.gov.br/ccivil_03/leis/L9718.htm,https://www.planalto.gov.br/ccivil_03/leis/lcp/lcp214.htm,"Lei nº 9.718, de 27 de novembro de 1998,",https://www.planalto.gov.br/ccivil_03/leis/lcp/lcp214.htm,"Full document of Lei nº 9.718, de 27 de novembro de 1998, at https://www.planalto.gov.br/ccivil_03/leis/L9718.htm.",
https://www.planalto.gov.br/ccivil_03/leis/L10147.htm,https://www.planalto.gov.br/ccivil_03/leis/lcp/lcp214.htm,"inciso I    do art. 1º da Lei nº 10.147, de 21 de dezembro de 2000",https://www.planalto.gov.br/ccivil_03/leis/lcp/lcp214.htm,"Full document of inciso I    do art. 1º da Lei nº 10.147, de 21 de dezembro de 2000 at https://www.planalto.gov.br/ccivil_03/leis/L10147.htm.",
https://www.planalto.gov.br/ccivil_03/MPV/2158-35.htm,https://www.planalto.gov.br/ccivil_03/leis/lcp/lcp214.htm,"art. 43 da    Medida Provisória nº 2.158-35, de 24 de agosto de 2001",https://www.planalto.gov.br/ccivil_03/leis/lcp/lcp214.htm,"Full document of art. 43 da    Medida Provisória nº 2.158-35, de 24 de agosto de 2001 at https://www.planalto.gov.br/ccivil_03/MPV/2158-35.htm.",
https://www.planalto.gov.br/ccivil_03/leis/L9532.htm,https://www.planalto.gov.br/ccivil_03/leis/lcp/lcp214.htm,"art. 53 da    Lei nº 9.532, de 10 de dezembro de 1997",https://www.planalto.gov.br/ccivil_03/leis/lcp/lcp214.htm,"Full document of art. 53 da    Lei nº 9.532, de 10 de dezembro de 1997 at https://www.planalto.gov.br/ccivil_03/leis/L9532.htm.",
https://www.planalto.gov.br/ccivil_03/_Ato2011-2014/2011/Lei/L12402.htm,https://www.planalto.gov.br/ccivil_03/leis/lcp/lcp214.htm,"inciso II    do art. 6º da Lei nº 12.402, de 2 de maio de 2011",https://www.planalto.gov.br/ccivil_03/leis/lcp/lcp214.htm,"Full document of inciso II    do art. 6º da Lei nº 12.402, de 2 de maio de 2011 at https://www.planalto.gov.br/ccivil_03/_Ato2011-2014/2011/Lei/L12402.htm.",
https://www.planalto.gov.br/ccivil_03/leis/lcp/Lcp160.htm,https://www.planalto.gov.br/ccivil_03/leis/lcp/lcp214.htm,"art. 3º, inciso II,    da Lei Complementar nº 160, de 7 de agosto de 2017,",https://www.planalto.gov.br/ccivil_03/leis/lcp/lcp214.htm,"Full document of art. 3º, inciso II,    da Lei Complementar nº 160, de 7 de agosto de 2017, at https://www.planalto.gov.br/ccivil_03/leis/lcp/Lcp160.htm.",
https://www.planalto.gov.br/ccivil_03/leis/L9784.htm,https://www.planalto.gov.br/ccivil_03/leis/lcp/lcp214.htm,"Lei nº 9.784, de    29 de janeiro de 1999.",https://www.planalto.gov.br/ccivil_03/leis/lcp/lcp214.htm,"Full document of Lei nº 9.784, de    29 de janeiro de 1999. at https://www.planalto.gov.br/ccivil_03/leis/L9784.htm.",
https://www.planalto.gov.br/ccivil_03/Decreto-Lei/Del1437.htm,https://www.planalto.gov.br/ccivil_03/leis/lcp/lcp214.htm,"art. 6º do Decreto-lei nº 1.437,    de 17 de dezembro de 1975",https://www.planalto.gov.br/ccivil_03/leis/lcp/lcp214.htm,"Full document of art. 6º do Decreto-lei nº 1.437,    de 17 de dezembro de 1975 at https://www.planalto.gov.br/ccivil_03/Decreto-Lei/Del1437.htm.",
https://www.planalto.gov.br/ccivil_03/leis/lcp/Lcp101.htm,https://www.planalto.gov.br/ccivil_03/leis/lcp/lcp214.htm,art. 9º,https://www.planalto.gov.br/ccivil_03/leis/lcp/lcp214.htm,"|     |     |
| --- | --- |
| ![Brastra.gif (4376 bytes)](https://www.planalto.gov.br/ccivil_03/leis/Brastra.gif) | **Presidência**<br>**da República**<br>**Casa Civil**<br>**Subchefia para Assuntos Jurídicos** |

[**LEI COMPLEMENTAR Nº 101, DE 4 DE MAIO DE**\\
**2000**](http://legislacao.planalto.gov.br/legisla/legislacao.nsf/Viw_Identificacao/lcp%20101-2000?OpenDocument)

|     |     |
| --- | --- |
| [Mensagem de veto](https://www.planalto.gov.br/ccivil_03/leis/Mensagem_Veto/2000/Vep101-00.htm)<br>[(Vide \<br>ADI 2238)](https://portal.stf.jus.br/processos/detalhe.asp?incidente=1829732) | Estabelece<br>normas de finanças públicas voltadas para a responsabilidade na gestão fiscal e dá<br>outras providências. |

**O PRESIDENTE DA REPÚBLICA** Faço saber que o Congresso Nacional decreta e eu sanciono
a seguinte Lei Complementar:

CAPÍTULO I

DISPOSIÇÕES PRELIMINARES

Art. 1oEsta Lei Complementar estabelece
normas de finanças públicas voltadas para a responsabilidade na gestão fiscal, com
amparo no [Capítulo II do Título VI da Constituição](https://www.planalto.gov.br/ccivil_03/Constituicao/Constituicao.htm#titulovicapituloii).

§ 1o A responsabilidade na gestão fiscal
pressupõe a ação planejada e transparente, em que se previnem riscos e corrigem desvios
capazes de afetar o equilíbrio das contas públicas, mediante o cumprimento de metas de
resultados entre receitas e despesas e a obediência a limites e condições no que tange
a renúncia de receita, geração de despesas com pessoal, da seguridade social e outras,
dívidas consolidada e mobiliária, operações de crédito, inclusive por antecipação
de receita, concessão de garantia e inscrição em Restos a Pagar.

§
2o As disposições desta Lei Complementar obrigam a União, os Estados,
o Distrito Federal e os Municípios.

§
3o Nas referências:

I
\- à União, aos Estados, ao Distrito Federal e aos Municípios, estão compreendidos:

a)o Poder Executivo, o Poder Legislativo, neste abrangidos os Tribunais de Contas, o
Poder Judiciário e o Ministério Público;

b)as respectivas administrações diretas, fundos, autarquias, fundações e empresas
estatais dependentes;

II
\- a Estados entende-se considerado o Distrito Federal;

III - a Tribunais de Contas estão incluídos: Tribunal de Contas da União, Tribunal de
Contas do Estado e, quando houver, Tribunal de Contas dos Municípios e Tribunal de Contas
do Município.

Art. 2oPara os efeitos desta Lei
Complementar, entende-se como:

I - ente da Federação: a União, cada Estado, o Distrito Federal
e cada Município;

II
\- empresa controlada: sociedade cuja maioria do capital social com direito a voto
pertença, direta ou indiretamente, a ente da Federação;

III - empresa estatal dependente: empresa controlada que receba do ente controlador
recursos financeiros para pagamento de despesas com pessoal ou de custeio em geral ou de
capital, excluídos, no último caso, aqueles provenientes de aumento de participação
acionária;
[(Regulamento)](https://www.planalto.gov.br/ccivil_03/_Ato2019-2022/2021/Decreto/D10690.htm)

IV
\- receita corrente líquida: somatório das receitas tributárias, de contribuições,
patrimoniais, industriais, agropecuárias, de serviços, transferências correntese outras receitas também correntes, deduzidos:

~~a)na União, os valores transferidos aos Estados e Municípios por determinação
constitucional ou legal, e as contribuições mencionadas na
[alínea a do inciso I](https://www.planalto.gov.br/ccivil_03/Constituicao/Constituicao.htm#art195ia)
e no [inciso II do art. 195](https://www.planalto.gov.br/ccivil_03/Constituicao/Constituicao.htm#art195ii), e no
[art. 239 da Constituição](https://www.planalto.gov.br/ccivil_03/Constituicao/Constituicao.htm#art239);~~

a) na União, os valores transferidos aos
Estados, Distrito Federal e Municípios por determinação constitucional
ou legal, inclusive os valores entregues aos Estados e ao Distrito
Federal por meio do Fundo instituído pelo
[art. 159-A da Constituição](https://www.planalto.gov.br/ccivil_03/Constituicao/Constituicao.htm#art159a), e
as contribuições mencionadas na alínea
[“a” do inciso](https://www.planalto.gov.br/ccivil_03/Constituicao/Constituicao.htm#art195ia) I e no
[inciso II do \\
art. 195, e no art. 239 da Constituição;](https://www.planalto.gov.br/ccivil_03/Constituicao/Constituicao.htm#art195ii)[(Redação dada pela Lei \\
Complementar nº 214, de 2025)](https://www.planalto.gov.br/ccivil_03/leis/lcp/Lcp214.htm#art535) [Produção de efeitos](https://www.planalto.gov.br/ccivil_03/leis/lcp/Lcp214.htm#art544-6)

b)nos Estados, as parcelas entregues aos Municípios por determinação constitucional;

c)na União, nos Estados e nos Municípios, a contribuição dos servidores para o
custeio do seu sistema de previdência e assistência social e as receitas provenientes da
compensação financeira citada no
[§ 9º do art. 201 da Constituição](https://www.planalto.gov.br/ccivil_03/Constituicao/Constituicao.htm#art201%C2%A79).

§
1o Serão computados no cálculo da receita corrente líquida os valores
pagos e recebidos em decorrência da [Lei Complementar no 87, de 13 de\\
setembro de 1996](https://www.planalto.gov.br/ccivil_03/leis/lcp/Lcp87.htm), e do fundo previsto pelo
[art. 60 do Ato das Disposições\\
Constitucionais Transitórias](https://www.planalto.gov.br/ccivil_03/Constituicao/Constituicao.htm#adctart60.).

§
2o Não serão considerados na receita corrente líquida do Distrito
Federal e dos Estados do Amapá e de Roraima os recursos recebidos da União para
atendimento das despesas de que trata o inciso V do § 1o do art. 19.

§
3o A receita corrente líquida será apurada somando-se as receitas
arrecadadas no mês em referência e nos onze anteriores, excluídas as duplicidades.

CAPÍTULO II

DO PLANEJAMENTO

**Seção I**

**Do Plano Plurianual**

Art. 3o(VETADO)

**Seção II**

**Da Lei de Diretrizes Orçamentárias**

Art. 4oA lei de diretrizes
orçamentárias atenderá o disposto no
[§ 2o do art. 165 da\\
Constituição](https://www.planalto.gov.br/ccivil_03/Constituicao/Constituicao.htm#art165%C2%A72) e:

I
\- disporá também sobre:

a)
equilíbrio entre receitas e despesas;

b)
critérios e forma de limitação de empenho, a ser efetivada nas hipóteses previstas na
alínea _b_ do inciso II deste artigo, no art. 9o e no inciso II do
§ 1o do art. 31;

c)
(VETADO)

d)
(VETADO)

e)
normas relativas ao controle de custos e à avaliação dos resultados dos programas
financiados com recursos dos orçamentos;

f)
demais condições e exigências para transferências de recursos a entidades públicas e
privadas;

II
\- (VETADO)

III - (VETADO)

§ 1o Integrará o projeto de lei de
diretrizes orçamentárias Anexo de Metas Fiscais, em que serão estabelecidas metas
anuais, em valores correntes e constantes, relativas a receitas, despesas, resultados
nominal e primário e montante da dívida pública, para o exercício a que se referirem e
para os dois seguintes.[(Vide ADI 7064)](https://portal.stf.jus.br/processos/detalhe.asp?incidente=6330822)

§ 2o O Anexo conterá, ainda:

I - avaliação do cumprimento das metas relativas ao ano
anterior;

II - demonstrativo das metas anuais, instruído com memória e
metodologia de cálculo que justifiquem os resultados pretendidos, comparando-as com as
fixadas nos três exercícios anteriores, e evidenciando a consistência delas com as
premissas e os objetivos da política econômica nacional;

III - evolução do patrimônio líquido, também nos
últimos três exercícios, destacando a origem e a aplicação dos recursos obtidos com a
alienação de ativos;

IV
\- avaliação da situação financeira e atuarial:

a)
dos regimes geral de previdência social e próprio dos servidores públicos e do Fundo de
Amparo ao Trabalhador;

b)
dos demais fundos públicos e programas estatais de natureza atuarial;

V - demonstrativo da estimativa e compensação da renúncia de
receita e da margem de expansão das despesas obrigatórias de caráter continuado.

VI – quadro demonstrativo do cálculo
da meta do resultado primário de que trata o § 1º deste artigo, que
evidencie os principais agregados de receitas e despesas, os
resultados, comparando-os com os valores programados para o
exercício em curso e os realizados nos 2 (dois) exercícios
anteriores, e as estimativas para o exercício a que se refere a lei
de diretrizes orçamentárias e para os subsequentes.
[(Incluído pela Lei Complementar nº 200, de 2023)](https://www.planalto.gov.br/ccivil_03/leis/lcp/Lcp200.htm#art11)[Vigência](https://www.planalto.gov.br/ccivil_03/leis/lcp/Lcp200.htm#art15)

§ 3o A lei de diretrizes orçamentárias
conterá Anexo de Riscos Fiscais, onde serão avaliados os passivos contingentes e outros
riscos capazes de afetar as contas públicas, informando as providências a serem tomadas,
caso se concretizem.

§ 4o A mensagem que encaminhar o projeto da União
apresentará, em anexo específico, os objetivos das políticas monetária, creditícia e
cambial, bem como os parâmetros e as projeções para seus principais agregados e
variáveis, e ainda as metas de inflação, para o exercício subseqüente.

§ 5º No caso da União, o Anexo de
Metas Fiscais do projeto de lei de diretrizes orçamentárias conterá
também:   [(Incluído \\
pela Lei Complementar nº 200, de 2023)](https://www.planalto.gov.br/ccivil_03/leis/lcp/Lcp200.htm#art11)[Vigência](https://www.planalto.gov.br/ccivil_03/leis/lcp/Lcp200.htm#art15)

I - as metas anuais para o exercício a
que se referir e para os 3 (três) seguintes, com o objetivo de
garantir sustentabilidade à trajetória da dívida pública;   [(Incluído \\
pela Lei Complementar nº 200, de 2023)](https://www.planalto.gov.br/ccivil_03/leis/lcp/Lcp200.htm#art11)[Vigência](https://www.planalto.gov.br/ccivil_03/leis/lcp/Lcp200.htm#art15)

II – o marco fiscal de médio prazo,
com projeções para os principais agregados fiscais que compõem os
cenários de referência, distinguindo-se as despesas primárias das
financeiras e as obrigatórias daquelas discricionárias;   [(Incluído \\
pela Lei Complementar nº 200, de 2023)](https://www.planalto.gov.br/ccivil_03/leis/lcp/Lcp200.htm#art11)[Vigência](https://www.planalto.gov.br/ccivil_03/leis/lcp/Lcp200.htm#art15)

III - o efeito esperado e a
compatibilidade, no período de 10 (dez) anos, do cumprimento das
metas de resultado primário sobre a trajetória de convergência da
dívida pública, evidenciando o nível de resultados fiscais
consistentes com a estabilização da Dívida Bruta do Governo Geral (DBGG)
em relação ao Produto Interno Bruto (PIB);   [(Incluído \\
pela Lei Complementar nº 200, de 2023)](https://www.planalto.gov.br/ccivil_03/leis/lcp/Lcp200.htm#art11)[Vigência](https://www.planalto.gov.br/ccivil_03/leis/lcp/Lcp200.htm#art15)

IV - os intervalos de tolerância para
verificação do cumprimento das metas anuais de resultado primário,
convertido em valores correntes, de menos 0,25 p.p. (vinte e cinco
centésimos ponto percentual) e de mais 0,25 p.p. (vinte e cinco
centésimos ponto percentual) do PIB previsto no respectivo projeto
de lei de diretrizes orçamentárias;   [(Incluído \\
pela Lei Complementar nº 200, de 2023)](https://www.planalto.gov.br/ccivil_03/leis/lcp/Lcp200.htm#art11)[Vigência](https://www.planalto.gov.br/ccivil_03/leis/lcp/Lcp200.htm#art15)

V - os limites e os parâmetros
orçamentários dos Poderes e órgãos autônomos compatíveis com as
disposições estabelecidas na lei complementar prevista no
[inciso \\
VIII do](https://www.planalto.gov.br/ccivil_03/Constituicao/Constituicao.htm#art163viii)[caput do art. 163 da Constituição Federal](https://www.planalto.gov.br/ccivil_03/Constituicao/Constituicao.htm#art163viii) e no
[art. 6º da Emenda \\
Constitucional nº 126, de 21 de dezembro de 2022](https://www.planalto.gov.br/ccivil_03/Constituicao/Emendas/Emc/emc126.htm#art6);   [(Incluído \\
pela Lei Complementar nº 200, de 2023)](https://www.planalto.gov.br/ccivil_03/leis/lcp/Lcp200.htm#art11)[Vigência](https://www.planalto.gov.br/ccivil_03/leis/lcp/Lcp200.htm#art15)

VI – a estimativa do impacto fiscal, quando couber, das
recomendações resultantes da avaliação das políticas públicas
previstas no [§ 16 do art. 37 da Constituição Federal](https://www.planalto.gov.br/ccivil_03/Constituicao/Constituicao.htm#art37%C2%A716).   [(Incluído \\
pela Lei Complementar nº 200, de 2023)](https://www.planalto.gov.br/ccivil_03/leis/lcp/Lcp200.htm#art11)[Vigência](https://www.planalto.gov.br/ccivil_03/leis/lcp/Lcp200.htm#art15)

§ 6º Os Estados, o Distrito Federal e
os Municípios poderão adotar, total ou parcialmente, no que couber,
o disposto no § 5º deste artigo.   [(Incluído \\
pela Lei Complementar nº 200, de 2023)](https://www.planalto.gov.br/ccivil_03/leis/lcp/Lcp200.htm#art11)[Vigência](https://www.planalto.gov.br/ccivil_03/leis/lcp/Lcp200.htm#art15)

§ 7º A lei de diretrizes orçamentárias não poderá
dispor sobre a exclusão de quaisquer despesas primárias da apuração da meta de
resultado primário dos orçamentos fiscal e da seguridade social.   [(Incluído \\
pela Lei Complementar nº 200, de 2023)](https://www.planalto.gov.br/ccivil_03/leis/lcp/Lcp200.htm#art11)[Vigência](https://www.planalto.gov.br/ccivil_03/leis/lcp/Lcp200.htm#art15)

**Seção III**

**Da Lei Orçamentária Anual**

Art. 5o O projeto de lei orçamentária anual,
elaborado de forma compatível com o plano plurianual, com a lei de diretrizes
orçamentárias e com as normas desta Lei Complementar:

I
\- conterá, em anexo, demonstrativo da compatibilidade da programação dos orçamentos
com os objetivos e metas constantes do documento de que trata o § 1o do
art. 4o;

II
\- será acompanhado do documento a que se refere o
[§ 6o do art. 165 da\\
Constituição](https://www.planalto.gov.br/ccivil_03/Constituicao/Constituicao.htm#art165%C2%A76), bem como das medidas de compensação a renúncias de receita e ao aumento
de despesas obrigatórias de caráter continuado;

III - conterá reserva de contingência, cuja forma de
utilização e montante, definido com base na receita corrente líquida, serão
estabelecidos na lei de diretrizes orçamentárias, destinada ao:

a)
(VETADO)

b)
atendimento de passivos contingentes e outros riscos e eventos fiscais imprevistos.

IV -
conterá a estimativa global de incentivos e benefícios de natureza
tributária, financeira e creditícia e para pessoas físicas e
jurídicas; e   [(Incluído \\
pela Lei Complementar nº 224, de 2025)](https://www.planalto.gov.br/ccivil_03/leis/lcp/Lcp224.htm#art2)[Produção de efeitos](https://www.planalto.gov.br/ccivil_03/leis/lcp/Lcp101.htm#art14)

V -
conterá, em anexo, a estimativa das despesas financeiras e das
despesas primárias obrigatórias e discricionárias, no exercício de
sua elaboração e para os 2 (dois) exercícios subsequentes.   [(Incluído \\
pela Lei Complementar nº 224, de 2025)](https://www.planalto.gov.br/ccivil_03/leis/lcp/Lcp224.htm#art2)[Produção de efeitos](https://www.planalto.gov.br/ccivil_03/leis/lcp/Lcp101.htm#art14)

§
1o Todas as despesas relativas à dívida pública, mobiliária ou
contratual, e as receitas que as atenderão, constarão da lei orçamentária anual.

§ 2o O refinanciamento da dívida pública
constará separadamente na lei orçamentária e nas de crédito adicional.

§
3o A atualização monetária do principal da dívida mobiliária
refinanciada não poderá superar a variação do índice de preços previsto na lei de
diretrizes orçamentárias, ou em legislação específica.

§
4o É vedado consignar na lei orçamentária crédito com finalidade
imprecisa ou com dotação ilimitada.

§
5o A lei orçamentária não consignará dotação para investimento com
duração superior a um exercício financeiro que não esteja previsto no plano plurianual
ou em lei que autorize a sua inclusão, conforme disposto no
[§ 1o do\\
art. 167 da Constituição](https://www.planalto.gov.br/ccivil_03/Constituicao/Constituicao.htm#art167%C2%A71).

§
6o Integrarão as despesas da União, e serão incluídas na lei
orçamentária, as do Banco Central do Brasil relativas a pessoal e encargos sociais,
custeio administrativo, inclusive os destinados a benefícios e assistência aos
servidores, e a investimentos.

§
7o(VETADO)

§ 8º As
estimativas de que trata o inciso IV do _caput_ deste artigo
serão organizadas em anexos específicos com estimativa das renúncias
no exercício de referência e nos 2 (dois) exercícios subsequentes.    [(Incluído \\
pela Lei Complementar nº 224, de 2025)](https://www.planalto.gov.br/ccivil_03/leis/lcp/Lcp224.htm#art2)[Produção de efeitos](https://www.planalto.gov.br/ccivil_03/leis/lcp/Lcp101.htm#art14)

Art. 6o(VETADO)

Art. 7oO resultado do Banco Central do
Brasil, apurado após a constituição ou reversão de reservas, constitui receita do
Tesouro Nacional, e será transferido até o décimo dia útil subseqüente à aprovação
dos balanços semestrais.

§
1o O resultado negativo constituirá obrigação do Tesouro para com o
Banco Central do Brasil e será consignado em dotação específica no orçamento.

§
2o O impacto e o custo fiscal das operações realizadas pelo Banco
Central do Brasil serão demonstrados trimestralmente, nos termos em que dispuser a lei de
diretrizes orçamentárias da União.

§
3o Os balanços trimestrais do Banco Central do Brasil conterão notas
explicativas sobre os custos da remuneração das disponibilidades do Tesouro Nacional e
da manutenção das reservas cambiais e a rentabilidade de sua carteira de títulos,
destacando os de emissão da União.

**Seção IV**

**Da Execução Orçamentária e do Cumprimento**
**das Metas**

Art. 8oAté trinta dias após a publicação dos
orçamentos, nos termos em que dispuser a lei de diretrizes orçamentárias e observado o
disposto na alínea _c_ do inciso I do art. 4o, o Poder Executivo
estabelecerá a programação financeira e o cronograma de execução mensal de
desembolso.
[(Vide Decreto nº 4.959, de \\
2004)](https://www.planalto.gov.br/ccivil_03/_Ato2004-2006/2004/Decreto/D4959.htm) [(Vide Decreto nº 5.356, de \\
2005)](https://www.planalto.gov.br/ccivil_03/_Ato2004-2006/2005/Decreto/D5356.htm)

Parágrafo único. Os recursos legalmente vinculados a finalidade específica serão
utilizados exclusivamente para atender ao objeto de sua vinculação, ainda que em
exercício diverso daquele em que ocorrer o ingresso.

Art. 9oSe verificado, ao final de um bimestre,
que a realização da receita poderá não comportar o cumprimento das metas de resultado
primário ou nominal estabelecidas no Anexo de Metas Fiscais, os Poderes e o Ministério
Público promoverão, por ato próprio e nos montantes necessários, nos trinta dias
subseqüentes, limitação de empenho e movimentação financeira, segundo os critérios
fixados pela lei de diretrizes orçamentárias.

§ 1o No caso de restabelecimento da receita
prevista, ainda que parcial, a recomposição das dotações cujos empenhos foram
limitados dar-se-á de forma proporcional às reduções efetivadas.

~~§ 2o Não serão objeto de limitação as despesas que
constituam obrigações constitucionais e legais do ente, inclusive aquelas destinadas ao
pagamento do serviço da dívida, e as ressalvadas pela lei de diretrizes orçamentárias.~~

§ 2º  Não serão objeto de limitação as despesas que constituam
obrigações constitucionais e legais do ente, inclusive aquelas destinadas ao
pagamento do serviço da dívida, as relativas à inovação e ao desenvolvimento
científico e tecnológico custeadas por fundo criado para tal finalidade e as
ressalvadas pela lei de diretrizes orçamentárias.
[(Redação dada pela Lei Complementar nº 177, de 2021)](https://www.planalto.gov.br/ccivil_03/leis/lcp/Lcp177.htm#art1)

§
3o No caso de os Poderes Legislativo e Judiciário e o Ministério
Público não promoverem a limitação no prazo estabelecido no _caput_, é o Poder
Executivo autorizado a limitar os valores financeiros segundo os critérios fixados pela
lei de diretrizes orçamentárias.
[(Vide \\
ADI 2238)](https://portal.stf.jus.br/processos/detalhe.asp?incidente=1829732)

~~§ 4o Até o final dos meses de maio, setembro e fevereiro,
o Poder Executivo demonstrará e avaliará o cumprimento das metas fiscais de cada
quadrimestre, em audiência pública na comissão referida no
[§ 1o do\\
art. 166 da Constituição](https://www.planalto.gov.br/ccivil_03/Constituicao/Constituicao.htm#art166) ou equivalente nas Casas Legislativas estaduais e municipais.~~

§ 4º Até o final dos meses de maio,
setembro e fevereiro, o Ministro ou Secretário de Estado da Fazenda
demonstrará e avaliará o cumprimento das metas fiscais de cada
quadrimestre e a trajetória da dívida, em audiência pública na
comissão referida no § 1º do art. 166 da Constituição Federal ou
conjunta com as comissões temáticas do Congresso Nacional ou
equivalente nas Casas Legislativas estaduais e municipais.  [(Redação \\
dada pela Lei Complementar nº 200, de 2023)](https://www.planalto.gov.br/ccivil_03/leis/lcp/Lcp200.htm#art11)[Vigência](https://www.planalto.gov.br/ccivil_03/leis/lcp/Lcp200.htm#art15)

§ 5o No prazo de noventa dias após o encerramento
de cada semestre, o Banco Central do Brasil apresentará, em reunião conjunta das
comissões temáticas pertinentes do Congresso Nacional, avaliação do cumprimento dos
objetivos e metas das políticas monetária, creditícia e cambial, evidenciando o impacto
e o custo fiscal de suas operações e os resultados demonstrados nos balanços.

Art. 10.A execução orçamentária e financeira identificará os beneficiários
de pagamento de sentenças judiciais, por meio de sistema de contabilidade e
administração financeira, para fins de observância da ordem cronológica determinada no
[art. 100 da Constituição](https://www.planalto.gov.br/ccivil_03/Constituicao/Constituicao.htm#art100.).

CAPÍTULO III

DA RECEITA PÚBLICA

**Seção I**

**Da Previsão e da Arrecadação**

Art. 11.Constituem requisitos essenciais da responsabilidade na gestão fiscal a
instituição, previsão e efetiva arrecadação de todos os tributos da competência
constitucional do ente da Federação.

Parágrafo único. É vedada a realização de transferências
voluntárias para o ente que não observe o disposto no _caput,_ no que se refere aos
impostos.

Art. 12.As previsões de receita observarão as normas técnicas e
legais, considerarão os efeitos das alterações na legislação, da variação do
índice de preços, do crescimento econômico ou de qualquer outro fator relevante e
serão acompanhadas de demonstrativo de sua evolução nos últimos três anos, da
projeção para os dois seguintes àquele a que se referirem, e da metodologia de cálculo
e premissas utilizadas _._

§
1o Reestimativa de receita por parte do Poder Legislativo só será
admitida se comprovado erro ou omissão de ordem técnica ou legal.

§
2o O montante previsto para as receitas de operações de crédito não
poderá ser superior ao das despesas de capital constantes do projeto de lei
orçamentária.
[(Vide\\
ADI 2238)](https://portal.stf.jus.br/processos/detalhe.asp?incidente=1829732)

§ 3o O Poder Executivo de cada ente colocará à
disposição dos demais Poderes e do Ministério Público, no mínimo trinta dias antes do
prazo final para encaminhamento de suas propostas orçamentárias, os estudos e as
estimativas das receitas para o exercício subseqüente, inclusive da corrente líquida, e
as respectivas memórias de cálculo.

Art. 13.No prazo previsto no art. 8o, as receitas
previstas serão desdobradas, pelo Poder Executivo, em metas bimestrais de arrecadação,
com a especificação, em separado, quando cabível, das medidas de combate à evasão e
à sonegação, da quantidade e valores de ações ajuizadas para cobrança da dívida
ativa, bem como da evolução do montante dos créditos tributários passíveis de
cobrança administrativa.

**Seção II**

**Da Renúncia de Receita**

~~Art. 14.A concessão ou ampliação de incentivo ou benefício de
natureza tributária da qual decorra renúncia de receita deverá estar acompanhada de
estimativa do impacto orçamentário-financeiro no exercício em que deva iniciar sua
vigência e nos dois seguintes, atender ao disposto na lei de diretrizes orçamentárias e
a pelo menos uma das seguintes condições:
[(Vide Medida Provisória nº 2.159, de \\
2001)](https://www.planalto.gov.br/ccivil_03/MPV/2159-70.htm#art9%C2%A73) [(Vide Lei nº 10.276, de 2001)](https://www.planalto.gov.br/ccivil_03/leis/LEIS_2001/L10276.htm#art1%C2%A77)[(Vide \\
ADI 6357)](http://portal.stf.jus.br/processos/detalhe.asp?incidente=5883343)~~

Art. 14. A concessão, ampliação ou prorrogação de
incentivo ou benefício de natureza tributária da qual decorra renúncia de
receita deverá estar acompanhada de estimativa do impacto
orçamentário-financeiro no exercício em que deva iniciar sua vigência e nos 2
(dois) exercícios subsequentes e atender ao disposto na lei de diretrizes
orçamentárias e a pelo menos 1 (uma) das seguintes condições:   [(Redação \\
dada \\
pela Lei Complementar nº 224, de 2025)](https://www.planalto.gov.br/ccivil_03/leis/lcp/Lcp224.htm#art2)[Produção de efeitos](https://www.planalto.gov.br/ccivil_03/leis/lcp/Lcp101.htm#art14)[(Vide Lei nº 10.276, de 2001)](https://www.planalto.gov.br/ccivil_03/leis/LEIS_2001/L10276.htm#art1%C2%A77)[(Vide \\
ADI 6357)](http://portal.stf.jus.br/processos/detalhe.asp?incidente=5883343)

I
\- demonstração pelo proponente de que a renúncia foi considerada na estimativa de
receita da lei orçamentária, na forma do art. 12, e de que não afetará as metas de
resultados fiscais previstas no anexo próprio da lei de diretrizes orçamentárias;

II
\- estar acompanhada de medidas de compensação, no período mencionado no _caput_,
por meio do aumento de receita, proveniente da elevação de alíquotas, ampliação da
base de cálculo, majoração ou criação de tributo ou contribuição.

§
1o A renúncia compreende anistia, remissão, subsídio, crédito
presumido, concessão de isenção em caráter não geral, alteração de alíquota ou
modificação de base de cálculo que implique redução discriminada de tributos ou
contribuições, e outros benefícios que correspondam a tratamento diferenciado.

§
2o Se o ato de concessão ou ampliação do incentivo ou benefício de
que trata o _caput_ deste artigo decorrer da condição contida no inciso II, o
benefício só entrará em vigor quando implementadas as medidas referidas no mencionado
inciso.

§
3o O disposto neste artigo não se aplica:

I
\- às alterações das alíquotas dos impostos previstos nos
[incisos I](https://www.planalto.gov.br/ccivil_03/Constituicao/Constituicao.htm#art153i), [II](https://www.planalto.gov.br/ccivil_03/Constituicao/Constituicao.htm#art153ii), [IV](https://www.planalto.gov.br/ccivil_03/Constituicao/Constituicao.htm#art153iv) e [V do art.\\
153 da Constituição](https://www.planalto.gov.br/ccivil_03/Constituicao/Constituicao.htm#art153v), na forma do seu
[§ 1º](https://www.planalto.gov.br/ccivil_03/Constituicao/Constituicao.htm#art153%C2%A71);

II
\- ao cancelamento de débito cujo montante seja inferior ao dos respectivos custos de
cobrança.

Art. 14-A. A proposição legislativa que trate
de concessão, ampliação ou prorrogação de qualquer incentivo ou
benefício de natureza tributária que implique renúncia de receita e
cujo beneficiário seja pessoa jurídica deverá estar acompanhada de:   [(Incluído \\
pela Lei Complementar nº 224, de 2025)](https://www.planalto.gov.br/ccivil_03/leis/lcp/Lcp224.htm#art2)[Produção de efeitos](https://www.planalto.gov.br/ccivil_03/leis/lcp/Lcp101.htm#art14)

I -
estimativa de quantitativo de beneficiários;   [(Incluído \\
pela Lei Complementar nº 224, de 2025)](https://www.planalto.gov.br/ccivil_03/leis/lcp/Lcp224.htm#art2)[Produção de efeitos](https://www.planalto.gov.br/ccivil_03/leis/lcp/Lcp101.htm#art14)

II -
prazo de vigência, que não poderá ser superior a 5 (cinco) anos;   [(Incluído \\
pela Lei Complementar nº 224, de 2025)](https://www.planalto.gov.br/ccivil_03/leis/lcp/Lcp224.htm#art2)[Produção de efeitos](https://www.planalto.gov.br/ccivil_03/leis/lcp/Lcp101.htm#art14)

III -
metas de desempenho, que deverão ser objetivas e quantificáveis, em
dimensões econômicas, sociais e ambientais;   [(Incluído \\
pela Lei Complementar nº 224, de 2025)](https://www.planalto.gov.br/ccivil_03/leis/lcp/Lcp224.htm#art2)[Produção de efeitos](https://www.planalto.gov.br/ccivil_03/leis/lcp/Lcp101.htm#art14)

IV -
impacto previsto na redução das desigualdades regionais, se for o
caso; e   [(Incluído \\
pela Lei Complementar nº 224, de 2025)](https://www.planalto.gov.br/ccivil_03/leis/lcp/Lcp224.htm#art2)[Produção de efeitos](https://www.planalto.gov.br/ccivil_03/leis/lcp/Lcp101.htm#art14)

V -
mecanismos de transparência e de monitoramento e avaliação de
resultados em relação às metas de que trata o inciso III deste _caput_.   [(Incluído \\
pela Lei Complementar nº 224, de 2025)](https://www.planalto.gov.br/ccivil_03/leis/lcp/Lcp224.htm#art2)[Produção de efeitos](https://www.planalto.gov.br/ccivil_03/leis/lcp/Lcp101.htm#art14)

§ 1º O
prazo de que trata o inciso II do _caput_ poderá ser superior a
5 (cinco) anos na hipótese de benefícios tributários associados a
investimentos de longo prazo, nos termos estabelecidos em
regulamento e desde que a proposição legislativa esteja acompanhada
de estimativa dos investimentos durante o período em que vigorar o
benefício, sem prejuízo de outras metas previstas na forma do inciso
III do _caput_ deste artigo.   [(Incluído \\
pela Lei Complementar nº 224, de 2025)](https://www.planalto.gov.br/ccivil_03/leis/lcp/Lcp224.htm#art2)[Produção de efeitos](https://www.planalto.gov.br/ccivil_03/leis/lcp/Lcp101.htm#art14)

§ 2º É
vedada a prorrogação de benefícios tributários cujas metas de
resultados definidas na forma do inciso III do _caput_ deste
artigo não tenham sido atingidas ou cuja avaliação de resultados não
tenha sido realizada.   [(Incluído \\
pela Lei Complementar nº 224, de 2025)](https://www.planalto.gov.br/ccivil_03/leis/lcp/Lcp224.htm#art2)[Produção de efeitos](https://www.planalto.gov.br/ccivil_03/leis/lcp/Lcp101.htm#art14)

§ 3º Na
hipótese de que trata o § 1º deste artigo, a vigência do benefício
tributário fica condicionada à realização periódica de avaliação e
ao atingimento de metas de resultados definidas na forma do inciso
III do _caput_ deste artigo, a cada 5 (cinco) anos.   [(Incluído \\
pela Lei Complementar nº 224, de 2025)](https://www.planalto.gov.br/ccivil_03/leis/lcp/Lcp224.htm#art2)[Produção de efeitos](https://www.planalto.gov.br/ccivil_03/leis/lcp/Lcp101.htm#art14)

§ 4º A
avaliação de resultados em relação às metas de que trata o inciso
III do _caput_ deste artigo será realizada por órgão do Poder
Executivo multidisciplinar e especializado no monitoramento e
avaliação de políticas públicas, nos termos de regulamento.   [(Incluído \\
pela Lei Complementar nº 224, de 2025)](https://www.planalto.gov.br/ccivil_03/leis/lcp/Lcp224.htm#art2)[Produção de efeitos](https://www.planalto.gov.br/ccivil_03/leis/lcp/Lcp101.htm#art14)

§ 5º O
disposto neste artigo:   [(Incluído \\
pela Lei Complementar nº 224, de 2025)](https://www.planalto.gov.br/ccivil_03/leis/lcp/Lcp224.htm#art2)[Produção de efeitos](https://www.planalto.gov.br/ccivil_03/leis/lcp/Lcp101.htm#art14)

I -
aplica-se também a proposição legislativa que conceda diferimento de
tributos, ressalvado o diferimento que implique postergação do
pagamento do tributo:   [(Incluído \\
pela Lei Complementar nº 224, de 2025)](https://www.planalto.gov.br/ccivil_03/leis/lcp/Lcp224.htm#art2)[Produção de efeitos](https://www.planalto.gov.br/ccivil_03/leis/lcp/Lcp101.htm#art14)

a) por
prazo igual ou inferior a 60 (sessenta) meses, para pagamento de
forma parcelada, contado daquele em que seria devido o tributo; ou   [(Incluída \\
pela Lei Complementar nº 224, de 2025)](https://www.planalto.gov.br/ccivil_03/leis/lcp/Lcp224.htm#art2)[Produção de efeitos](https://www.planalto.gov.br/ccivil_03/leis/lcp/Lcp101.htm#art14)

b) que,
mesmo que concedido por prazo superior ao previsto na alínea “a”
deste inciso, abranja a totalidade dos contribuintes de determinada
região e seja destinado ao combate aos efeitos de situação de
emergência ou estado de calamidade pública reconhecidos na forma da
legislação; e   [(Incluída \\
pela Lei Complementar nº 224, de 2025)](https://www.planalto.gov.br/ccivil_03/leis/lcp/Lcp224.htm#art2)[Produção de efeitos](https://www.planalto.gov.br/ccivil_03/leis/lcp/Lcp101.htm#art14)

II - não
se aplica às alterações das alíquotas dos impostos previstos nos
[incisos I](https://www.planalto.gov.br/ccivil_03/Constituicao/Constituicao.htm#art153i),
[II](https://www.planalto.gov.br/ccivil_03/Constituicao/Constituicao.htm#art153ii),
[IV](https://www.planalto.gov.br/ccivil_03/Constituicao/Constituicao.htm#art153iv) e
[V do caput do \\
art. 153 da Constituição Federal,](https://www.planalto.gov.br/ccivil_03/Constituicao/Constituicao.htm#art153iv) na forma do § 1º do referido
artigo.   [(Incluído \\
pela Lei Complementar nº 224, de 2025)](https://www.planalto.gov.br/ccivil_03/leis/lcp/Lcp224.htm#art2)[Produção de efeitos](https://www.planalto.gov.br/ccivil_03/leis/lcp/Lcp101.htm#art14)

CAPÍTULO IV

DA DESPESA PÚBLICA

**Seção I**

**Da Geração da Despesa**

Art. 15.Serão consideradas não autorizadas, irregulares e lesivas ao patrimônio
público a geração de despesa ou assunção de obrigação que não atendam o disposto
nos arts. 16 e 17.

Art. 16.A criação, expansão ou aperfeiçoamento de ação
governamental que acarrete aumento da despesa será acompanhado de:       [(Vide \\
ADI 6357)](http://portal.stf.jus.br/processos/detalhe.asp?incidente=5883343)

I
\- estimativa do impacto orçamentário-financeiro no exercício em que deva entrar em
vigor e nos dois subseqüentes;

II - declaração do ordenador da despesa de que o aumento tem
adequação orçamentária e financeira com a lei orçamentária anual e compatibilidade
com o plano plurianual e com a lei de diretrizes orçamentárias.

§ 1o Para os
fins desta Lei Complementar, considera-se:

I
\- adequada com a lei orçamentária anual, a despesa objeto de dotação específica e
suficiente, ou que esteja abrangida por crédito genérico, de forma que somadas todas as
despesas da mesma espécie, realizadas e a realizar, previstas no programa de trabalho,
não sejam ultrapassados os limites estabelecidos para o exercício;

II
\- compatível com o plano plurianual e a lei de diretrizes orçamentárias, a despesa que
se conforme com as diretrizes, objetivos, prioridades e metas previstos nesses
instrumentos e não infrinja qualquer de suas disposições.

§
2o A estimativa de que trata o inciso I do _caput_ será
acompanhada das premissas e metodologia de cálculo utilizadas.

§
3o Ressalva-se do disposto neste artigo a despesa considerada
irrelevante, nos termos em que dispuser a lei de diretrizes orçamentárias.

§
4o As normas do _caput_ constituem condição prévia para:

I
\- empenho e licitação de serviços, fornecimento de bens ou execução de obras;

II
\- desapropriação de imóveis urbanos a que se refere o
[§ 3odo art.\\
182 da Constituição](https://www.planalto.gov.br/ccivil_03/Constituicao/Constituicao.htm#art182%C2%A73).

**Subseção I**

**Da Despesa Obrigatória de Caráter Continuado**

Art. 17.Considera-se obrigatória de caráter continuado a despesa
corrente derivada de lei, medida provisória ou ato administrativo normativo que fixem
para o ente a obrigação legal de sua execução por um período superior a dois
exercícios.       [(Vide \\
ADI 6357)](http://portal.stf.jus.br/processos/detalhe.asp?incidente=5883343)

§
1o Os atos que criarem ou aumentarem despesa de que trata o _caput_
deverão ser instruídos com a estimativa prevista no inciso I do art. 16 e demonstrar a
origem dos recursos para seu custeio.     [(Vide Lei Complementar nº \\
176, de 2020)](https://www.planalto.gov.br/ccivil_03/leis/lcp/Lcp176.htm#art7)

§ 2o Para efeito do atendimento do § 1o,
o ato será acompanhado de comprovação de que a despesa criada ou aumentada não
afetará as metas de resultados fiscais previstas no anexo referido no § 1o
do art. 4o, devendo seus efeitos financeiros, nos períodos seguintes,
ser compensados pelo aumento permanente de receita ou pela redução permanente de
despesa.        [(Vide Lei Complementar nº \\
176, de 2020)](https://www.planalto.gov.br/ccivil_03/leis/lcp/Lcp176.htm#art7)

§
3o Para efeito do § 2o, considera-se aumento
permanente de receita o proveniente da elevação de alíquotas, ampliação da base de
cálculo, majoração ou criação de tributo ou contribuição.      [(Vide Lei Complementar nº \\
176, de 2020)](https://www.planalto.gov.br/ccivil_03/leis/lcp/Lcp176.htm#art7)

§
4o A comprovação referida no § 2o, apresentada pelo
proponente, conterá as premissas e metodologia de cálculo utilizadas, sem prejuízo do
exame de compatibilidade da despesa com as demais normas do plano plurianual e da lei de
diretrizes orçamentárias.       [(Vide Lei Complementar nº \\
176, de 2020)](https://www.planalto.gov.br/ccivil_03/leis/lcp/Lcp176.htm#art7)

§
5o A despesa de que trata este artigo não será executada antes da
implementação das medidas referidas no § 2o, as quais integrarão o
instrumento que a criar ou aumentar.      [(Vide Lei Complementar nº \\
176, de 2020)](https://www.planalto.gov.br/ccivil_03/leis/lcp/Lcp176.htm#art7)

§
6o O disposto no § 1o não se aplica às despesas
destinadas ao serviço da dívida nem ao reajustamento de remuneração de pessoal de que
trata o inciso X do art. 37 da Constituição.

§
7o Considera-se aumento de despesa a prorrogação daquela criada por
prazo determinado.

**Seção II**

**Das Despesas com Pessoal**

**Subseção I**

**Definições e Limites**

Art. 18.Para os efeitos desta Lei Complementar, entende-se
como despesa total com pessoal: o somatório dos gastos do ente da Federação com os
ativos, os inativos e os pensionistas, relativos a mandatos eletivos, cargos, funções ou
empregos, civis, militares e de membros de Poder, com quaisquer espécies remuneratórias,
tais como vencimentos e vantagens, fixas e variáveis, subsídios, proventos da
aposentadoria, reformas e pensões, inclusive adicionais, gratificações, horas extras e
vantagens pessoais de qualquer natureza, bem como encargos sociais e contribuições
recolhidas pelo ente às entidades de previdência.

§ 1o Os valores dos contratos de terceirização de
mão-de-obra que se referem à substituição de servidores e empregados públicos serão
contabilizados como ""Outras Despesas de Pessoal"".

~~§
2oA despesa total com pessoal será apurada somando-se a
realizada no mês em referência com as dos onze imediatamente anteriores, adotando-se o
regime de competência.~~

§ 2º A despesa total com pessoal será apurada somando-se a realizada no
mês em referência com as dos 11 (onze) imediatamente anteriores,
adotando-se o regime de competência, independentemente de empenho.
[(Redação dada pela Lei Complementar nº 178, de 2021)](https://www.planalto.gov.br/ccivil_03/leis/lcp/Lcp178.htm#art16)

§ 3º Para a apuração da despesa total com pessoal, será observada a
remuneração bruta do servidor, sem qualquer dedução ou retenção,
ressalvada a redução para atendimento ao disposto no [art. 37, inciso XI, \\
da Constituição Federal.](https://www.planalto.gov.br/ccivil_03/Constituicao/Constituicao.htm#art37)[(Incluído pela Lei Complementar nº 178, de 2021)](https://www.planalto.gov.br/ccivil_03/leis/lcp/Lcp178.htm#art16)

Art. 19.Para os fins do disposto no
[_caput_ do art. 169 da Constituição](https://www.planalto.gov.br/ccivil_03/Constituicao/Constituicao.htm#art169), a
despesa total com pessoal, em cada período de apuração e em cada ente da Federação,
não poderá exceder os percentuais da receita corrente líquida, a seguir discriminados:

I
\- União: 50% (cinqüenta por cento);

II
\- Estados: 60% (sessenta por cento);

III - Municípios: 60% (sessenta por cento).

§
1o Na verificação do atendimento dos limites definidos neste artigo, não
serão computadas as despesas:

I
\- de indenização por demissão de servidores ou empregados;

II - relativas a incentivos à demissão voluntária [_;_](https://www.planalto.gov.br/ccivil_03/Constituicao/Constituicao.htm#art169)

III - derivadas da aplicação do disposto no
[inciso II do § 6o do art.\\
57 da Constituição](https://www.planalto.gov.br/ccivil_03/Constituicao/Constituicao.htm#art57%C2%A76ii);

IV
\- decorrentes de decisão judicial e da competência de período anterior ao da apuração
a que se refere o § 2o do art. 18;

V
\- com pessoal, do Distrito Federal e dos Estados do Amapá e Roraima, custeadas com
recursos transferidos pela União na forma dos [incisos XIII](https://www.planalto.gov.br/ccivil_03/Constituicao/Constituicao.htm#art21xiii) e
[XIV do art. 21 da\\
Constituição](https://www.planalto.gov.br/ccivil_03/Constituicao/Constituicao.htm#art21xiv) e do [art. 31 da Emenda Constitucional no 19](https://www.planalto.gov.br/ccivil_03/Constituicao/Emendas/Emc/emc19.htm#art31);

~~VI
\- com inativos, ainda que por intermédio de fundo específico, custeadas por recursos
provenientes:~~

VI - com inativos e pensionistas, ainda que pagas por intermédio de
unidade gestora única ou fundo previsto no [art. 249 da \\
Constituição Federal,](https://www.planalto.gov.br/ccivil_03/Constituicao/Constituicao.htm#art249) quanto à parcela custeada por recursos provenientes:
[(Redação dada pela Lei Complementar nº 178, de 2021)](https://www.planalto.gov.br/ccivil_03/leis/lcp/Lcp178.htm#art16)

a)
da arrecadação de contribuições dos segurados;

b)
da compensação financeira de que trata o
[§ 9o do art. 201 da\\
Constituição](https://www.planalto.gov.br/ccivil_03/Constituicao/Constituicao.htm#art201%C2%A79);

~~c)
das demais receitas diretamente arrecadadas por fundo vinculado a tal finalidade,
inclusive o produto da alienação de bens, direitos e ativos, bem como seu superávit
financeiro.~~

c) de transferências destinadas a promover o equilíbrio atuarial do
regime de previdência, na forma definida pelo órgão do Poder Executivo
federal responsável pela orientação, pela supervisão e pelo
acompanhamento dos regimes próprios de previdência social dos servidores
públicos.      [(Redação dada pela Lei Complementar nº 178, de 2021)](https://www.planalto.gov.br/ccivil_03/leis/lcp/Lcp178.htm#art16)

§
2o Observado o disposto no inciso IV do § 1o, as
despesas com pessoal decorrentes de sentenças judiciais serão incluídas no limite do
respectivo Poder ou órgão referido no art. 20.

§ 3º Na verificação do atendimento dos limites definidos neste artigo, é
vedada a dedução da parcela custeada com recursos aportados para a
cobertura do déficit financeiro dos regimes de previdência.
[(Incluído pela Lei Complementar nº 178, de 2021)](https://www.planalto.gov.br/ccivil_03/leis/lcp/Lcp178.htm#art16)

Art. 20.A repartição dos limites globais do art. 19 não
poderá exceder os seguintes percentuais:

I
\- na esfera federal:

a)
2,5% (dois inteiros e cinco décimos por cento) para o Legislativo, incluído o Tribunal
de Contas da União;

b)
6% (seis por cento) para o Judiciário;

c)
40,9% (quarenta inteiros e nove décimos por cento) para o Executivo, destacando-se 3%
(três por cento) para as despesas com pessoal decorrentes do que dispõem os
[incisos XIII](https://www.planalto.gov.br/ccivil_03/Constituicao/Constituicao.htm#art21xiii)
e [XIV do art. 21 da Constituição](https://www.planalto.gov.br/ccivil_03/Constituicao/Constituicao.htm#art21xiv) e o
[art. 31 da Emenda Constitucional no\\
19](https://www.planalto.gov.br/ccivil_03/Constituicao/Emendas/Emc/emc19.htm#art31), repartidos de forma proporcional à média das despesas relativas a cada um destes
dispositivos, em percentual da receita corrente líquida, verificadas nos três
exercícios financeiros imediatamente anteriores ao da publicação desta Lei
Complementar;
[(Vide Decreto nº 3.917, de 2001)](https://www.planalto.gov.br/ccivil_03/decreto/2001/D3917.htm)

d)
0,6% (seis décimos por cento) para o Ministério Público da União;

II
\- na esfera estadual:

a)
3% (três por cento) para o Legislativo, incluído o Tribunal de Contas do Estado;          [(Vide \\
ADI \\
6533)](https://portal.stf.jus.br/processos/detalhe.asp?incidente=5974218)

b)
6% (seis por cento) para o Judiciário;        [(Vide \\
ADI \\
6533)](https://portal.stf.jus.br/processos/detalhe.asp?incidente=5974218)

c)
49% (quarenta e nove por cento) para o Executivo;       [(Vide \\
ADI \\
6533)](https://portal.stf.jus.br/processos/detalhe.asp?incidente=5974218)

d)
2% (dois por cento) para o Ministério Público dos Estados;       [(Vide \\
ADI \\
6533)](https://portal.stf.jus.br/processos/detalhe.asp?incidente=5974218)

III - na esfera municipal:

a)
6% (seis por cento) para o Legislativo, incluído o Tribunal de Contas do Município,
quando houver;

b)
54% (cinqüenta e quatro por cento) para o Executivo.

§
1o Nos Poderes Legislativo e Judiciário de cada esfera, os limites
serão repartidos entre seus órgãos de forma proporcional à média das despesas com
pessoal, em percentual da receita corrente líquida, verificadas nos três exercícios
financeiros imediatamente anteriores ao da publicação desta Lei Complementar.       [(Vide \\
ADI \\
6533)](https://portal.stf.jus.br/processos/detalhe.asp?incidente=5974218)

§
2o Para efeito deste artigo entende-se como órgão:

I
\- o Ministério Público;

II - no Poder Legislativo:

a)
Federal, as respectivas Casas e o Tribunal de Contas da União;

b)
Estadual, a Assembléia Legislativa e os Tribunais de Contas;

c)
do Distrito Federal, a Câmara Legislativa e o Tribunal de Contas do Distrito Federal;

d)
Municipal, a Câmara de Vereadores e o Tribunal de Contas do Município, quando houver;

III - no Poder Judiciário:

a)
Federal, os tribunais referidos no
[art. 92 da Constituição](https://www.planalto.gov.br/ccivil_03/Constituicao/Constituicao.htm#art92);

b)
Estadual, o Tribunal de Justiça e outros, quando houver.

§
3o Os limites para as despesas com pessoal do Poder Judiciário, a cargo
da União por força do [inciso XIII do art. 21 da Constituição](https://www.planalto.gov.br/ccivil_03/Constituicao/Constituicao.htm#art21xiii), serão estabelecidos
mediante aplicação da regra do § 1o.

§
4o Nos Estados em que houver Tribunal de Contas dos Municípios, os
percentuais definidos nas alíneas _a_ e _c_ do inciso II do _caput_
serão, respectivamente, acrescidos e reduzidos em 0,4% (quatro décimos por cento).

§
5o Para os fins previstos no
[art. 168 da Constituição](https://www.planalto.gov.br/ccivil_03/Constituicao/Constituicao.htm#art168), a entrega dos
recursos financeiros correspondentes à despesa total com pessoal por Poder e órgão
será a resultante da aplicação dos percentuais definidos neste artigo, ou aqueles
fixados na lei de diretrizes orçamentárias.

§
6o(VETADO)

§ 7º Os Poderes e órgãos referidos neste artigo deverão apurar, de forma
segregada para aplicação dos limites de que trata este artigo, a
integralidade das despesas com pessoal dos respectivos servidores
inativos e pensionistas, mesmo que o custeio dessas despesas esteja a
cargo de outro Poder ou órgão.      [(Incluído pela Lei Complementar nº 178, de 2021)](https://www.planalto.gov.br/ccivil_03/leis/lcp/Lcp178.htm#art16)

**Subseção II**

**Do Controle da Despesa Total com Pessoal**

~~Art. 21.É nulo de pleno direito o ato que provoque
aumento da despesa com pessoal e não atenda:~~

~~I
\- as exigências dos arts. 16 e 17 desta Lei Complementar, e o disposto no
[inciso XIII do\\
art. 37](https://www.planalto.gov.br/ccivil_03/Constituicao/Constituicao.htm#art37xiii) e no [§ 1o do art. 169 da Constituição](https://www.planalto.gov.br/ccivil_03/Constituicao/Constituicao.htm#art169%C2%A71);~~

~~II
\- o limite legal de comprometimento aplicado às despesas com pessoal inativo.~~

~~Parágrafo único. Também é nulo de pleno
direito o ato de que resulte aumento da despesa com pessoal expedido nos cento e oitenta
dias anteriores ao final do mandato do titular do respectivo Poder ou órgão referido no
art. 20.~~

Art. 21. É nulo de pleno direito:          [(Redação dada pela Lei \\
Complementar nº 173, de \\
2020)](https://www.planalto.gov.br/ccivil_03/leis/lcp/Lcp173.htm#art7)

I - o ato que provoque aumento da despesa com pessoal e não atenda:

a) às exigências dos arts. 16 e 17 desta Lei Complementar e o disposto
no [inciso XIII do](https://www.planalto.gov.br/ccivil_03/Constituicao/Constituicao.htm#art37xiii)[caput do art. 37](https://www.planalto.gov.br/ccivil_03/Constituicao/Constituicao.htm#art37xiii) e no
[§ 1º do art. 169 da \\
Constituição Federal;](https://www.planalto.gov.br/ccivil_03/Constituicao/Constituicao.htm#art169%C2%A71) e        [(Incluído pela Lei Complementar nº 173, de 2020)](https://www.planalto.gov.br/ccivil_03/leis/lcp/Lcp173.htm#art7)

b) ao limite legal de comprometimento aplicado às despesas com pessoal
inativo;        [(Incluído pela Lei Complementar nº 173, de 2020)](https://www.planalto.gov.br/ccivil_03/leis/lcp/Lcp173.htm#art7)

II - o ato de que resulte aumento da despesa com pessoal nos 180 (cento
e oitenta) dias anteriores ao final do mandato do titular de Poder ou
órgão referido no art. 20;       [(Redação dada pela Lei \\
Complementar nº 173, de \\
2020)](https://www.planalto.gov.br/ccivil_03/leis/lcp/Lcp173.htm#art7)

III - o ato de que resulte aumento da despesa com pessoal que preveja
parcelas a serem implementadas em períodos posteriores ao final do
mandato do titular de Poder ou órgão referido no art. 20;     [(Incluído pela Lei Complementar nº 173, de 2020)](https://www.planalto.gov.br/ccivil_03/leis/lcp/Lcp173.htm#art7)

IV - a aprovação, a edição ou a sanção, por Chefe do Poder Executivo,
por Presidente e demais membros da Mesa ou órgão decisório equivalente
do Poder Legislativo, por Presidente de Tribunal do Poder Judiciário e
pelo Chefe do Ministério Público, da União e dos Estados, de norma legal
contendo plano de alteração, reajuste e reestruturação de carreiras do
setor público, ou a edição de ato, por esses agentes, para nomeação de
aprovados em concurso público, quando:         [(Incluído pela Lei Complementar nº 173, de 2020)](https://www.planalto.gov.br/ccivil_03/leis/lcp/Lcp173.htm#art7)

a) resultar em aumento da despesa com pessoal nos 180 (cento e oitenta)
dias anteriores ao final do mandato do titular do Poder Executivo; ou         [(Incluído pela Lei Complementar nº 173, de 2020)](https://www.planalto.gov.br/ccivil_03/leis/lcp/Lcp173.htm#art7)

b) resultar em aumento da despesa com pessoal que preveja parcelas a
serem implementadas em períodos posteriores ao final do mandato do
titular do Poder Executivo.        [(Incluído pela Lei Complementar nº 173, de 2020)](https://www.planalto.gov.br/ccivil_03/leis/lcp/Lcp173.htm#art7)

§ 1º As restrições de que tratam os incisos II, III e IV:        [(Incluído pela Lei Complementar nº 173, de 2020)](https://www.planalto.gov.br/ccivil_03/leis/lcp/Lcp173.htm#art7)

I - devem ser aplicadas inclusive durante o período de recondução ou
reeleição para o cargo de titular do Poder ou órgão autônomo; e        [(Incluído pela Lei Complementar nº 173, de 2020)](https://www.planalto.gov.br/ccivil_03/leis/lcp/Lcp173.htm#art7)

II - aplicam-se somente aos titulares ocupantes de cargo eletivo dos
Poderes referidos no art. 20.       [(Incluído pela Lei Complementar nº 173, de 2020)](https://www.planalto.gov.br/ccivil_03/leis/lcp/Lcp173.htm#art7)

§ 2º Para fins do disposto neste artigo, serão considerados atos de
nomeação ou de provimento de cargo público aqueles referidos no
[§ 1º do \\
art. 169 da Constituição Federal](https://www.planalto.gov.br/ccivil_03/Constituicao/Constituicao.htm#art169%C2%A71) ou aqueles que, de qualquer modo,
acarretem a criação ou o aumento de despesa obrigatória.      [(Incluído pela Lei Complementar nº 173, de 2020)](https://www.planalto.gov.br/ccivil_03/leis/lcp/Lcp173.htm#art7)

Art. 22.A verificação do cumprimento dos limites
estabelecidos nos arts. 19 e 20 será realizada ao final de cada quadrimestre.

Parágrafo único. Se a despesa total com pessoal exceder a 95%
(noventa e cinco por cento) do limite, são vedados ao Poder ou órgão referido no art.
20 que houver incorrido no excesso:

I - concessão de vantagem, aumento, reajuste ou adequação de remuneração a qualquer
título, salvo os derivados de sentença judicial ou de determinação legal ou
contratual, ressalvada a revisão prevista no
[inciso X do art. 37 da Constituição](https://www.planalto.gov.br/ccivil_03/Constituicao/Constituicao.htm#art37x);

II
\- criação de cargo, emprego ou função;

III - alteração de estrutura de carreira que implique aumento de despesa;

IV
\- provimento de cargo público, admissão ou contratação de pessoal a qualquer título,
ressalvada a reposição decorrente de aposentadoria ou falecimento de servidores das
áreas de educação, saúde e segurança;

V
\- contratação de hora extra, salvo no caso do disposto no
[inciso II do § 6o\\
do art. 57 da Constituição](https://www.planalto.gov.br/ccivil_03/Constituicao/Constituicao.htm#art57%C2%A76ii) e as situações previstas na lei de diretrizes
orçamentárias.

Art. 23.Se a despesa total com pessoal, do Poder ou
órgão referido no art. 20, ultrapassar os limites definidos no mesmo artigo, sem
prejuízo das medidas previstas no art. 22, o percentual excedente terá de ser eliminado
nos dois quadrimestres seguintes, sendo pelo menos um terço no primeiro, adotando-se,
entre outras, as providências previstas nos [§§ 3º](https://www.planalto.gov.br/ccivil_03/Constituicao/Constituicao.htm#art169%C2%A73) e
[4o\\
do art. 169 da Constituição](https://www.planalto.gov.br/ccivil_03/Constituicao/Constituicao.htm#art169%C2%A74).

§
1o No caso do
[inciso I do § 3º do art. 169 da\\
Constituição](https://www.planalto.gov.br/ccivil_03/Constituicao/Constituicao.htm#art169%C2%A73i), o objetivo poderá ser alcançado tanto pela extinção de cargos e
funções quanto pela redução dos valores a eles atribuídos.                [(Vide \\
ADI 2238)](https://portal.stf.jus.br/processos/detalhe.asp?incidente=1829732)

§
2o É facultada a redução temporária da jornada de trabalho com
adequação dos vencimentos à nova carga horária.                 [(Vide \\
ADI 2238)](https://portal.stf.jus.br/processos/detalhe.asp?incidente=1829732)

~~§
3o Não alcançada a redução no prazo estabelecido, e enquanto
perdurar o excesso, o ente não poderá:~~

§ 3º Não alcançada a redução no prazo estabelecido e enquanto perdurar o
excesso, o Poder ou órgão referido no art. 20 não poderá:
[(Redação dada pela Lei Complementar nº 178, de 2021)](https://www.planalto.gov.br/ccivil_03/leis/lcp/Lcp178.htm#art16)

I - receber transferências voluntárias;

II
\- obter garantia, direta ou indireta, de outro ente;

~~III - contratar operações de crédito, ressalvadas as destinadas ao refinanciamento da
dívida mobiliária e as que visem à redução das despesas com pessoal.~~

III - contratar operações de crédito, ressalvadas as destinadas ao
pagamento da dívida mobiliária e as que visem à redução das despesas com
pessoal.      [(Redação dada pela Lei Complementar nº 178, de 2021)](https://www.planalto.gov.br/ccivil_03/leis/lcp/Lcp178.htm#art16)

§
4o As restrições do § 3o aplicam-se imediatamente
se a despesa total com pessoal exceder o limite no primeiro quadrimestre do último ano do
mandato dos titulares de Poder ou órgão referidos no art. 20.

§ 5º As
restrições previstas no § 3º deste artigo não se aplicam ao Município em caso de
queda de receita real superior a 10% (dez por cento), em comparação ao
correspondente quadrimestre do exercício financeiro anterior, devido a:
[(Incluído pela Lei Complementar nº 164, de 2018)](https://www.planalto.gov.br/ccivil_03/leis/lcp/Lcp164.htm#art1)[Produção de efeitos](https://www.planalto.gov.br/ccivil_03/leis/lcp/Lcp164.htm#art2)

I – diminuição
das transferências recebidas do Fundo de Participação dos Municípios decorrente
de concessão de isenções tributárias pela União; e
[(Incluído pela Lei Complementar nº 164, de 2018)](https://www.planalto.gov.br/ccivil_03/leis/lcp/Lcp164.htm#art1)[Produção de efeitos](https://www.planalto.gov.br/ccivil_03/leis/lcp/Lcp164.htm#art2)

II – diminuição
das receitas recebidas de **royalties** e participações especiais.
[(Incluído pela Lei Complementar nº 164, de 2018)](https://www.planalto.gov.br/ccivil_03/leis/lcp/Lcp164.htm#art1)[Produção de efeitos](https://www.planalto.gov.br/ccivil_03/leis/lcp/Lcp164.htm#art2)

§
6º O disposto no § 5º deste artigo só se aplica caso a despesa total com pessoal
do quadrimestre vigente não ultrapasse o limite percentual previsto no art. 19
desta Lei Complementar, considerada, para este cálculo, a receita corrente
líquida do quadrimestre correspondente do ano anterior atualizada
monetariamente.
[(Incluído pela Lei Complementar nº 164, de 2018)](https://www.planalto.gov.br/ccivil_03/leis/lcp/Lcp164.htm#art1)[Produção de efeitos](https://www.planalto.gov.br/ccivil_03/leis/lcp/Lcp164.htm#art2)

**Seção III**

**Das Despesas com a Seguridade Social**

Art. 24.Nenhum benefício ou serviço relativo à seguridade social
poderá ser criado, majorado ou estendido sem a indicação da fonte de custeio total, nos
termos do [§ 5o do art. 195 da Constituição](https://www.planalto.gov.br/ccivil_03/Constituicao/Constituicao.htm#art195%C2%A75), atendidas ainda as
exigências do art. 17.       [(Vide \\
ADI 6357)](http://portal.stf.jus.br/processos/detalhe.asp?incidente=5883343)

§
1o É dispensada da compensação referida no art. 17 o aumento de
despesa decorrente de:

I
\- concessão de benefício a quem satisfaça as condições de habilitação prevista na
legislação pertinente;

II
\- expansão quantitativado atendimento e dos serviços
prestados;

III - reajustamento de valor do benefício ou serviço, a fim de preservar o seu valor
real.

§
2o O disposto neste artigo aplica-se a benefício ou serviço de saúde,
previdência e assistência social, inclusive os destinados aos servidores públicos e
militares, ativos e inativos, e aos pensionistas.

CAPÍTULO V

DAS TRANSFERÊNCIAS VOLUNTÁRIAS

Art. 25.Para efeito desta Lei Complementar,entende-se
por transferência voluntária a entrega de recursos correntes ou de capital a outro ente
da Federação, a título de cooperação, auxílio ou assistência financeira, que não
decorra de determinação constitucional, legal ou os destinados ao Sistema Único de
Saúde.

§
1o São exigências para a realização de transferência voluntária,
além das estabelecidas na lei de diretrizes orçamentárias:

I
\- existência de dotação específica;

II
\- (VETADO)

III - observância do disposto no
[inciso X do art. 167 da Constituição](https://www.planalto.gov.br/ccivil_03/Constituicao/Constituicao.htm#art167x);

IV
\- comprovação, por parte do beneficiário, de:

a) que se acha em dia quanto ao pagamento de tributos, empréstimos e
financiamentos devidos ao ente transferidor, bem como quanto à prestação de contas de
recursos anteriormente dele recebidos;

b) cumprimento dos limites constitucionais relativos à
educação e à saúde;

c)
observância dos limites das dívidas consolidada e mobiliária, de operações de
crédito, inclusive por antecipação de receita, de inscrição em Restos a Pagar e de
despesa total com pessoal;

d)
previsão orçamentária de contrapartida.

§
2o É vedada a utilização de recursos transferidos em finalidade
diversa da pactuada.

§ 3o Para fins da aplicação das sanções de suspensão
de transferências voluntárias constantes desta Lei Complementar, excetuam-se aquelas
relativas a ações de educação, saúde e assistência social.

CAPÍTULO VI

DA DESTINAÇÃO DE RECURSOS PÚBLICOS PARA O
SETOR PRIVADO

Art. 26.A destinação de recursos para, direta ou indiretamente,
cobrir necessidades de pessoas físicas ou déficits de pessoas jurídicas deverá ser
autorizada por lei específica, atender às condições estabelecidas na lei de diretrizes
orçamentárias e estar prevista no orçamento ou em seus créditos adicionais.

§
1o O disposto no _caput_ aplica-se a toda a administração
indireta, inclusive fundações públicas e empresas estatais, exceto, no exercício de
suas atribuições precípuas, as instituições financeiras e o Banco Central do Brasil.

§
2o Compreende-se incluída a concessão de empréstimos, financiamentos
e refinanciamentos, inclusive as respectivas prorrogações e a composição de dívidas,
a concessão de subvenções e a participação em constituição ou aumento de capital.

Art. 26-A. (VETADO).   [(Incluído \\
pela Lei Complementar nº 224, de 2025)](https://www.planalto.gov.br/ccivil_03/leis/lcp/Lcp224.htm#art2)[Produção de efeitos](https://www.planalto.gov.br/ccivil_03/leis/lcp/Lcp101.htm#art14)

Art. 27.Na concessão de crédito por ente da Federação a pessoa
física, ou jurídica que não esteja sob seu controle direto ou indireto, os encargos
financeiros, comissões e despesas congêneres não serão inferiores aos definidos em lei
ou ao custo de captação.

Parágrafo único. Dependem de autorização em lei específica as prorrogações e
composições de dívidas decorrentes de operações de crédito, bem como a concessão de
empréstimos ou financiamentos em desacordo com o _caput_, sendo o subsídio
correspondente consignado na lei orçamentária.

Art. 28.Salvo mediante lei específica, não poderão ser utilizados
recursos públicos, inclusive de operações de crédito, para socorrer instituições do
Sistema Financeiro Nacional, ainda que mediante a concessão de empréstimos de
recuperação ou financiamentos para mudança de controle acionário.

§
1o A prevenção de insolvência e outros riscos ficará a cargo de
fundos, e outros mecanismos, constituídos pelas instituições do Sistema Financeiro
Nacional, na forma da lei.

§
2o O disposto no _caput_ não proíbe o Banco Central do Brasil de
conceder às instituições financeiras operações de redesconto e de empréstimos de
prazo inferior a trezentos e sessenta dias.

CAPÍTULO VII

DA DÍVIDA E DO ENDIVIDAMENTO

**Seção I**

**Definições Básicas**

Art. 29.Para os efeitos desta Lei Complementar, são
adotadas as seguintes definições:

I
\- dívida pública consolidada ou fundada: montante total, apurado sem duplicidade, das
obrigações financeiras do ente da Federação, assumidas em virtude de leis, contratos,
convênios ou tratados e da realização de operações de crédito, para amortização em
prazo superior a doze meses;

II
\- dívida pública mobiliária: dívida pública representada por títulos emitidos pela
União, inclusive os do Banco Central do Brasil, Estados e Municípios;

III - operação de crédito: compromisso financeiro assumido em razão de mútuo,
abertura de crédito, emissão e aceite de título, aquisição financiada de bens,
recebimento antecipado de valores provenientes da venda a termo de bens e serviços,
arrendamento mercantil e outras operações assemelhadas, inclusive com o uso de
derivativos financeiros;

IV
\- concessão de garantia: compromisso de adimplência de obrigação financeira ou
contratual assumida por ente da Federação ou entidade a ele vinculada;

V
\- refinanciamento da dívida mobiliária: emissão de títulos para pagamento do principal
acrescido da atualização monetária.

§
1o Equipara-se a operação de crédito a assunção, o reconhecimento
ou a confissão de dívidas pelo ente da Federação, sem prejuízo do cumprimento das
exigências dos arts. 15 e 16.

§
2o Será incluída na dívida pública consolidada da União a relativa
à emissão de títulos de responsabilidade do Banco Central do Brasil.

§
3o Também integram a dívida pública consolidada as operações de
crédito de prazo inferior a doze meses cujas receitas tenham constado do orçamento.

§ 4o O refinanciamento do principal da
dívida mobiliária não excederá, ao término de cada exercício financeiro, o montante
do final do exercício anterior, somado ao das operações de crédito autorizadas no
orçamento para este efeito e efetivamente realizadas, acrescido de atualização
monetária.

**Seção II**

**Dos Limites da Dívida Pública e das**
**Operações de Crédito**

Art. 30.No prazo de noventa dias após a publicação
desta Lei Complementar, o Presidente da República submeterá ao:

I
\- Senado Federal: proposta de limites globais para o montante da dívida consolidada da
União, Estados e Municípios, cumprindo o que estabelece o
[inciso VI do art. 52 da\\
Constituição](https://www.planalto.gov.br/ccivil_03/Constituicao/Constituicao.htm#art52vi), bem como de limites e condições relativos aos incisos VII, VIII e IX do
mesmo artigo;

II
\- Congresso Nacional: projeto de lei que estabeleça limites para o montante da dívida
mobiliária federal a que se refere o
[inciso XIV do art. 48 da Constituição](https://www.planalto.gov.br/ccivil_03/Constituicao/Constituicao.htm#art48xiv), acompanhado
da demonstração de sua adequação aos limites fixados para a dívida consolidada da
União, atendido o disposto no inciso I do § 1o deste artigo.

§
1o As propostas referidas nos incisos I e II do _caput_ e suas
alterações conterão:

I
\- demonstração de que os limites e condições guardam coerência com as normas
estabelecidas nesta Lei Complementar e com os objetivos da política fiscal;

II
\- estimativas do impacto da aplicação dos limites a cada uma das três esferas de
governo;

III - razões de eventual proposição de limites diferenciados por esfera de governo;

IV
\- metodologia de apuração dos resultados primário e nominal.

§
2o As propostas mencionadas nos incisos I e II do _caput_ também
poderão ser apresentadas em termos de dívida líquida, evidenciando a forma e a
metodologia de sua apuração.

§
3oOs limites de que tratam os incisos I e II do _caput_ serão
fixados em percentual da receita corrente líquida para cada esfera de governo e aplicados
igualmente a todos os entes da Federação que a integrem, constituindo, para cada um
deles, limites máximos.

§
4o Para fins de verificação do atendimento do limite, a apuração do
montante da dívida consolidada será efetuada ao final de cada quadrimestre.

§
5o No prazo previsto no art. 5o, o Presidente da
República enviará ao Senado Federal ou ao Congresso Nacional, conforme o caso, proposta
de manutenção ou alteração dos limites e condições previstos nos incisos I e II do _caput_.

§
6o Sempre que alterados os fundamentos das propostas de que trata este
artigo, em razão de instabilidade econômica ou alterações nas políticas monetária ou
cambial, o Presidente da República poderá encaminhar ao Senado Federal ou ao Congresso
Nacional solicitação de revisão dos limites.

§
7o Os precatórios judiciais não pagos durante a execução do
orçamento em que houverem sido incluídos integram a dívida consolidada, para fins de
aplicação dos limites.

**Seção III**

**Da Recondução da Dívida aos Limites**

Art. 31.Se a dívida consolidada de um ente da Federação
ultrapassar o respectivo limite ao final de um quadrimestre, deverá ser a ele reconduzida
até o término dos três subseqüentes, reduzindo o excedente em pelo menos 25% (vinte e
cinco por cento) no primeiro.

§
1o Enquanto perdurar o excesso, o ente que nele houver incorrido:

~~I
\- estará proibido de realizar operação de crédito interna ou externa, inclusive por
antecipação de receita, ressalvado o refinanciamento do principal atualizado da dívida
mobiliária;~~

I - estará proibido de realizar operação de crédito interna ou externa,
inclusive por antecipação de receita, ressalvadas as para pagamento de
dívidas mobiliárias;       [(Redação dada pela Lei Complementar nº 178, de 2021)](https://www.planalto.gov.br/ccivil_03/leis/lcp/Lcp178.htm#art16)

II
\- obterá resultado primário necessário à recondução da dívida ao limite,
promovendo, entre outras medidas, limitação de empenho, na forma do art. 9o.

§ 2o Vencido o prazo para retorno da dívida
ao limite, e enquanto perdurar o excesso, o ente ficará também impedido de
receber transferências voluntárias da União ou do Estado.

§ 3o As restrições do § 1o aplicam-se
imediatamente se o montante da dívida exceder o limite no primeiro quadrimestre do
último ano do mandato do Chefe do Poder Executivo.

§
4o O Ministério da Fazenda divulgará, mensalmente, a relação dos
entes que tenham ultrapassado os limites das dívidas consolidada e mobiliária.

§
5o As normas deste artigo serão observadas nos casos de descumprimento
dos limites da dívida mobiliária e das operações de crédito internas e externas.

**Seção IV**

**Das Operações de Crédito**

**Subseção I**

**Da Contratação**

Art. 32.O Ministério da Fazenda verificará o
cumprimento dos limites e condições relativos à realização de operações de crédito
de cada ente da Federação, inclusive das empresas por eles controladas, direta ou
indiretamente.

§ 1o O ente interessado formalizará seu
pleito fundamentando-o em parecer de seus órgãos técnicos e jurídicos, demonstrando a
relação custo-benefício, o interesse econômico e social da operação e o atendimento
das seguintes condições:

I - existência de prévia e expressa autorização para a
contratação, no texto da lei orçamentária, em créditos adicionais ou lei específica;

II
\- inclusão no orçamento ou em créditos adicionais dos recursos provenientes da
operação, exceto no caso de operações por antecipação de receita;

III - observância dos limites e condições fixados pelo Senado Federal;

IV
\- autorização específica do Senado Federal, quando se tratar de operação de crédito
externo;

V
\- atendimento do disposto no
[inciso III do art. 167 da Constituição](https://www.planalto.gov.br/ccivil_03/Constituicao/Constituicao.htm#art167iii);

VI
\- observância das demais restrições estabelecidas nesta Lei Complementar.

§
2o As operações relativas à dívida mobiliária federal autorizadas,
no texto da lei orçamentária ou de créditos adicionais, serão objeto de processo
simplificado que atenda às suas especificidades.

§
3o Para fins do disposto no inciso V do § 1o,
considerar-se-á, em cada exercício financeiro, o total dos recursos de operações de
crédito nele ingressados e o das despesas de capital executadas, observado o seguinte:

I
\- não serão computadas nas despesas de capital as realizadas sob a forma de empréstimo
ou financiamento a contribuinte, com o intuito de promover incentivo fiscal, tendo por
base tributo de competência do ente da Federação, se resultar a diminuição, direta ou
indireta, do ônus deste;

II
\- se o empréstimo ou financiamento a que se refere o inciso I for concedido por
instituição financeira controlada pelo ente da Federação, o valor da operação será
deduzido das despesas de capital;

III - (VETADO)

§
4o Sem prejuízo das atribuições próprias do Senado Federal e do
Banco Central do Brasil, o Ministério da Fazenda efetuará o registro eletrônico
centralizado e atualizado das dívidas públicas interna e externa, garantido o acesso
público às informações, que incluirão:

I
\- encargos e condições de contratação;

II
\- saldos atualizados e limites relativos às dívidas consolidada e mobiliária,
operações de crédito e concessão de garantias.

§
5o Os contratos de operação de crédito externo não conterão
cláusula que importe na compensação automática de débitos e créditos.

§ 6o  O prazo de validade da
verificação dos limites e das condições de que trata este artigo e da análise
realizada para a concessão de garantia pela União será de, no mínimo, 90
(noventa) dias e, no máximo, 270 (duzentos e setenta) dias, a critério do
Ministério da Fazenda.
[(Incluído pela Lei Complementar nº 159, de 2017)](https://www.planalto.gov.br/ccivil_03/leis/lcp/Lcp159.htm#art14)

§ 7º Poderá haver alteração da finalidade de operação de crédito de
Estados, do Distrito Federal e de Municípios sem a necessidade de nova
verificação pelo Ministério da Economia, desde que haja prévia e
expressa autorização para tanto, no texto da lei orçamentária, em
créditos adicionais ou em lei específica, que se demonstre a relação
custo-benefício e o interesse econômico e social da operação e que não
configure infração a dispositivo desta Lei Complementar.
[(Incluído pela Lei Complementar nº 178, de 2021)](https://www.planalto.gov.br/ccivil_03/leis/lcp/Lcp178.htm#art16)

Art. 33.A instituição financeira que contratar operação de crédito com ente
da Federação, exceto quando relativa à dívida mobiliária ou à externa, deverá
exigir comprovação de que a operação atende às condições e limites estabelecidos.

§
1o A operação realizada com infração do disposto nesta Lei
Complementar será considerada nula, procedendo-se ao seu cancelamento, mediante a
devolução do principal, vedados o pagamento de juros e demais encargos financeiros.

§
2o Se a devolução não for efetuada no exercício de ingresso dos
recursos, será consignada reserva específica na lei orçamentária para o exercício
seguinte.

~~§ 3o Enquanto não efetuado o cancelamento, a
amortização, ou constituída a reserva, aplicam-se as sanções previstas nos incisos do
§ 3o do art. 23.~~

§ 3º Enquanto não for efetuado o cancelamento ou a amortização ou
constituída a reserva de que trata o § 2º, aplicam-se ao ente as
restrições previstas no § 3º do art. 23.     [(Redação dada pela Lei Complementar nº 178, de 2021)](https://www.planalto.gov.br/ccivil_03/leis/lcp/Lcp178.htm#art16)

§
4o Também se constituirá reserva, no montante equivalente ao excesso,
se não atendido o disposto no
[inciso III do art. 167 da Constituição](https://www.planalto.gov.br/ccivil_03/Constituicao/Constituicao.htm#art167iii), consideradas as
disposições do § 3o do art. 32.

**Subseção II**

**Das Vedações**

Art. 34.O Banco Central do Brasil não emitirá títulos da dívida pública a
partir de dois anos após a publicação desta Lei Complementar.

Art. 35.É vedada a realização de operação de crédito entre um ente da
Federação, diretamente ou por intermédio de fundo, autarquia, fundação ou empresa
estatal dependente, e outro, inclusive suas entidades da administração indireta, ainda
que sob a forma de novação, refinanciamento ou postergação de dívida contraída
anteriormente.

§
1o Excetuam-se da vedação a que se refere o _caput_ as
operações entre instituição financeira estatal e outro ente da Federação, inclusive
suas entidades da administração indireta, que não se destinem a:

~~I
\- financiar, direta ou indiretamente, despesas correntes;~~

~~I - financiar, direta ou indiretamente, despesas
correntes, ressalvadas as operações destinadas a financiar a
estruturação de projetos ou a garantir contraprestações em contratos
de parceria público-privada ou de concessão para o ente da Federação
afetado pelo estado de calamidade pública reconhecido pelo Congresso
Nacional de que trata o art. 65;
[(Redação dada pela Lei Complementar nº 206, de 2024)](https://www.planalto.gov.br/ccivil_03/leis/lcp/Lcp206.htm#art4)~~

I - financiar, direta ou indiretamente, despesas
correntes, ressalvadas as operações destinadas a financiar a estruturação de
projetos ou a garantir contraprestações em contratos de parceria público-privada
ou de concessão;    [(Redação dada pela \\
Lei Complementar nº 212, de 2025)](https://www.planalto.gov.br/ccivil_03/leis/lcp/Lcp212.htm#art13)

II
\- refinanciar dívidas não contraídas junto à própria instituição concedente.

§
2o O disposto no _caput_ não impede Estados e Municípios de
comprar títulos da dívida da União como aplicação de suas disponibilidades.

Art. 36.É proibida a operação de crédito entre uma instituição financeira
estatal e o ente da Federação que a controle, na qualidade de beneficiário do
empréstimo.

Parágrafo único. O disposto no _caput_ não proíbe instituição financeira
controlada de adquirir, no mercado, títulos da dívida pública para atender investimento
de seus clientes, ou títulos da dívida de emissão da União para aplicação de
recursos próprios.

Art. 37.Equiparam-se a operações de crédito e estão vedados:

I
\- captação de recursos a título de antecipação de receita de tributo ou
contribuição cujo fato gerador ainda não tenha ocorrido, sem prejuízo do disposto no
[§ 7o do art. 150 da Constituição](https://www.planalto.gov.br/ccivil_03/Constituicao/Constituicao.htm#art150%C2%A77);

II
\- recebimento antecipado de valores de empresa em que o Poder Público detenha, direta ou
indiretamente, a maioria do capital social com direito a voto, salvo lucros e dividendos,
na forma da legislação;

III - assunção direta de compromisso, confissão de dívida ou operação assemelhada,
com fornecedor de bens, mercadorias ou serviços, mediante emissão, aceite ou aval de
título de crédito, não se aplicando esta vedação a empresas estatais dependentes;

IV
\- assunção de obrigação, sem autorização orçamentária, com fornecedores para
pagamento a _posteriori_ de bens e serviços.

**Subseção III**

**Das Operações de Crédito por Antecipação**
**de Receita Orçamentária**

Art. 38.A operação de crédito por antecipação de receita destina-se a atender
insuficiência de caixa durante o exercício financeiro e cumprirá as exigências
mencionadas no art. 32 e mais as seguintes:

I
\- realizar-se-á somente a partir do décimo dia do início do exercício;

II
\- deverá ser liquidada, com juros e outros encargos incidentes, até o dia dez de
dezembro de cada ano;

III - não será autorizada se forem cobrados outros encargos que não a taxa de juros da
operação, obrigatoriamente prefixada ou indexada à taxa básica financeira, ou à que
vier a esta substituir;

IV
\- estará proibida:

a)
enquanto existir operação anterior da mesma natureza não integralmente resgatada;

b)
no último ano de mandato do Presidente, Governador ou Prefeito Municipal.

§
1o As operações de que trata este artigo não serão computadas para
efeito do que dispõe o [inciso III do art. 167 da Constituição](https://www.planalto.gov.br/ccivil_03/Constituicao/Constituicao.htm#art167iii), desde que liquidadas no
prazo definido no inciso II do _caput_.

§
2o As operações de crédito por antecipação de receita realizadas
por Estados ou Municípios serão efetuadas mediante abertura de crédito junto à
instituição financeira vencedora em processo competitivo eletrônico promovido pelo
Banco Central do Brasil.

§
3o O Banco Central do Brasil manterá sistema de acompanhamento e
controle do saldo do crédito aberto e, no caso de inobservância dos limites, aplicará
as sanções cabíveis à instituição credora.

**Subseção IV**

**Das Operações com o Banco Central do Brasil**

Art. 39.Nas suas relações com ente da Federação, o Banco Central do Brasil
está sujeito às vedações constantes do art. 35 e mais às seguintes:

I
\- compra de título da dívida, na data de sua colocação no mercado, ressalvado o
disposto no § 2o deste artigo;

II
\- permuta, ainda que temporária, por intermédio de instituição financeira ou não, de
título da dívida de ente da Federação por título da dívida pública federal, bem
como a operação de compra e venda, a termo, daquele título, cujo efeito final seja
semelhante à permuta;

III - concessão de garantia.

§
1o O disposto no inciso II, _in fine_, não se aplica ao estoque de
Letras do Banco Central do Brasil, Série Especial, existente na carteira das
instituições financeiras, que pode ser refinanciado mediante novas operações de venda
a termo.

§
2o O Banco Central do Brasil só poderá comprar diretamente títulos
emitidos pela União para refinanciar a dívida mobiliária federal que estiver vencendo
na sua carteira.

§
3o A operação mencionada no § 2o deverá ser
realizada à taxa média e condições alcançadas no dia, em leilão público.

§
4o É vedado ao Tesouro Nacional adquirir títulos da dívida pública
federal existentes na carteira do Banco Central do Brasil, ainda que com cláusula de
reversão, salvo para reduzir a dívida mobiliária.

**Seção V**

**Da Garantia e da Contragarantia**

~~Art. 40.Os entes poderão conceder garantia em operações
de crédito internas ou externas, observados o disposto neste artigo, as normas do art. 32
e, no caso da União, também os limites e as condições estabelecidos pelo Senado
Federal.~~

Art. 40. Os entes poderão conceder garantia em operações de crédito
internas ou externas, observados o disposto neste artigo, as normas do
art. 32 e, no caso da União, também os limites e as condições
estabelecidos pelo Senado Federal e as normas emitidas pelo Ministério
da Economia acerca da classificação de capacidade de pagamento dos
mutuários.     [(Redação dada pela Lei Complementar nº 178, de 2021)](https://www.planalto.gov.br/ccivil_03/leis/lcp/Lcp178.htm#art16)

§
1o A garantia estará condicionada ao oferecimento de contragarantia, em
valor igual ou superior ao da garantia a ser concedida, e à adimplência da entidade que
a pleitear relativamente a suas obrigações junto ao garantidor e às entidades por este
controladas, observado o seguinte:

I
\- não será exigida contragarantia de órgãos e entidades do próprio ente;

II
\- a contragarantia exigida pela União a Estado ou Município, ou pelos Estados aos
Municípios, poderá consistir na vinculação de receitas tributárias diretamente
arrecadadas e provenientes de transferências constitucionais, com outorga de poderes ao
garantidor para retê-las e empregar o respectivo valor na liquidação da dívida
vencida.

§
2o No caso de operação de crédito junto a organismo financeiro
internacional, ou a instituição federal de crédito e fomento para o repasse de recursos
externos, a União só prestará garantia a ente que atenda, além do disposto no § 1o,
as exigências legais para o recebimento de transferências voluntárias.

§
3o(VETADO)

§
4o(VETADO)

§
5o É nula a garantia concedida acima dos limites fixados pelo Senado
Federal.

§
6o É vedado às entidades da administração indireta, inclusive suas
empresas controladas e subsidiárias, conceder garantia, ainda que com recursos de fundos.

§
7o O disposto no § 6o não se aplica à concessão de
garantia por:

I
\- empresa controlada a subsidiária ou controlada sua, nem à prestação de contragarantia nas mesmas condições;

II
\- instituição financeira a empresa nacional, nos termos da lei.

§
8o Excetua-se do disposto neste artigo a garantia prestada:

I
\- por instituições financeiras estatais, que se submeterão às normas aplicáveis às
instituições financeiras privadas, de acordo com a legislação pertinente;

II
\- pela União, na forma de lei federal, a empresas de natureza financeira por ela
controladas, direta e indiretamente, quanto às operações de seguro de crédito à
exportação.

§
9o Quando honrarem dívida de outro ente, em razão de garantia
prestada, a União e os Estados poderão condicionar as transferências constitucionais ao
ressarcimento daquele pagamento.

§
10\. O ente da Federação cuja dívida tiver sido honrada pela União ou por Estado, em
decorrência de garantia prestada em operação de crédito, terá suspenso o acesso a
novos créditos ou financiamentos até a total liquidação da mencionada dívida.

§ 11\. A alteração da metodologia utilizada para fins de classificação da
capacidade de pagamento de Estados e Municípios deverá ser precedida de
consulta pública, assegurada a manifestação dos entes.
[(Incluído pela Lei Complementar nº 178, de 2021)](https://www.planalto.gov.br/ccivil_03/leis/lcp/Lcp178.htm#art16)

**Seção VI**

**Dos Restos a Pagar**

Art. 41. (VETADO)

Art. 41-A. A partir de 1º de janeiro de 2027, se
verificado, ao final de um exercício, que a disponibilidade de caixa não é
suficiente para honrar os compromissos com Restos a Pagar processados e não
processados inscritos e com as demais obrigações financeiras, aplica-se
imediatamente ao respectivo Poder ou órgão referido no art. 20, até a próxima
apuração anual, a vedação à concessão ou à ampliação de incentivo ou benefício
de natureza tributária.      [(Incluído pela Lei Complementar nº 212, de 2025)](https://www.planalto.gov.br/ccivil_03/leis/lcp/Lcp212.htm#art13)

Parágrafo
único. Se verificado que a insuficiência de que trata o _caput_ perdura por
2 (dois) anos consecutivos, aplicam-se imediatamente ao respectivo Poder ou
órgão, enquanto perdurar a insuficiência, as vedações previstas nos incisos I,
II e III do parágrafo único do art. 22, bem como a vedação à concessão ou à
ampliação de incentivo ou benefício de natureza tributária.
[(Incluído pela Lei Complementar nº 212, de 2025)](https://www.planalto.gov.br/ccivil_03/leis/lcp/Lcp212.htm#art13)

Art. 42. É vedado ao titular de Poder ou órgão referido no art. 20, nos
últimos dois quadrimestres do seu mandato, contrair obrigação de despesa que não possa
ser cumprida integralmente dentro dele, ou que tenha parcelas a serem pagas no exercício
seguinte sem que haja suficiente disponibilidade de caixa para este efeito.     [(Vide Lei Complementar nº 178, de 2021)](https://www.planalto.gov.br/ccivil_03/leis/lcp/Lcp178.htm#art16)[(Vigência)](https://www.planalto.gov.br/ccivil_03/leis/lcp/Lcp178.htm#art32i)

Parágrafo único. Na determinação da disponibilidade de caixa serão considerados os
encargos e despesas compromissadas a pagar até o final do exercício.

CAPÍTULO VIII

DA GESTÃO PATRIMONIAL

**Seção I**

**Das Disponibilidades de Caixa**

Art. 43.As disponibilidades de caixa dos entes da Federação serão depositadas
conforme estabelece o [§ 3o do art. 164 da Constituição](https://www.planalto.gov.br/ccivil_03/Constituicao/Constituicao.htm#art164%C2%A73).

§
1o As disponibilidades de caixa dos regimes de previdência social,
geral e próprio dos servidores públicos, ainda que vinculadas a fundos específicos a
que se referem os [arts. 249](https://www.planalto.gov.br/ccivil_03/Constituicao/Constituicao.htm#art249) e
[250 da Constituição](https://www.planalto.gov.br/ccivil_03/Constituicao/Constituicao.htm#art250), ficarão depositadas em conta
separada das demais disponibilidades de cada ente e aplicadas nas condições de mercado,
com observância dos limites e condições de proteção e prudência financeira.

§
2o É vedada a aplicação das disponibilidades de que trata o § 1o
em:

I
\- títulos da dívida pública estadual e municipal, bem como em ações e outros papéis
relativos às empresas controladas pelo respectivo ente da Federação;

II
\- empréstimos, de qualquer natureza, aos segurados e ao Poder Público, inclusive a suas
empresas controladas.

**Seção II**

**Da Preservação do Patrimônio Público**

Art. 44.É vedada a aplicação da receita de capital derivada da alienação de
bens e direitos que integram o patrimônio público para o financiamento de despesa
corrente, salvo se destinada por lei aos regimes de previdência social, geral e próprio
dos servidores públicos.

Art. 45.Observado o disposto no § 5o do art. 5o,
a lei orçamentária e as de créditos adicionais só incluirão novos projetos após
adequadamente atendidos os em andamento e contempladas as despesas de conservação do
patrimônio público, nos termos em que dispuser a lei de diretrizes orçamentárias.

Parágrafo único. O Poder Executivo de cada ente encaminhará ao Legislativo, até a data
do envio do projeto de lei de diretrizes orçamentárias, relatório com as informações
necessárias ao cumprimento do disposto neste artigo, ao qual será dada ampla
divulgação.

Art. 46.É nulo de pleno direito ato de desapropriação de imóvel urbano
expedido sem o atendimento do disposto no
[§ 3odo art. 182 da\\
Constituição](https://www.planalto.gov.br/ccivil_03/Constituicao/Constituicao.htm#art182%C2%A73), ou prévio depósito judicial do valor da indenização.

**Seção III**

**Das Empresas Controladas pelo Setor Público**

Art. 47.A empresa controlada que firmar contrato de gestão em que se
estabeleçam objetivos e metas de desempenho, na forma da lei, disporá de autonomia
gerencial, orçamentária e financeira, sem prejuízo do disposto no
[inciso II do § 5o\\
do art. 165 da Constituição](https://www.planalto.gov.br/ccivil_03/Constituicao/Constituicao.htm#art165%C2%A75ii).

Parágrafo único. A empresa controlada incluirá em seus balanços trimestrais nota
explicativa em que informará:

I
\- fornecimento de bens e serviços ao controlador, com respectivos preços e condições,
comparando-os com os praticados no mercado;

II
\- recursos recebidos do controlador, a qualquer título, especificando valor, fonte e
destinação;

III - venda de bens, prestação de serviços ou concessão de empréstimos e
financiamentos com preços, taxas, prazos ou condições diferentes dos vigentes no
mercado.

CAPÍTULO IX

DA TRANSPARÊNCIA, CONTROLE E FISCALIZAÇÃO

**Seção I**

**Da Transparência da Gestão Fiscal**

Art. 48.São instrumentos de transparência da gestão fiscal, aos quais será
dada ampla divulgação, inclusive em meios eletrônicos de acesso público: os planos,
orçamentos e leis de diretrizes orçamentárias; as prestações de contas e o respectivo
parecer prévio; o Relatório Resumido da Execução Orçamentária e o Relatório de
Gestão Fiscal; e as versões simplificadas desses documentos.

~~Parágrafo único. A transparência será assegurada também
mediante incentivo à participação popular e realização de audiências públicas,
durante os processos de elaboração e de discussão dos planos, lei de diretrizes
orçamentárias e orçamentos.~~

Parágrafo único.  A transparência será assegurada também
mediante:                       [(Redação dada pela Lei \\
Complementar nº 131, de 2009).](https://www.planalto.gov.br/ccivil_03/leis/lcp/Lcp131.htm#art1)

§
1o  A transparência será assegurada também mediante:
[(Redação dada pela Lei Complementar nº 156, \\
de 2016)](https://www.planalto.gov.br/ccivil_03/leis/lcp/Lcp156.htm#art27)

I – incentivo à participação popular e realização de
audiências públicas, durante os processos de elaboração e discussão dos
planos, lei de diretrizes orçamentárias e orçamentos;                 [(Incluído \\
pela Lei Complementar nº 131, de 2009).](https://www.planalto.gov.br/ccivil_03/leis/lcp/Lcp131.htm#art1)

~~II – liberação ao pleno conhecimento e acompanhamento da
sociedade, em tempo real, de informações pormenorizadas sobre a execução
orçamentária e financeira, em meios eletrônicos de acesso público;
[(Incluído \\
pela Lei Complementar nº 131, de 2009).](https://www.planalto.gov.br/ccivil_03/leis/lcp/Lcp131.htm#art1)~~

II - liberação ao pleno
conhecimento e acompanhamento da sociedade, em tempo real, de
informações pormenorizadas sobre a execução orçamentária e financeira,
em meios eletrônicos de acesso público; e
[(Redação dada pela Lei Complementar nº 156, \\
de 2016)](https://www.planalto.gov.br/ccivil_03/leis/lcp/Lcp156.htm#art27)

III – adoção
de sistema integrado de administração financeira e controle, que atenda
a padrão mínimo de qualidade estabelecido pelo Poder Executivo da União
e ao disposto no art. 48-A.                 [(Incluído pela Lei \\
Complementar nº 131, de 2009)](https://www.planalto.gov.br/ccivil_03/leis/lcp/Lcp131.htm#art1) [(Vide Decreto nº \\
7.185, de 2010)](https://www.planalto.gov.br/ccivil_03/_Ato2007-2010/2010/Decreto/D7185.htm)

IV -
divulgação no Portal de Transparência, em formato aberto e
padronizado, de dados atualizados sobre benefícios de natureza
tributária, financeira e creditícia concedidos.   [(Incluído \\
pela Lei Complementar nº 224, de 2025)](https://www.planalto.gov.br/ccivil_03/leis/lcp/Lcp224.htm#art2)[Produção de efeitos](https://www.planalto.gov.br/ccivil_03/leis/lcp/Lcp101.htm#art14)

§ 2º  A União, os Estados, o Distrito Federal e os
Municípios disponibilizarão suas informações e dados contábeis,
orçamentários e fiscais conforme periodicidade, formato e sistema
estabelecidos pelo órgão central de contabilidade da União, os quais
deverão ser divulgados em meio eletrônico de amplo acesso público.
[(Incluído pela Lei Complementar nº 156, de \\
2016)](https://www.planalto.gov.br/ccivil_03/leis/lcp/Lcp156.htm#art27)

§ 3o  Os Estados, o Distrito Federal e os
Municípios encaminharão ao Ministério da Fazenda, nos termos e na periodicidade
a serem definidos em instrução específica deste órgão, as informações
necessárias para a constituição do registro eletrônico centralizado e atualizado
das dívidas públicas interna e externa, de que trata o § 4o do
art. 32.
[(Incluído pela Lei Complementar nº 156, de 2016)](https://www.planalto.gov.br/ccivil_03/leis/lcp/Lcp156.htm#art27)

§ 4o  A inobservância do disposto  nos §§ 2o
e 3o ensejará as penalidades previstas  no § 2o
do art. 51.
[(Incluído pela Lei Complementar nº 156, de 2016)](https://www.planalto.gov.br/ccivil_03/leis/lcp/Lcp156.htm#art27)

§ 5o  Nos casos de envio conforme disposto no §
2o, para todos os efeitos, a União, os Estados, o Distrito
Federal e os Municípios cumprem o dever de ampla divulgação a que se refere o

caput.
[(Incluído pela Lei Complementar nº 156, de 2016)](https://www.planalto.gov.br/ccivil_03/leis/lcp/Lcp156.htm#art27)

§ 6o  Todos os Poderes e órgãos referidos no
art. 20, incluídos autarquias, fundações públicas, empresas estatais dependentes
e fundos, do ente da Federação devem utilizar sistemas únicos de execução
orçamentária e financeira, mantidos e gerenciados pelo Poder Executivo,
resguardada a autonomia.
[(Incluído pela Lei Complementar nº 156, de 2016)](https://www.planalto.gov.br/ccivil_03/leis/lcp/Lcp156.htm#art27)

Art. 48-A.  Para os fins a que se refere o
inciso II do parágrafo único do art. 48, os entes da Federação
disponibilizarão a qualquer pessoa física ou jurídica o acesso a
informações referentes a:                 [(Incluído pela Lei \\
Complementar nº 131, de 2009).](https://www.planalto.gov.br/ccivil_03/leis/lcp/Lcp131.htm#art2)

I – quanto à despesa: todos os atos praticados pelas
unidades gestoras no decorrer da execução da despesa, no momento de sua
realização, com a disponibilização mínima dos dados referentes ao número
do correspondente processo, ao bem fornecido ou ao serviço prestado, à
pessoa física ou jurídica beneficiária do pagamento e, quando for o
caso, ao procedimento licitatório realizado;                  [(Incluído \\
pela Lei Complementar nº 131, de 2009).](https://www.planalto.gov.br/ccivil_03/leis/lcp/Lcp131.htm#art2)

II – quanto à
receita: o lançamento e o recebimento de toda a receita das unidades
gestoras, inclusive referente a recursos extraordinários. [(Incluído pela Lei Complementar nº 131, de \\
2009).](https://www.planalto.gov.br/ccivil_03/leis/lcp/Lcp131.htm#art2)

Art. 49.As contas apresentadas pelo Chefe do Poder
Executivo ficarão disponíveis, durante todo o exercício, no respectivo Poder
Legislativo e no órgão técnico responsável pela sua elaboração, para consulta e
apreciação pelos cidadãos e instituições da sociedade.

Parágrafo único. A prestação de contas da União conterá demonstrativos do Tesouro
Nacional e das agências financeiras oficiais de fomento, incluído o Banco Nacional de
Desenvolvimento Econômico e Social, especificando os empréstimos e financiamentos
concedidos com recursos oriundos dos orçamentos fiscal e da seguridade social e, no caso
das agências financeiras, avaliação circunstanciada do impacto fiscal de suas
atividades no exercício.

**Seção II**

**Da Escrituração e Consolidação das Contas**

Art. 50.Além de obedecer às demais normas de contabilidade pública, a
escrituração das contas públicas observará as seguintes:

I
\- a disponibilidade de caixa constará de registro próprio, de modo que os recursos
vinculados a órgão, fundo ou despesa obrigatória fiquem identificados e escriturados de
forma individualizada;

II
\- a despesa e a assunção de compromisso serão registradas segundo o regime de
competência, apurando-se, em caráter complementar, o resultado dos fluxos financeiros
pelo regime de caixa;

III - as demonstrações contábeis compreenderão, isolada e conjuntamente, as
transações e operações de cada órgão, fundo ou entidade da administração direta,
autárquica e fundacional, inclusive empresa estatal dependente;

IV
\- as receitas e despesas previdenciárias serão apresentadas em demonstrativos
financeiros e orçamentários específicos;

V
\- as operações de crédito, as inscrições em Restos a Pagar e as demais formas de
financiamento ou assunção de compromissos junto a terceiros, deverão ser escrituradas
de modo a evidenciar o montante e a variação da dívida pública no período,
detalhando, pelo menos, a natureza e o tipo de credor;

VI
\- a demonstração das variações patrimoniais dará destaque à origem e ao destino dos
recursos provenientes da alienação de ativos.

§
1o No caso das demonstrações conjuntas, excluir-se-ão as operações
intragovernamentais.

§
2o  A edição de normas gerais para consolidação das contas
públicas caberá ao órgão central de contabilidade da União, enquanto não implantado
o conselho de que trata o art. 67.

§ 3o A Administração Pública manterá
sistema de custos que permita a avaliação e o acompanhamento da gestão orçamentária,
financeira e patrimonial.

Art. 51.O Poder Executivo da União promoverá, até o dia
trinta de junho, a consolidação, nacional e por esfera de governo, das contas dos entes
da Federação relativas ao exercício anterior, e a sua divulgação, inclusive por meio
eletrônico de acesso público.

§
1o Os Estados e os Municípios encaminharão suas contas ao Poder
Executivo da União nos seguintes prazos:

~~I
\- Municípios, com cópia para o Poder Executivo do respectivo Estado, até trinta de
abril;~~

~~II
\- Estados, até trinta e um de maio.~~

§ 1º Os Estados e os Municípios encaminharão suas contas ao Poder
Executivo da União até 30 de abril.[(Redação \\
dada pela Lei Complementar nº 178, de 2021)](https://www.planalto.gov.br/ccivil_03/leis/lcp/Lcp178.htm#art16)[(Vigência)](https://www.planalto.gov.br/ccivil_03/leis/lcp/Lcp178.htm#art32i)

~~§ 2o O descumprimento dos prazos previstos neste artigo
impedirá, até que a situação seja regularizada, que o ente da Federação receba
transferências voluntárias e contrate operações de crédito, exceto as destinadas ao
refinanciamento do principal atualizado da dívida mobiliária.~~

§ 2º O descumprimento dos prazos previstos neste
artigo impedirá, até que a situação seja regularizada, que o Poder ou
órgão referido no art. 20 receba transferências voluntárias e contrate
operações de crédito, exceto as destinadas ao pagamento da dívida
mobiliária.[(Redação \\
dada pela Lei Complementar nº 178, de 2021)](https://www.planalto.gov.br/ccivil_03/leis/lcp/Lcp178.htm#art16)[(Vigência)](https://www.planalto.gov.br/ccivil_03/leis/lcp/Lcp178.htm#art32i)

**Seção III**

**Do Relatório Resumido da Execução**
**Orçamentária**

Art. 52.O relatório a que se refere o
[§ 3o\\
do art. 165 da Constituição](https://www.planalto.gov.br/ccivil_03/Constituicao/Constituicao.htm#art165%C2%A73) abrangerá todos os Poderes e o Ministério Público, será
publicado até trinta dias após o encerramento de cada bimestre e composto de:

I
\- balanço orçamentário, que especificará, por categoria econômica, as:

a)
receitas por fonte, informando as realizadas e a realizar, bem como a previsão
atualizada;

b)
despesas por grupo de natureza, discriminando a dotação para o exercício, a despesa
liquidada e o saldo;

II
\- demonstrativos da execução das:

a)
receitas, por categoria econômica e fonte, especificando a previsão inicial, a previsão
atualizada para o exercício, a receita realizada no bimestre, a realizada no exercício e
a previsão a realizar;

b)
despesas, por categoria econômica e grupo de natureza da despesa, discriminando dotação
inicial, dotação para o exercício, despesas empenhada e liquidada, no bimestre e no
exercício;

c)
despesas, por função e subfunção.

§
1o Os valores referentes ao refinanciamento da dívida mobiliária
constarão destacadamente nas receitas de operações de crédito e nas despesas com
amortização da dívida.

§ 2o O descumprimento do prazo previsto neste artigo
sujeita o ente às sanções previstas no § 2o do art. 51.

Art. 53.Acompanharão o Relatório Resumido demonstrativos
relativos a:

I - apuração da receita corrente líquida, na forma definida no
inciso IV do art. 2o, sua evolução, assim como a previsão de seu
desempenho até o final do exercício;

II
\- receitas e despesas previdenciárias a que se refere o inciso IV do art. 50;

III - resultados nominal e primário;

IV
\- despesas com juros, na forma do inciso II do art. 4o;

V
\- Restos a Pagar, detalhando, por Poder e órgão referido no art. 20, os valores
inscritos, os pagamentos realizados e o montante a pagar.

§
1o O relatório referente ao último bimestre do exercício será
acompanhado também de demonstrativos:

I
\- do atendimento do disposto no
[inciso III do art. 167 da Constituição](https://www.planalto.gov.br/ccivil_03/Constituicao/Constituicao.htm#art167iii), conforme o § 3o
do art. 32;

II
\- das projeções atuariais dos regimes de previdência social, geral e próprio dos
servidores públicos;

III - da variação patrimonial, evidenciando a alienação de ativos e a aplicação dos
recursos dela decorrentes.

§
2o Quando for o caso, serão apresentadas justificativas:

I
\- da limitação de empenho;

II
\- da frustração de receitas, especificando as medidas de combate à sonegação e à
evasão fiscal, adotadas e a adotar, e as ações de fiscalização e cobrança.

**Seção IV**

**Do Relatório de Gestão Fiscal**

Art. 54.Ao final de cada quadrimestre será emitido pelos titulares
dos Poderes e órgãos referidos no art. 20 Relatório de Gestão Fiscal, assinado pelo:

I
\- Chefe do Poder Executivo;

II
\- Presidente e demais membros da Mesa Diretora ou órgão decisório equivalente, conforme
regimentos internos dos órgãos do Poder Legislativo;

III - Presidente de Tribunal e demais membros de Conselho de Administração ou órgão
decisório equivalente, conforme regimentos internos dos órgãos do Poder Judiciário;

IV
\- Chefe do Ministério Público, da União e dos Estados.

Parágrafo único. O relatório também será assinado pelas autoridades responsáveis
pela administração financeira e pelo controle interno, bem como poroutras
definidas por ato próprio de cada Poder ou órgão referido no art. 20.

Art. 55.O relatório conterá:

I
\- comparativo com os limites de que trata esta Lei Complementar, dos seguintes montantes:

a)
despesa total com pessoal, distinguindo a com inativos e pensionistas;

b)
dívidas consolidada e mobiliária;

c)
concessão de garantias;

d)
operações de crédito, inclusive por antecipação de receita;

e)
despesas de que trata o inciso II do art. 4o;

II
\- indicação das medidas corretivas adotadas ou a adotar, se ultrapassado qualquer dos
limites;

III - demonstrativos, no último quadrimestre:

a)
do montante das disponibilidades de caixa em trinta e um de dezembro;

b)
da inscrição em Restos a Pagar, das despesas:

1)
liquidadas;

2)
empenhadas e não liquidadas, inscritas por atenderem a uma das condições do inciso II
do art. 41;

3)
empenhadas e não liquidadas, inscritas até o limite do saldo da disponibilidade de
caixa;

4)
não inscritas por falta de disponibilidade de caixa e cujos empenhos foram cancelados;

c)
do cumprimento do disposto no inciso II e na alínea _b_ do inciso IV do art. 38.

§
1o O relatório dos titulares dos órgãos mencionados nos incisos II,
III e IV do art. 54 conterá apenas as informações relativas à alínea _a_ do
inciso I, e os documentos referidos nos incisos II e III.

§
2o O relatório será publicado até trinta dias após o encerramento do
período a que corresponder, com amplo acesso ao público, inclusive por meio eletrônico.

§ 3o O descumprimento do prazo a que se refere o § 2o
sujeita o ente à sanção prevista no § 2o do art. 51.

§
4o Os relatórios referidos nos arts. 52 e 54 deverão ser elaborados de
forma padronizada, segundo modelos que poderão ser atualizados pelo conselho de que trata
o art. 67.

Seção V

Das Prestações de Contas

Art. 56.As contas prestadas pelos Chefes do Poder Executivo
incluirão, além das suas próprias, as dos Presidentes dos órgãos dos Poderes
Legislativo e Judiciário e do Chefe do Ministério Público, referidos no art. 20, as
quais receberão parecer prévio, separadamente, do respectivo Tribunal de Contas.
[(Vide \\
ADI 2324)](https://portal.stf.jus.br/processos/detalhe.asp?incidente=1864402)

§
1o As contas do Poder Judiciário serão apresentadas no âmbito:

I
\- da União, pelos Presidentes do Supremo Tribunal Federal e dos Tribunais Superiores,
consolidando as dos respectivos tribunais;

II
\- dos Estados, pelos Presidentes dos Tribunais de Justiça, consolidando as dos demais
tribunais.

§ 2o O parecer sobre as contas dos Tribunais de Contas
será proferido no prazo previsto no art. 57 pela comissão mista permanente referida no
[§ 1o do art. 166 da Constituição](https://www.planalto.gov.br/ccivil_03/Constituicao/Constituicao.htm#art166%C2%A71) ou equivalente das Casas
Legislativas estaduais e municipais.
[(Vide \\
ADI 2324)](https://portal.stf.jus.br/processos/detalhe.asp?incidente=1864402)

§
3o Será dada ampla divulgação dos resultados da apreciação das
contas, julgadas ou tomadas.

Art. 57.Os Tribunais de Contas emitirão parecer prévio conclusivo sobre as
contas no prazo de sessenta dias do recebimento, se outro não estiver estabelecido nas
constituições estaduais ou nas leis orgânicas municipais.

§
1o No caso de Municípios que não sejam capitais e que tenham menos de
duzentos mil habitantes o prazo será de cento e oitenta dias.

§
2o Os Tribunais de Contas não entrarão em recesso enquanto existirem
contas de Poder, ou órgão referido no art. 20, pendentes de parecer prévio.

Art. 58.A prestação de contas evidenciará o desempenho da arrecadação em
relação à previsão, destacando as providências adotadas no âmbito da fiscalização
das receitas e combate à sonegação, as ações de recuperação de créditos nas
instâncias administrativa e judicial, bem como as demais medidas para incremento das
receitas tributárias e de contribuições.

**Seção VI**

**Da Fiscalização da Gestão Fiscal**

~~Art. 59.O Poder Legislativo, diretamente ou com o auxílio dos Tribunais de
Contas, e o sistema de controle interno de cada Poder e do Ministério Público,
fiscalizarão o cumprimento das normas desta Lei Complementar, com ênfase no que se
refere a:~~ [(Vide \\
ADI 2324)](https://portal.stf.jus.br/processos/detalhe.asp?incidente=1864402)

Art. 59. O Poder Legislativo, diretamente ou com o auxílio dos
Tribunais de Contas, e o sistema de controle interno de cada Poder e do
Ministério Público fiscalizarão o cumprimento desta Lei Complementar,
consideradas as normas de padronização metodológica editadas pelo
conselho de que trata o art. 67, com ênfase no que se refere a:
[(Redação dada pela Lei Complementar nº 178, de 2021)](https://www.planalto.gov.br/ccivil_03/leis/lcp/Lcp178.htm#art16)

I
\- atingimento das metas estabelecidas na lei de diretrizes orçamentárias;

II
\- limites e condições para realização de operações de crédito e inscrição em
Restos a Pagar;

III - medidas adotadas para o retorno da despesa total com pessoal ao respectivo limite,
nos termos dos arts. 22 e 23;

IV
\- providências tomadas, conforme o disposto no art. 31, para recondução dos montantes
das dívidas consolidada e mobiliária aos respectivos limites;

V
\- destinação de recursos obtidos com a alienação de ativos, tendo em vista as
restrições constitucionais e as desta Lei Complementar;

VI
\- cumprimento do limite de gastos totais dos legislativos municipais, quando houver.

§
1o Os Tribunais de Contas alertarão os Poderes ou órgãos referidos no
art. 20 quando constatarem:

I
\- a possibilidade de ocorrência das situações previstas no inciso II do art. 4o
e no art. 9o;

II
\- que o montante da despesa total com pessoal ultrapassou 90% (noventa por cento) do
limite;

III - que os montantes das dívidas consolidada e mobiliária, das operações de crédito
e da concessão de garantia se encontram acima de 90% (noventa por cento) dos respectivos
limites;

IV
\- que os gastos com inativos e pensionistas se encontram acima do limite definido em lei;

V
\- fatos que comprometam os custos ou os resultados dos programas ou indícios de
irregularidades na gestão orçamentária.

§
2o Compete ainda aos Tribunais de Contas verificar os cálculos dos
limites da despesa total com pessoal de cada Poder e órgão referido no art. 20.

§
3o O Tribunal de Contas da União acompanhará o cumprimento do disposto
nos §§ 2o, 3o e 4o do art. 39.

CAPÍTULO X

DISPOSIÇÕES FINAIS E TRANSITÓRIAS

Art. 60.Lei estadual ou municipal poderá fixar limites inferiores àqueles
previstos nesta Lei Complementar para as dívidas consolidada e mobiliária, operações
de crédito e concessão de garantias.

Art. 61.Os títulos da dívida pública, desde que devidamente escriturados em
sistema centralizado de liquidação e custódia, poderão ser oferecidos em caução para
garantia de empréstimos, ou em outras transações previstas em lei, pelo seu valor
econômico, conforme definido pelo Ministério da Fazenda.

Art. 62.Os Municípios só contribuirão para o custeio de despesas de
competência de outros entes da Federação se houver:

I
\- autorização na lei de diretrizes orçamentárias e na lei orçamentária anual;

II
\- convênio, acordo, ajuste ou congênere, conforme sua legislação.

Art. 63.É facultado aos Municípios com população
inferior a cinqüenta mil habitantes optar por:

I
\- aplicar o disposto no art. 22 e no § 4o do art. 30 ao final do
semestre;

II
\- divulgar semestralmente:

a)
(VETADO)

b)
o Relatório de Gestão Fiscal;

c)
os demonstrativos de que trata o art. 53;

III - elaborar o Anexo de Política Fiscal do plano plurianual, o Anexo de Metas Fiscais e
o Anexo de Riscos Fiscais da lei de diretrizes orçamentárias e o anexo de que trata o
inciso I do art. 5o a partir do quinto exercício seguinte ao da
publicação desta Lei Complementar.

§
1o A divulgação dos relatórios e demonstrativos deverá ser realizada
em até trinta dias após o encerramento do semestre.

§
2o Se ultrapassados os limites relativos à despesa total com pessoal ou
à dívida consolidada, enquanto perdurar esta situação, o Município ficará sujeito
aos mesmos prazos de verificação e de retorno ao limite definidos para os demais entes.

Art. 64.A União prestará assistência técnica e cooperação financeira aos
Municípios para a modernização das respectivas administrações tributária,
financeira, patrimonial e previdenciária, com vistas ao cumprimento das normas desta Lei
Complementar.

§
1o A assistência técnica consistirá no treinamento e desenvolvimento
de recursos humanos e na transferência de tecnologia, bem como no apoio à divulgação
dos instrumentos de que trata o art. 48 em meio eletrônico de amplo acesso público.

§
2o A cooperação financeira compreenderá a doação de bens e valores,
o financiamento por intermédio das instituições financeiras federais e o repasse de
recursos oriundos de operações externas.

§ 3º A assistência técnica e a cooperação financeira a que
se refere o _caput_ poderão ser prestadas para a modernização da gestão
educacional dos Estados e Municípios.     [(Incluído pela Lei Complementar nº 212, de 2025)](https://www.planalto.gov.br/ccivil_03/leis/lcp/Lcp212.htm#art13)

Art. 65.Na ocorrência de calamidade pública reconhecida pelo Congresso Nacional,
no caso da União, ou pelas Assembléias Legislativas, na hipótese dos Estados e
Municípios, enquanto perdurar a situação:

I
\- serão suspensas a contagem dos prazos e as disposições estabelecidas nos arts. 23 ,
31 e 70;

II
\- serão dispensados o atingimento dos resultados fiscais e a limitação de empenho
prevista no art. 9o.

~~Parágrafo único. Aplica-se o disposto no _caput_ no caso de estado de defesa ou de
sítio, decretado na forma da Constituição.~~

§ 1º Na ocorrência de calamidade pública reconhecida pelo Congresso
Nacional, nos termos de decreto legislativo, em parte ou na
integralidade do território nacional e enquanto perdurar a situação,
além do previsto nos inciso I e II do
caput:        [(Incluído pela Lei Complementar nº 173, de 2020)](https://www.planalto.gov.br/ccivil_03/leis/lcp/Lcp173.htm#art7)

I - serão dispensados os limites, condições e demais restrições
aplicáveis à União, aos Estados, ao Distrito Federal e aos Municípios,
bem como sua verificação, para:     [(Incluído pela Lei Complementar nº 173, de 2020)](https://www.planalto.gov.br/ccivil_03/leis/lcp/Lcp173.htm#art7)

a) contratação e aditamento de operações de crédito;       [(Incluído pela Lei Complementar nº 173, de 2020)](https://www.planalto.gov.br/ccivil_03/leis/lcp/Lcp173.htm#art7)

b) concessão de garantias;        [(Incluído pela Lei Complementar nº 173, de 2020)](https://www.planalto.gov.br/ccivil_03/leis/lcp/Lcp173.htm#art7)

c) contratação entre entes da Federação; e        [(Incluído pela Lei Complementar nº 173, de 2020)](https://www.planalto.gov.br/ccivil_03/leis/lcp/Lcp173.htm#art7)

d) recebimento de transferências voluntárias;         [(Incluído pela Lei Complementar nº 173, de 2020)](https://www.planalto.gov.br/ccivil_03/leis/lcp/Lcp173.htm#art7)

II - serão dispensados os limites e afastadas as vedações e sanções
previstas e decorrentes dos arts. 35, 37 e 42, bem como será dispensado
o cumprimento do disposto no parágrafo único do art. 8º desta Lei
Complementar, desde que os recursos arrecadados sejam destinados ao
combate à calamidade pública;        [(Incluído pela Lei Complementar nº 173, de 2020)](https://www.planalto.gov.br/ccivil_03/leis/lcp/Lcp173.htm#art7)

III - serão afastadas as condições e as vedações previstas nos arts. 14,
16 e 17 desta Lei Complementar, desde que o incentivo ou benefício e a
criação ou o aumento da despesa sejam destinados ao combate à calamidade
pública.         [(Incluído pela Lei Complementar nº 173, de 2020)](https://www.planalto.gov.br/ccivil_03/leis/lcp/Lcp173.htm#art7)

§ 2º O disposto no § 1º deste artigo, observados os termos estabelecidos
no decreto legislativo que reconhecer o estado de calamidade pública:        [(Incluído pela Lei Complementar nº 173, de 2020)](https://www.planalto.gov.br/ccivil_03/leis/lcp/Lcp173.htm#art7)

I - aplicar-se-á exclusivamente:       [(Incluído pela Lei Complementar nº 173, de 2020)](https://www.planalto.gov.br/ccivil_03/leis/lcp/Lcp173.htm#art7)

a) às unidades da Federação atingidas e localizadas no território em que
for reconhecido o estado de calamidade pública pelo Congresso Nacional e
enquanto perdurar o referido estado de calamidade;    [(Incluído pela Lei Complementar nº 173, de 2020)](https://www.planalto.gov.br/ccivil_03/leis/lcp/Lcp173.htm#art7)

b) aos atos de gestão orçamentária e financeira necessários ao
atendimento de despesas relacionadas ao cumprimento do decreto
legislativo;      [(Incluído pela Lei Complementar nº 173, de 2020)](https://www.planalto.gov.br/ccivil_03/leis/lcp/Lcp173.htm#art7)

II - não afasta as disposições relativas a transparência, controle e
fiscalização.        [(Incluído pela Lei Complementar nº 173, de 2020)](https://www.planalto.gov.br/ccivil_03/leis/lcp/Lcp173.htm#art7)

§ 3º No caso de aditamento de operações de crédito garantidas pela União
com amparo no disposto no § 1º deste artigo, a garantia será mantida,
não sendo necessária a alteração dos contratos de garantia e de
contragarantia vigentes.       [(Incluído pela Lei Complementar nº 173, de 2020)](https://www.planalto.gov.br/ccivil_03/leis/lcp/Lcp173.htm#art7)

Art. 65-A. Não serão contabilizadas na meta de
resultado primário, para efeito do disposto no art. 9º desta Lei
Complementar, as transferências federais aos demais entes da Federação,
devidamente identificadas, para enfrentamento das consequências sociais
e econômicas no setor cultural decorrentes de calamidades públicas ou
pandemias, desde que sejam autorizadas em acréscimo aos valores
inicialmente previstos pelo Congresso Nacional na lei orçamentária
anual.       [(Incluído pela Lei Complementar nº 195, de 2022)](https://www.planalto.gov.br/ccivil_03/leis/lcp/Lcp195.htm#art31)

Art. 66.Os prazos estabelecidos nos arts. 23, 31 e 70 serão duplicados no caso de
crescimento real baixo ou negativo do Produto Interno Bruto (PIB) nacional, regional ou
estadual por período igual ou superior a quatro trimestres.

§
1o Entende-se por baixo crescimento a taxa de variação real acumulada
do Produto Interno Bruto inferior a 1% (um por cento), no período correspondente aos
quatro últimos trimestres.

§
2o A taxa de variação será aquela apurada pela Fundação Instituto
Brasileiro de Geografia e Estatística ou outro órgão que vier a substituí-la, adotada
a mesma metodologia para apuração dos PIB nacional, estadual e regional.

§
3o Na hipótese do _caput_, continuarão a ser adotadas as medidas
previstas no art. 22.

§
4o Na hipótese de se verificarem mudanças drásticas na condução das
políticas monetária e cambial, reconhecidas pelo Senado Federal, o prazo referido no _caput_
do art. 31 poderá ser ampliado em até quatro quadrimestres.

Art. 67.O acompanhamento e a avaliação, de forma permanente, da política e da
operacionalidade da gestão fiscal serão realizados por conselho de gestão fiscal,
constituído por representantes de todos os Poderes e esferas de Governo, do Ministério
Público e de entidades técnicas representativas da sociedade, visando a:

I
\- harmonização e coordenação entre os entes da Federação;

II
\- disseminação de práticas que resultem em maior eficiência na alocação e execução
do gasto público, na arrecadação de receitas, no controle do endividamento e na
transparência da gestão fiscal;

III - adoção de normas de consolidação das contas públicas, padronização das
prestações de contas e dos relatórios e demonstrativos de gestão fiscal de que trata
esta Lei Complementar, normas e padrões mais simples para os pequenos Municípios, bem
como outros, necessários ao controle social;

IV
\- divulgação de análises, estudos e diagnósticos.

§
1o O conselho a que se refere o _caput_ instituirá formas de
premiação e reconhecimento público aos titulares de Poder que alcançarem resultados
meritórios em suas políticas de desenvolvimento social, conjugados com a prática de uma
gestão fiscal pautada pelas normas desta Lei Complementar.

§
2o Lei disporá sobre a composição e a forma de funcionamento do
conselho.

Art. 68.Na forma do
[art. 250 da Constituição](https://www.planalto.gov.br/ccivil_03/Constituicao/Constituicao.htm#art250), é criado o Fundo do Regime Geral
de Previdência Social, vinculado ao Ministério da Previdência e Assistência Social,
com a finalidade de prover recursos para o pagamento dos benefícios do regime geral da
previdência social.

§
1o O Fundo será constituído de:

I
\- bens móveis e imóveis, valores e rendas do Instituto Nacional do Seguro Social não
utilizados na operacionalização deste;

II
\- bens e direitos que, a qualquer título, lhe sejam adjudicados ou que lhe vierem a ser
vinculados por força de lei;

III - receita das contribuições sociais para a seguridade social, previstas na alínea _a_
do [inciso I](https://www.planalto.gov.br/ccivil_03/Constituicao/Constituicao.htm#art195i) e no
[inciso II do art. 195 da \\
Constituição](https://www.planalto.gov.br/ccivil_03/Constituicao/Constituicao.htm#art195ii);

IV
\- produto da liquidação de bens e ativos de pessoa física ou jurídica em débito com a
Previdência Social;

V
\- resultado da aplicação financeira de seus ativos;

VI
\- recursos provenientes do orçamento da União.

§
2o O Fundo será gerido pelo Instituto Nacional do Seguro Social, na
forma da lei.

Art. 69.O ente da Federação que mantiver ou vier a instituir regime próprio de
previdência social para seus servidores conferir-lhe-á caráter contributivo e o
organizará com base em normas de contabilidade e atuária que preservem seu equilíbrio
financeiro e atuarial.

Art. 70.O Poder ou órgão referido no art. 20cuja
despesa total com pessoal no exercício anterior ao da publicação desta Lei Complementar
estiver acima dos limites estabelecidos nos arts. 19 e 20 deverá enquadrar-se no
respectivo limite em até dois exercícios, eliminando o excesso, gradualmente, à razão
de, pelo menos, 50% a.a. (cinqüenta por cento ao ano), mediante a adoção, entre outras,
das medidas previstas nos arts. 22 e 23.

Parágrafo único. A inobservância do disposto no _caput_, no prazo fixado, sujeita
o ente às sanções previstas no § 3o do art. 23.

Art. 71.Ressalvada a hipótese do
[inciso X do art. 37 da \\
Constituição](https://www.planalto.gov.br/ccivil_03/Constituicao/Constituicao.htm#art37x), até o término do terceiro exercício financeiro seguinte à
entrada em vigor desta Lei Complementar, a despesa total com pessoal dos Poderes
e órgãos referidos no art. 20 não ultrapassará, em percentual da receita
corrente líquida, a despesa verificada no exercício imediatamente anterior,
acrescida de até 10% (dez por cento), se esta for inferior ao limite definido na
forma do art. 20.

Art. 72.A despesa com serviços de terceiros dos Poderes e órgãos
referidos no art. 20 não poderá exceder, em percentual da receita corrente líquida, a
do exercício anterior à entrada em vigor desta Lei Complementar, até o término do
terceiro exercício seguinte.

Art. 73.As infrações dos dispositivos desta Lei Complementar serão punidas
segundo o [Decreto-Lei no 2.848,\\
de 7 de dezembro de 1940](https://www.planalto.gov.br/ccivil_03/Decreto-Lei/Del2848.htm) (Código Penal); a [Lei no\\
1.079, de 10 de abril de 1950](https://www.planalto.gov.br/ccivil_03/leis/L1079.htm); o [Decreto-Lei no\\
201, de 27 de fevereiro de 1967](https://www.planalto.gov.br/ccivil_03/Decreto-Lei/Del0201.htm);a [Lei\\
no 8.429, de 2 de junho de 1992](https://www.planalto.gov.br/ccivil_03/leis/L8429.htm); e demais normas da legislação
pertinente.

Art. 73-A.  Qualquer cidadão, partido político, associação ou
sindicato é parte legítima para denunciar ao respectivo Tribunal de Contas e ao
órgão competente do Ministério Público o descumprimento das prescrições
estabelecidas nesta Lei Complementar. [(Incluído pela \\
Lei Complementar nº 131, de 2009).](https://www.planalto.gov.br/ccivil_03/leis/lcp/Lcp131.htm#art2)

Art. 73-B.  Ficam estabelecidos os seguintes
prazos para o cumprimento das determinações dispostas nos incisos II e
III do parágrafo único do art. 48 e do art. 48-A:                        [(Incluído \\
pela Lei Complementar nº 131, de 2009).](https://www.planalto.gov.br/ccivil_03/leis/lcp/Lcp131.htm#art2)

I – 1 (um) ano para a União, os Estados, o Distrito
Federal e os Municípios com mais de 100.000 (cem mil) habitantes;                     [(Incluído \\
pela Lei Complementar nº 131, de 2009).](https://www.planalto.gov.br/ccivil_03/leis/lcp/Lcp131.htm#art2)

II – 2 (dois) anos para os Municípios que tenham entre
50.000 (cinquenta mil) e 100.000 (cem mil) habitantes;                      [(Incluído \\
pela Lei Complementar nº 131, de 2009).](https://www.planalto.gov.br/ccivil_03/leis/lcp/Lcp131.htm#art2)

III – 4 (quatro) anos para os Municípios que tenham até
50.000 (cinquenta mil) habitantes.                        [(Incluído pela Lei Complementar nº 131, de 2009).](https://www.planalto.gov.br/ccivil_03/leis/lcp/Lcp131.htm#art2)

Parágrafo único.  Os prazos estabelecidos neste artigo
serão contados a partir da data de publicação da lei complementar que
introduziu os dispositivos referidos no caputdeste artigo.                       [(Incluído pela \\
Lei Complementar nº 131, de 2009).](https://www.planalto.gov.br/ccivil_03/leis/lcp/Lcp131.htm#art2)

Art. 73-C.  O não atendimento, até o
encerramento dos prazos previstos no art. 73-B, das determinações
contidas nos incisos II e III do parágrafo único do art. 48 e no art.
48-A sujeita o ente à sanção prevista no inciso I do § 3o
do art. 23.                         [(Incluído pela Lei Complementar nº \\
131, de 2009).](https://www.planalto.gov.br/ccivil_03/leis/lcp/Lcp131.htm#art2)

Art. 74.Esta Lei Complementar entra em vigor na data da sua publicação.

Art. 75.Revoga-se a [Lei Complementar no 96,\\
de 31 de maio de 1999.](https://www.planalto.gov.br/ccivil_03/leis/lcp/Lcp96.htm)

Brasília, 4 de maio de 2000; 179o da Independência e 112o
da República.

FERNANDO HENRIQUE CARDOSO

_Pedro Malan_

_Martus Tavares_

Este texto não substitui o
publicada no DOU de 5.5.2000

\*",https://www.planalto.gov.br/ccivil_03/leis/lcp/Lcp101.htm
https://www.planalto.gov.br/ccivil_03/leis/lcp/Lcp87.htm,https://www.planalto.gov.br/ccivil_03/leis/lcp/lcp214.htm,"inciso V    do § 5º do art. 20 da Lei Complementar nº 87, de 13 de setembro de 1996",https://www.planalto.gov.br/ccivil_03/leis/lcp/lcp214.htm,"Full document of inciso V    do § 5º do art. 20 da Lei Complementar nº 87, de 13 de setembro de 1996 at https://www.planalto.gov.br/ccivil_03/leis/lcp/Lcp87.htm.",
https://www.planalto.gov.br/ccivil_03/decreto/D70235cons.htm,https://www.planalto.gov.br/ccivil_03/leis/lcp/lcp214.htm,"Decreto nº 70.235, de 6 de março de 1972",https://www.planalto.gov.br/ccivil_03/leis/lcp/lcp214.htm,"Full document of Decreto nº 70.235, de 6 de março de 1972 at https://www.planalto.gov.br/ccivil_03/decreto/D70235cons.htm.",
https://www.planalto.gov.br/ccivil_03/Decreto-Lei/Del1455.htm,https://www.planalto.gov.br/ccivil_03/leis/lcp/lcp214.htm,"art. 15 do Decreto-Lei nº 1.455, de 7 de abril de    1976;",https://www.planalto.gov.br/ccivil_03/leis/lcp/lcp214.htm,"Full document of art. 15 do Decreto-Lei nº 1.455, de 7 de abril de    1976; at https://www.planalto.gov.br/ccivil_03/Decreto-Lei/Del1455.htm.",
https://www.planalto.gov.br/ccivil_03/leis/L8248.htm,https://www.planalto.gov.br/ccivil_03/leis/lcp/lcp214.htm,"art. 16-A da Lei nº    8.248, de 23 de outubro de 1991",https://www.planalto.gov.br/ccivil_03/leis/lcp/lcp214.htm,"Full document of art. 16-A da Lei nº    8.248, de 23 de outubro de 1991 at https://www.planalto.gov.br/ccivil_03/leis/L8248.htm.",
https://www.planalto.gov.br/ccivil_03/leis/L7965.htm,https://www.planalto.gov.br/ccivil_03/leis/lcp/lcp214.htm,"Lei nº 7.965, de 22 de dezembro de    1989;",https://www.planalto.gov.br/ccivil_03/leis/lcp/lcp214.htm,"Full document of Lei nº 7.965, de 22 de dezembro de    1989; at https://www.planalto.gov.br/ccivil_03/leis/L7965.htm.",
https://www.planalto.gov.br/ccivil_03/leis/1989_1994/L8210.htm,https://www.planalto.gov.br/ccivil_03/leis/lcp/lcp214.htm,"Lei nº 8.210, de 19 de julho de    1991",https://www.planalto.gov.br/ccivil_03/leis/lcp/lcp214.htm,"Full document of Lei nº 8.210, de 19 de julho de    1991 at https://www.planalto.gov.br/ccivil_03/leis/1989_1994/L8210.htm.",
https://www.planalto.gov.br/ccivil_03/leis/1989_1994/L8256.htm,https://www.planalto.gov.br/ccivil_03/leis/lcp/lcp214.htm,"Lei nº 8.256, de 25 de novembro    de 1991;",https://www.planalto.gov.br/ccivil_03/leis/lcp/lcp214.htm,"Full document of Lei nº 8.256, de 25 de novembro    de 1991; at https://www.planalto.gov.br/ccivil_03/leis/1989_1994/L8256.htm.",
https://www.planalto.gov.br/ccivil_03/leis/L8387.htm,https://www.planalto.gov.br/ccivil_03/leis/lcp/lcp214.htm,"art. 11 da Lei nº 8.387, de 30 de    dezembro de 1991",https://www.planalto.gov.br/ccivil_03/leis/lcp/lcp214.htm,"Full document of art. 11 da Lei nº 8.387, de 30 de    dezembro de 1991 at https://www.planalto.gov.br/ccivil_03/leis/L8387.htm.",
https://www.planalto.gov.br/ccivil_03/leis/1989_1994/L8857.htm,https://www.planalto.gov.br/ccivil_03/leis/lcp/lcp214.htm,"Lei nº 8.857, de 8 de março de 1994",https://www.planalto.gov.br/ccivil_03/leis/lcp/lcp214.htm,"Full document of Lei nº 8.857, de 8 de março de 1994 at https://www.planalto.gov.br/ccivil_03/leis/1989_1994/L8857.htm.",
https://www.planalto.gov.br/ccivil_03/_Ato2019-2022/2022/Lei/L14341.htm,https://www.planalto.gov.br/ccivil_03/leis/lcp/lcp214.htm,"Lei nº 14.341, de 18 de maio de 2022",https://www.planalto.gov.br/ccivil_03/leis/lcp/lcp214.htm,"Full document of Lei nº 14.341, de 18 de maio de 2022 at https://www.planalto.gov.br/ccivil_03/_Ato2019-2022/2022/Lei/L14341.htm.",
https://www.planalto.gov.br/ccivil_03/leis/lcp/Lcp64.htm,https://www.planalto.gov.br/ccivil_03/leis/lcp/lcp214.htm,"alíneas “a” a    “q” do inciso I docaputdo art. 1º da Lei Complementar nº    64, de 18 de maio de 1990.",https://www.planalto.gov.br/ccivil_03/leis/lcp/lcp214.htm,"Full document of alíneas “a” a    “q” do inciso I docaputdo art. 1º da Lei Complementar nº    64, de 18 de maio de 1990. at https://www.planalto.gov.br/ccivil_03/leis/lcp/Lcp64.htm.",
https://www.planalto.gov.br/ccivil_03/_Ato2004-2006/2004/Lei/L10.931.htm,https://www.planalto.gov.br/ccivil_03/leis/lcp/lcp214.htm,art. 1º,https://www.planalto.gov.br/ccivil_03/leis/lcp/lcp214.htm,Full document of art. 1º at https://www.planalto.gov.br/ccivil_03/_Ato2004-2006/2004/Lei/L10.931.htm.,
https://www.planalto.gov.br/ccivil_03/leis/LEIS_2001/L10188.htm,https://www.planalto.gov.br/ccivil_03/leis/lcp/lcp214.htm,"Lei nº 10.188, de 12 de fevereiro de    2001,",https://www.planalto.gov.br/ccivil_03/leis/lcp/lcp214.htm,"Full document of Lei nº 10.188, de 12 de fevereiro de    2001, at https://www.planalto.gov.br/ccivil_03/leis/LEIS_2001/L10188.htm.",
https://www.planalto.gov.br/ccivil_03/_Ato2004-2006/2005/Lei/L11107.htm,https://www.planalto.gov.br/ccivil_03/leis/lcp/lcp214.htm,"Lei nº 11.107, de 6 de abril de 2005",https://www.planalto.gov.br/ccivil_03/leis/lcp/lcp214.htm,"Full document of Lei nº 11.107, de 6 de abril de 2005 at https://www.planalto.gov.br/ccivil_03/_Ato2004-2006/2005/Lei/L11107.htm.",
https://www.planalto.gov.br/ccivil_03/Decreto-Lei/Del0037.htm,https://www.planalto.gov.br/ccivil_03/leis/lcp/lcp214.htm,"Decreto-Lei nº 37, de 18 de novembro de 1966",https://www.planalto.gov.br/ccivil_03/leis/lcp/lcp214.htm,"Full document of Decreto-Lei nº 37, de 18 de novembro de 1966 at https://www.planalto.gov.br/ccivil_03/Decreto-Lei/Del0037.htm.",
https://www.planalto.gov.br/ccivil_03/leis/L7998.htm,https://www.planalto.gov.br/ccivil_03/leis/lcp/lcp214.htm,"Lei nº 7.998, de 11 de janeiro de 1990",https://www.planalto.gov.br/ccivil_03/leis/lcp/lcp214.htm,"Full document of Lei nº 7.998, de 11 de janeiro de 1990 at https://www.planalto.gov.br/ccivil_03/leis/L7998.htm.",
https://www.planalto.gov.br/ccivil_03/leis/L8019.htm,https://www.planalto.gov.br/ccivil_03/leis/lcp/lcp214.htm,"Lei nº 8.019, de 11 de abril de 1990",https://www.planalto.gov.br/ccivil_03/leis/lcp/lcp214.htm,"Full document of Lei nº 8.019, de 11 de abril de 1990 at https://www.planalto.gov.br/ccivil_03/leis/L8019.htm.",
https://www.planalto.gov.br/ccivil_03/leis/lcp/Lcp08.htm,https://www.planalto.gov.br/ccivil_03/leis/lcp/lcp214.htm,"Lei Complementar nº 8, de 3    de dezembro de 1970",https://www.planalto.gov.br/ccivil_03/leis/lcp/lcp214.htm,"Full document of Lei Complementar nº 8, de 3    de dezembro de 1970 at https://www.planalto.gov.br/ccivil_03/leis/lcp/Lcp08.htm.",
https://www.planalto.gov.br/ccivil_03/leis/lcp/Lcp192.htm,https://www.planalto.gov.br/ccivil_03/leis/lcp/lcp214.htm,"Lei Complementar nº    192, de 11 de março de 2022;",https://www.planalto.gov.br/ccivil_03/leis/lcp/lcp214.htm,"Full document of Lei Complementar nº    192, de 11 de março de 2022; at https://www.planalto.gov.br/ccivil_03/leis/lcp/Lcp192.htm.",
https://www.planalto.gov.br/ccivil_03/leis/L9430.htm,https://www.planalto.gov.br/ccivil_03/leis/lcp/lcp214.htm,"Lei nº 9.430, de 27 de dezembro de 1996",https://www.planalto.gov.br/ccivil_03/leis/lcp/lcp214.htm,"Full document of Lei nº 9.430, de 27 de dezembro de 1996 at https://www.planalto.gov.br/ccivil_03/leis/L9430.htm.",
https://www.planalto.gov.br/ccivil_03/leis/L9779.htm,https://www.planalto.gov.br/ccivil_03/leis/lcp/lcp214.htm,"Lei nº 9.779, de 19 de janeiro de 1999",https://www.planalto.gov.br/ccivil_03/leis/lcp/lcp214.htm,"Full document of Lei nº 9.779, de 19 de janeiro de 1999 at https://www.planalto.gov.br/ccivil_03/leis/L9779.htm.",
https://www.planalto.gov.br/ccivil_03/leis/lcp/Lcp116.htm,https://www.planalto.gov.br/ccivil_03/leis/lcp/lcp214.htm,"Lei Complementar nº 116, de 31 de julho de 2003",https://www.planalto.gov.br/ccivil_03/leis/lcp/lcp214.htm,"Full document of Lei Complementar nº 116, de 31 de julho de 2003 at https://www.planalto.gov.br/ccivil_03/leis/lcp/Lcp116.htm.",
https://www.planalto.gov.br/ccivil_03/leis/LEIS_2001/L10336.htm,https://www.planalto.gov.br/ccivil_03/leis/lcp/lcp214.htm,"inciso V do art. 3º da Lei nº 10.336, de 19 de dezembro de 2001",https://www.planalto.gov.br/ccivil_03/leis/lcp/lcp214.htm,"Full document of inciso V do art. 3º da Lei nº 10.336, de 19 de dezembro de 2001 at https://www.planalto.gov.br/ccivil_03/leis/LEIS_2001/L10336.htm.",
https://www.planalto.gov.br/ccivil_03/_Ato2004-2006/2004/Lei/L11033.htm,https://www.planalto.gov.br/ccivil_03/leis/lcp/lcp214.htm,"Lei nº 11.033, de 21 de dezembro de 2004",https://www.planalto.gov.br/ccivil_03/leis/lcp/lcp214.htm,"Full document of Lei nº 11.033, de 21 de dezembro de 2004 at https://www.planalto.gov.br/ccivil_03/_Ato2004-2006/2004/Lei/L11033.htm.",
https://www.planalto.gov.br/ccivil_03/_Ato2004-2006/2004/Lei/L11051.htm,https://www.planalto.gov.br/ccivil_03/leis/lcp/lcp214.htm,"Lei nº 11.051, de 29 de dezembro de 2004",https://www.planalto.gov.br/ccivil_03/leis/lcp/lcp214.htm,"Full document of Lei nº 11.051, de 29 de dezembro de 2004 at https://www.planalto.gov.br/ccivil_03/_Ato2004-2006/2004/Lei/L11051.htm.",
https://www.planalto.gov.br/ccivil_03/_Ato2004-2006/2004/Lei/L11079.htm,https://www.planalto.gov.br/ccivil_03/leis/lcp/lcp214.htm,"Lei nº 11.079, de 30 de dezembro de 2004",https://www.planalto.gov.br/ccivil_03/leis/lcp/lcp214.htm,"Full document of Lei nº 11.079, de 30 de dezembro de 2004 at https://www.planalto.gov.br/ccivil_03/_Ato2004-2006/2004/Lei/L11079.htm.",
https://www.planalto.gov.br/ccivil_03/_Ato2011-2014/2014/Lei/L12973.htm,https://www.planalto.gov.br/ccivil_03/leis/lcp/lcp214.htm,"art. 75 da Lei nº 12.973, de 13 de maio de    2014",https://www.planalto.gov.br/ccivil_03/leis/lcp/lcp214.htm,"Full document of art. 75 da Lei nº 12.973, de 13 de maio de    2014 at https://www.planalto.gov.br/ccivil_03/_Ato2011-2014/2014/Lei/L12973.htm.",
https://www.planalto.gov.br/ccivil_03/_Ato2004-2006/2005/Lei/L11196.htm,https://www.planalto.gov.br/ccivil_03/leis/lcp/lcp214.htm,"Lei nº 11.196, de 21 de novembro de 2005",https://www.planalto.gov.br/ccivil_03/leis/lcp/lcp214.htm,"Full document of Lei nº 11.196, de 21 de novembro de 2005 at https://www.planalto.gov.br/ccivil_03/_Ato2004-2006/2005/Lei/L11196.htm.",
https://www.planalto.gov.br/ccivil_03/leis/lcp/Lcp147.htm,https://www.planalto.gov.br/ccivil_03/leis/lcp/lcp214.htm,"art. 11 da Lei Complementar nº 147, de 7 de agosto de 2014",https://www.planalto.gov.br/ccivil_03/leis/lcp/lcp214.htm,"Full document of art. 11 da Lei Complementar nº 147, de 7 de agosto de 2014 at https://www.planalto.gov.br/ccivil_03/leis/lcp/Lcp147.htm.",
https://www.planalto.gov.br/ccivil_03/_Ato2007-2010/2007/Lei/L11508.htm,https://www.planalto.gov.br/ccivil_03/leis/lcp/lcp214.htm,"Lei nº 11.508, de 20 de julho de 2007",https://www.planalto.gov.br/ccivil_03/leis/lcp/lcp214.htm,"Full document of Lei nº 11.508, de 20 de julho de 2007 at https://www.planalto.gov.br/ccivil_03/_Ato2007-2010/2007/Lei/L11508.htm.",
https://www.planalto.gov.br/ccivil_03/_Ato2007-2010/2009/Lei/L11898.htm,https://www.planalto.gov.br/ccivil_03/leis/lcp/lcp214.htm,"Lei nº 11.898, de 8 de janeiro de 2009",https://www.planalto.gov.br/ccivil_03/leis/lcp/lcp214.htm,"Full document of Lei nº 11.898, de 8 de janeiro de 2009 at https://www.planalto.gov.br/ccivil_03/_Ato2007-2010/2009/Lei/L11898.htm.",
https://www.planalto.gov.br/ccivil_03/_Ato2007-2010/2009/Lei/L11945.htm,https://www.planalto.gov.br/ccivil_03/leis/lcp/lcp214.htm,"Lei nº 11.945, de 4 de junho de 2009",https://www.planalto.gov.br/ccivil_03/leis/lcp/lcp214.htm,"Full document of Lei nº 11.945, de 4 de junho de 2009 at https://www.planalto.gov.br/ccivil_03/_Ato2007-2010/2009/Lei/L11945.htm.",
https://www.planalto.gov.br/ccivil_03/_Ato2007-2010/2010/Lei/L12249.htm,https://www.planalto.gov.br/ccivil_03/leis/lcp/lcp214.htm,"Lei nº 12.249, de 11 de junho de 2010",https://www.planalto.gov.br/ccivil_03/leis/lcp/lcp214.htm,"Full document of Lei nº 12.249, de 11 de junho de 2010 at https://www.planalto.gov.br/ccivil_03/_Ato2007-2010/2010/Lei/L12249.htm.",
https://www.planalto.gov.br/ccivil_03/_Ato2007-2010/2010/Lei/L12350.htm,https://www.planalto.gov.br/ccivil_03/leis/lcp/lcp214.htm,"Lei nº 12.350, de 20 de dezembro de 2010",https://www.planalto.gov.br/ccivil_03/leis/lcp/lcp214.htm,"Full document of Lei nº 12.350, de 20 de dezembro de 2010 at https://www.planalto.gov.br/ccivil_03/_Ato2007-2010/2010/Lei/L12350.htm.",
https://www.planalto.gov.br/ccivil_03/_Ato2004-2006/2004/Lei/L10.973.htm,https://www.planalto.gov.br/ccivil_03/leis/lcp/lcp214.htm,"art. 19 da Lei nº 10.973, de 2 de dezembro de 2004",https://www.planalto.gov.br/ccivil_03/leis/lcp/lcp214.htm,"Full document of art. 19 da Lei nº 10.973, de 2 de dezembro de 2004 at https://www.planalto.gov.br/ccivil_03/_Ato2004-2006/2004/Lei/L10.973.htm.",
https://www.planalto.gov.br/ccivil_03/_Ato2011-2014/2011/Lei/L12431.htm,https://www.planalto.gov.br/ccivil_03/leis/lcp/lcp214.htm,"Lei nº 12.431, de 24 de junho de 2011",https://www.planalto.gov.br/ccivil_03/leis/lcp/lcp214.htm,"Full document of Lei nº 12.431, de 24 de junho de 2011 at https://www.planalto.gov.br/ccivil_03/_Ato2011-2014/2011/Lei/L12431.htm.",
https://www.planalto.gov.br/ccivil_03/_Ato2011-2014/2012/Lei/L12598.htm,https://www.planalto.gov.br/ccivil_03/leis/lcp/lcp214.htm,"Lei nº 12.598, de 21 de março de 2012",https://www.planalto.gov.br/ccivil_03/leis/lcp/lcp214.htm,"Full document of Lei nº 12.598, de 21 de março de 2012 at https://www.planalto.gov.br/ccivil_03/_Ato2011-2014/2012/Lei/L12598.htm.",
https://www.planalto.gov.br/ccivil_03/_Ato2011-2014/2012/Lei/L12599.htm,https://www.planalto.gov.br/ccivil_03/leis/lcp/lcp214.htm,"Lei nº 12.599, de 23 de março de 2012",https://www.planalto.gov.br/ccivil_03/leis/lcp/lcp214.htm,"Full document of Lei nº 12.599, de 23 de março de 2012 at https://www.planalto.gov.br/ccivil_03/_Ato2011-2014/2012/Lei/L12599.htm.",
https://www.planalto.gov.br/ccivil_03/_Ato2011-2014/2012/Lei/L12715.htm,https://www.planalto.gov.br/ccivil_03/leis/lcp/lcp214.htm,"Lei nº 12.715, de 17 de setembro de 2012",https://www.planalto.gov.br/ccivil_03/leis/lcp/lcp214.htm,"Full document of Lei nº 12.715, de 17 de setembro de 2012 at https://www.planalto.gov.br/ccivil_03/_Ato2011-2014/2012/Lei/L12715.htm.",
https://www.planalto.gov.br/ccivil_03/_Ato2015-2018/2015/Lei/L13097.htm,https://www.planalto.gov.br/ccivil_03/leis/lcp/lcp214.htm,"Lei nº 13.097, de 19 de janeiro de 2015",https://www.planalto.gov.br/ccivil_03/leis/lcp/lcp214.htm,"Full document of Lei nº 13.097, de 19 de janeiro de 2015 at https://www.planalto.gov.br/ccivil_03/_Ato2015-2018/2015/Lei/L13097.htm.",
https://www.planalto.gov.br/ccivil_03/_Ato2011-2014/2011/Decreto/D7660.htm,https://www.planalto.gov.br/ccivil_03/leis/lcp/lcp214.htm,"Decreto nº 7.660, de 23 de    dezembro de 2011:",https://www.planalto.gov.br/ccivil_03/leis/lcp/lcp214.htm,"Full document of Decreto nº 7.660, de 23 de    dezembro de 2011: at https://www.planalto.gov.br/ccivil_03/_Ato2011-2014/2011/Decreto/D7660.htm.",
https://www.planalto.gov.br/ccivil_03/_Ato2015-2018/2017/Lei/L13586.htm,https://www.planalto.gov.br/ccivil_03/leis/lcp/lcp214.htm,"Lei nº 13.586, de 28 de dezembro de 2017",https://www.planalto.gov.br/ccivil_03/leis/lcp/lcp214.htm,"Full document of Lei nº 13.586, de 28 de dezembro de 2017 at https://www.planalto.gov.br/ccivil_03/_Ato2015-2018/2017/Lei/L13586.htm.",
https://www.planalto.gov.br/ccivil_03/_Ato2019-2022/2021/Lei/L14148.htm,https://www.planalto.gov.br/ccivil_03/leis/lcp/lcp214.htm,"Lei nº 14.148, de 3 de maio de 2021",https://www.planalto.gov.br/ccivil_03/leis/lcp/lcp214.htm,"Full document of Lei nº 14.148, de 3 de maio de 2021 at https://www.planalto.gov.br/ccivil_03/_Ato2019-2022/2021/Lei/L14148.htm.",
https://www.planalto.gov.br/ccivil_03/_Ato2023-2026/2023/Lei/L14789.htm,https://www.planalto.gov.br/ccivil_03/leis/lcp/lcp214.htm,"Lei nº 14.789, de 29 de dezembro de 2023",https://www.planalto.gov.br/ccivil_03/leis/lcp/lcp214.htm,"Full document of Lei nº 14.789, de 29 de dezembro de 2023 at https://www.planalto.gov.br/ccivil_03/_Ato2023-2026/2023/Lei/L14789.htm.",
https://www.planalto.gov.br/ccivil_03/leis/lcp/Lcp07.htm,https://www.planalto.gov.br/ccivil_03/leis/lcp/lcp214.htm,"alínea    “b” docaputdo art. 3º da Lei Complementar nº 7, de 7 de    setembro de 1970;",https://www.planalto.gov.br/ccivil_03/leis/lcp/lcp214.htm,"Full document of alínea    “b” docaputdo art. 3º da Lei Complementar nº 7, de 7 de    setembro de 1970; at https://www.planalto.gov.br/ccivil_03/leis/lcp/Lcp07.htm.",
https://www.planalto.gov.br/ccivil_03/leis/lcp/Lcp17.htm,https://www.planalto.gov.br/ccivil_03/leis/lcp/lcp214.htm,"art.    1º da Lei Complementar nº 17, de 12 de dezembro de 1973;",https://www.planalto.gov.br/ccivil_03/leis/lcp/lcp214.htm,"Full document of art.    1º da Lei Complementar nº 17, de 12 de dezembro de 1973; at https://www.planalto.gov.br/ccivil_03/leis/lcp/Lcp17.htm.",
https://www.planalto.gov.br/ccivil_03/leis/lcp/Lcp70.htm,https://www.planalto.gov.br/ccivil_03/leis/lcp/lcp214.htm,"Lei Complementar nº 70, de 30 de dezembro de    1991:",https://www.planalto.gov.br/ccivil_03/leis/lcp/lcp214.htm,"Full document of Lei Complementar nº 70, de 30 de dezembro de    1991: at https://www.planalto.gov.br/ccivil_03/leis/lcp/Lcp70.htm.",
https://www.planalto.gov.br/ccivil_03/leis/L9363.htm,https://www.planalto.gov.br/ccivil_03/leis/lcp/lcp214.htm,"Lei nº    9.363, de 13 de dezembro de 1996;",https://www.planalto.gov.br/ccivil_03/leis/lcp/lcp214.htm,"Full document of Lei nº    9.363, de 13 de dezembro de 1996; at https://www.planalto.gov.br/ccivil_03/leis/L9363.htm.",
https://www.planalto.gov.br/ccivil_03/leis/L9701.htm,https://www.planalto.gov.br/ccivil_03/leis/lcp/lcp214.htm,"arts. 1º a 4º da Lei nº 9.701, de 17 de novembro de 1998;",https://www.planalto.gov.br/ccivil_03/leis/lcp/lcp214.htm,"Full document of arts. 1º a 4º da Lei nº 9.701, de 17 de novembro de 1998; at https://www.planalto.gov.br/ccivil_03/leis/L9701.htm.",
https://www.planalto.gov.br/ccivil_03/leis/L9715.htm,https://www.planalto.gov.br/ccivil_03/leis/lcp/lcp214.htm,"Lei nº 9.715, de 25 de novembro de 1998:",https://www.planalto.gov.br/ccivil_03/leis/lcp/lcp214.htm,"Full document of Lei nº 9.715, de 25 de novembro de 1998: at https://www.planalto.gov.br/ccivil_03/leis/L9715.htm.",
https://www.planalto.gov.br/ccivil_03/leis/LEIS_2001/L10276.htm,https://www.planalto.gov.br/ccivil_03/leis/lcp/lcp214.htm,"Lei nº 10.276, de 10 de setembro de 2001",https://www.planalto.gov.br/ccivil_03/leis/lcp/lcp214.htm,"Full document of Lei nº 10.276, de 10 de setembro de 2001 at https://www.planalto.gov.br/ccivil_03/leis/LEIS_2001/L10276.htm.",
https://www.planalto.gov.br/ccivil_03/leis/LEIS_2001/L10312.htm,https://www.planalto.gov.br/ccivil_03/leis/lcp/lcp214.htm,"Lei nº 10.312, de 27 de novembro de 2001;",https://www.planalto.gov.br/ccivil_03/leis/lcp/lcp214.htm,"Full document of Lei nº 10.312, de 27 de novembro de 2001; at https://www.planalto.gov.br/ccivil_03/leis/LEIS_2001/L10312.htm.",
https://www.planalto.gov.br/ccivil_03/leis/2002/L10560.htm,https://www.planalto.gov.br/ccivil_03/leis/lcp/lcp214.htm,arts. 2º,https://www.planalto.gov.br/ccivil_03/leis/lcp/lcp214.htm,Full document of arts. 2º at https://www.planalto.gov.br/ccivil_03/leis/2002/L10560.htm.,
https://www.planalto.gov.br/ccivil_03/leis/2003/L10.676.htm,https://www.planalto.gov.br/ccivil_03/leis/lcp/lcp214.htm,"Lei nº 10.676, de 22 de maio de 2003;",https://www.planalto.gov.br/ccivil_03/leis/lcp/lcp214.htm,"Full document of Lei nº 10.676, de 22 de maio de 2003; at https://www.planalto.gov.br/ccivil_03/leis/2003/L10.676.htm.",
https://www.planalto.gov.br/ccivil_03/leis/2003/L10.684.htm,https://www.planalto.gov.br/ccivil_03/leis/lcp/lcp214.htm,arts.    17,https://www.planalto.gov.br/ccivil_03/leis/lcp/lcp214.htm,Full document of arts.    17 at https://www.planalto.gov.br/ccivil_03/leis/2003/L10.684.htm.,
https://www.planalto.gov.br/ccivil_03/_Ato2004-2006/2004/Lei/L10.848.htm,https://www.planalto.gov.br/ccivil_03/leis/lcp/lcp214.htm,"§ 4º    do art. 5º da Lei nº 10.848, de 15 de março de 2004;",https://www.planalto.gov.br/ccivil_03/leis/lcp/lcp214.htm,"Full document of § 4º    do art. 5º da Lei nº 10.848, de 15 de março de 2004; at https://www.planalto.gov.br/ccivil_03/_Ato2004-2006/2004/Lei/L10.848.htm.",
https://www.planalto.gov.br/ccivil_03/_Ato2004-2006/2004/Lei/L10.892.htm,https://www.planalto.gov.br/ccivil_03/leis/lcp/lcp214.htm,"art.    4º da Lei nº 10.892, de 13 de julho de 2004;",https://www.planalto.gov.br/ccivil_03/leis/lcp/lcp214.htm,"Full document of art.    4º da Lei nº 10.892, de 13 de julho de 2004; at https://www.planalto.gov.br/ccivil_03/_Ato2004-2006/2004/Lei/L10.892.htm.",
https://www.planalto.gov.br/ccivil_03/_Ato2004-2006/2004/Lei/L10.925.htm,https://www.planalto.gov.br/ccivil_03/leis/lcp/lcp214.htm,"Lei nº 10.925, de 23 de julho de 2004",https://www.planalto.gov.br/ccivil_03/leis/lcp/lcp214.htm,"Full document of Lei nº 10.925, de 23 de julho de 2004 at https://www.planalto.gov.br/ccivil_03/_Ato2004-2006/2004/Lei/L10.925.htm.",
https://www.planalto.gov.br/ccivil_03/_Ato2004-2006/2004/Lei/L10996.htm,https://www.planalto.gov.br/ccivil_03/leis/lcp/lcp214.htm,"arts. 2º a 5º da Lei nº 10.996, de 15 de dezembro de 2004:",https://www.planalto.gov.br/ccivil_03/leis/lcp/lcp214.htm,"Full document of arts. 2º a 5º da Lei nº 10.996, de 15 de dezembro de 2004: at https://www.planalto.gov.br/ccivil_03/_Ato2004-2006/2004/Lei/L10996.htm.",
https://www.planalto.gov.br/ccivil_03/_Ato2004-2006/2005/Lei/L11116.htm,https://www.planalto.gov.br/ccivil_03/leis/lcp/lcp214.htm,"Lei nº 11.116, de 18 de maio de 2005:",https://www.planalto.gov.br/ccivil_03/leis/lcp/lcp214.htm,"Full document of Lei nº 11.116, de 18 de maio de 2005: at https://www.planalto.gov.br/ccivil_03/_Ato2004-2006/2005/Lei/L11116.htm.",
https://www.planalto.gov.br/ccivil_03/_Ato2004-2006/2006/Lei/L11371.htm,https://www.planalto.gov.br/ccivil_03/leis/lcp/lcp214.htm,"art.    10 da Lei nº 11.371, de 28 de novembro de 2006;",https://www.planalto.gov.br/ccivil_03/leis/lcp/lcp214.htm,"Full document of art.    10 da Lei nº 11.371, de 28 de novembro de 2006; at https://www.planalto.gov.br/ccivil_03/_Ato2004-2006/2006/Lei/L11371.htm.",
https://www.planalto.gov.br/ccivil_03/_Ato2007-2010/2007/Lei/L11484.htm,https://www.planalto.gov.br/ccivil_03/leis/lcp/lcp214.htm,"Lei nº 11.484, de 31 de maio de 2007:",https://www.planalto.gov.br/ccivil_03/leis/lcp/lcp214.htm,"Full document of Lei nº 11.484, de 31 de maio de 2007: at https://www.planalto.gov.br/ccivil_03/_Ato2007-2010/2007/Lei/L11484.htm.",
https://www.planalto.gov.br/ccivil_03/_Ato2007-2010/2008/Lei/L11727.htm,https://www.planalto.gov.br/ccivil_03/leis/lcp/lcp214.htm,"Lei nº 11.727, de 23 de junho de 2008:",https://www.planalto.gov.br/ccivil_03/leis/lcp/lcp214.htm,"Full document of Lei nº 11.727, de 23 de junho de 2008: at https://www.planalto.gov.br/ccivil_03/_Ato2007-2010/2008/Lei/L11727.htm.",
https://www.planalto.gov.br/ccivil_03/_Ato2007-2010/2008/Lei/L11774.htm,https://www.planalto.gov.br/ccivil_03/leis/lcp/lcp214.htm,arts. 1º,https://www.planalto.gov.br/ccivil_03/leis/lcp/lcp214.htm,Full document of arts. 1º at https://www.planalto.gov.br/ccivil_03/_Ato2007-2010/2008/Lei/L11774.htm.,
https://www.planalto.gov.br/ccivil_03/_Ato2007-2010/2008/Lei/L11828.htm,https://www.planalto.gov.br/ccivil_03/leis/lcp/lcp214.htm,"Lei nº 11.828, de 20 de novembro de 2008;",https://www.planalto.gov.br/ccivil_03/leis/lcp/lcp214.htm,"Full document of Lei nº 11.828, de 20 de novembro de 2008; at https://www.planalto.gov.br/ccivil_03/_Ato2007-2010/2008/Lei/L11828.htm.",
https://www.planalto.gov.br/ccivil_03/_Ato2007-2010/2009/Lei/L12024.htm,https://www.planalto.gov.br/ccivil_03/leis/lcp/lcp214.htm,"art.    4º da Lei nº 12.024, de 27 de agosto de 2009;",https://www.planalto.gov.br/ccivil_03/leis/lcp/lcp214.htm,"Full document of art.    4º da Lei nº 12.024, de 27 de agosto de 2009; at https://www.planalto.gov.br/ccivil_03/_Ato2007-2010/2009/Lei/L12024.htm.",
https://www.planalto.gov.br/ccivil_03/_Ato2007-2010/2009/Lei/L12058.htm,https://www.planalto.gov.br/ccivil_03/leis/lcp/lcp214.htm,"arts. 32 a 37 da Lei nº 12.058, de 13 de outubro de 2009;",https://www.planalto.gov.br/ccivil_03/leis/lcp/lcp214.htm,"Full document of arts. 32 a 37 da Lei nº 12.058, de 13 de outubro de 2009; at https://www.planalto.gov.br/ccivil_03/_Ato2007-2010/2009/Lei/L12058.htm.",
https://www.planalto.gov.br/ccivil_03/_Ato2007-2010/2009/Lei/L12096.htm,https://www.planalto.gov.br/ccivil_03/leis/lcp/lcp214.htm,"art. 4º da Lei nº 12.096, de 24 de novembro de 2009;",https://www.planalto.gov.br/ccivil_03/leis/lcp/lcp214.htm,"Full document of art. 4º da Lei nº 12.096, de 24 de novembro de 2009; at https://www.planalto.gov.br/ccivil_03/_Ato2007-2010/2009/Lei/L12096.htm.",
https://www.planalto.gov.br/ccivil_03/_Ato2011-2014/2011/Lei/L12546.htm,https://www.planalto.gov.br/ccivil_03/leis/lcp/lcp214.htm,"Lei nº 12.546, de 14 de dezembro de 2011:",https://www.planalto.gov.br/ccivil_03/leis/lcp/lcp214.htm,"Full document of Lei nº 12.546, de 14 de dezembro de 2011: at https://www.planalto.gov.br/ccivil_03/_Ato2011-2014/2011/Lei/L12546.htm.",
https://www.planalto.gov.br/ccivil_03/_Ato2011-2014/2013/Lei/L12794.htm,https://www.planalto.gov.br/ccivil_03/leis/lcp/lcp214.htm,"Lei nº 12.794, de 2 de abril de 2013:",https://www.planalto.gov.br/ccivil_03/leis/lcp/lcp214.htm,"Full document of Lei nº 12.794, de 2 de abril de 2013: at https://www.planalto.gov.br/ccivil_03/_Ato2011-2014/2013/Lei/L12794.htm.",
https://www.planalto.gov.br/ccivil_03/_Ato2011-2014/2013/Lei/L12839.htm,https://www.planalto.gov.br/ccivil_03/leis/lcp/lcp214.htm,"Lei nº 12.839, de 9 de julho de 2013:",https://www.planalto.gov.br/ccivil_03/leis/lcp/lcp214.htm,"Full document of Lei nº 12.839, de 9 de julho de 2013: at https://www.planalto.gov.br/ccivil_03/_Ato2011-2014/2013/Lei/L12839.htm.",
https://www.planalto.gov.br/ccivil_03/_Ato2011-2014/2013/Lei/L12859.htm,https://www.planalto.gov.br/ccivil_03/leis/lcp/lcp214.htm,"arts. 1º a 3º da Lei nº 12.859, de 10 de setembro de 2013;",https://www.planalto.gov.br/ccivil_03/leis/lcp/lcp214.htm,"Full document of arts. 1º a 3º da Lei nº 12.859, de 10 de setembro de 2013; at https://www.planalto.gov.br/ccivil_03/_Ato2011-2014/2013/Lei/L12859.htm.",
https://www.planalto.gov.br/ccivil_03/_Ato2011-2014/2013/Lei/L12860.htm,https://www.planalto.gov.br/ccivil_03/leis/lcp/lcp214.htm,"Lei nº 12.860, de 11 de setembro de 2013;",https://www.planalto.gov.br/ccivil_03/leis/lcp/lcp214.htm,"Full document of Lei nº 12.860, de 11 de setembro de 2013; at https://www.planalto.gov.br/ccivil_03/_Ato2011-2014/2013/Lei/L12860.htm.",
https://www.planalto.gov.br/ccivil_03/_Ato2011-2014/2013/Lei/L12865.htm,https://www.planalto.gov.br/ccivil_03/leis/lcp/lcp214.htm,"arts. 29 a 32 da Lei nº 12.865, de 9 de outubro de 2013;",https://www.planalto.gov.br/ccivil_03/leis/lcp/lcp214.htm,"Full document of arts. 29 a 32 da Lei nº 12.865, de 9 de outubro de 2013; at https://www.planalto.gov.br/ccivil_03/_Ato2011-2014/2013/Lei/L12865.htm.",
https://www.planalto.gov.br/ccivil_03/_Ato2011-2014/2014/Lei/L13043.htm,https://www.planalto.gov.br/ccivil_03/leis/lcp/lcp214.htm,"Lei nº 13.043, de 13 de novembro de 2014:",https://www.planalto.gov.br/ccivil_03/leis/lcp/lcp214.htm,"Full document of Lei nº 13.043, de 13 de novembro de 2014: at https://www.planalto.gov.br/ccivil_03/_Ato2011-2014/2014/Lei/L13043.htm.",
https://www.planalto.gov.br/ccivil_03/_Ato2015-2018/2015/Lei/L13169.htm,https://www.planalto.gov.br/ccivil_03/leis/lcp/lcp214.htm,"art. 8º da Lei nº 13.169, de 6 de outubro de 2015;",https://www.planalto.gov.br/ccivil_03/leis/lcp/lcp214.htm,"Full document of art. 8º da Lei nº 13.169, de 6 de outubro de 2015; at https://www.planalto.gov.br/ccivil_03/_Ato2015-2018/2015/Lei/L13169.htm.",
https://www.planalto.gov.br/ccivil_03/_Ato2019-2022/2020/Lei/L13988.htm,https://www.planalto.gov.br/ccivil_03/leis/lcp/lcp214.htm,"inciso II do § 12 do art. 11 da Lei nº 13.988, de 14 de abril de 2020;",https://www.planalto.gov.br/ccivil_03/leis/lcp/lcp214.htm,"Full document of inciso II do § 12 do art. 11 da Lei nº 13.988, de 14 de abril de 2020; at https://www.planalto.gov.br/ccivil_03/_Ato2019-2022/2020/Lei/L13988.htm.",
https://www.planalto.gov.br/ccivil_03/_Ato2019-2022/2021/Lei/L14193.htm,https://www.planalto.gov.br/ccivil_03/leis/lcp/lcp214.htm,arts. 31,https://www.planalto.gov.br/ccivil_03/leis/lcp/lcp214.htm,Full document of arts. 31 at https://www.planalto.gov.br/ccivil_03/_Ato2019-2022/2021/Lei/L14193.htm.,
https://www.planalto.gov.br/ccivil_03/_Ato2019-2022/2022/Lei/L14301.htm,https://www.planalto.gov.br/ccivil_03/leis/lcp/lcp214.htm,incisos III,https://www.planalto.gov.br/ccivil_03/leis/lcp/lcp214.htm,Full document of incisos III at https://www.planalto.gov.br/ccivil_03/_Ato2019-2022/2022/Lei/L14301.htm.,
https://www.planalto.gov.br/ccivil_03/_Ato2019-2022/2022/Lei/L14374.htm,https://www.planalto.gov.br/ccivil_03/leis/lcp/lcp214.htm,"art.    4º da Lei nº 14.374, de 21 de junho de 2022;",https://www.planalto.gov.br/ccivil_03/leis/lcp/lcp214.htm,"Full document of art.    4º da Lei nº 14.374, de 21 de junho de 2022; at https://www.planalto.gov.br/ccivil_03/_Ato2019-2022/2022/Lei/L14374.htm.",
https://www.planalto.gov.br/ccivil_03/_Ato2023-2026/2023/Lei/L14592.htm,https://www.planalto.gov.br/ccivil_03/leis/lcp/lcp214.htm,"arts. 2º a 5º da Lei nº 14.592, de 30 de maio de 2023.",https://www.planalto.gov.br/ccivil_03/leis/lcp/lcp214.htm,"Full document of arts. 2º a 5º da Lei nº 14.592, de 30 de maio de 2023. at https://www.planalto.gov.br/ccivil_03/_Ato2023-2026/2023/Lei/L14592.htm.",
https://www.planalto.gov.br/ccivil_03/Decreto-Lei/Del0406.htm,https://www.planalto.gov.br/ccivil_03/leis/lcp/lcp214.htm,"Decreto-lei nº 406, de 31 de dezembro de 1968",https://www.planalto.gov.br/ccivil_03/leis/lcp/lcp214.htm,"Full document of Decreto-lei nº 406, de 31 de dezembro de 1968 at https://www.planalto.gov.br/ccivil_03/Decreto-Lei/Del0406.htm.",
https://www.planalto.gov.br/ccivil_03/leis/lcp/Lcp24.htm,https://www.planalto.gov.br/ccivil_03/leis/lcp/lcp214.htm,"Lei Complementar nº 24, de 7 de janeiro de    1975:",https://www.planalto.gov.br/ccivil_03/leis/lcp/lcp214.htm,"Full document of Lei Complementar nº 24, de 7 de janeiro de    1975: at https://www.planalto.gov.br/ccivil_03/leis/lcp/Lcp24.htm.",
https://www.planalto.gov.br/ccivil_03/leis/lcp/Ret/LCP214-Rep.doc,https://www.planalto.gov.br/ccivil_03/leis/lcp/lcp214.htm,e republicado no DOU de 23.1.2025,https://www.planalto.gov.br/ccivil_03/leis/lcp/lcp214.htm,Full document of e republicado no DOU de 23.1.2025 at https://www.planalto.gov.br/ccivil_03/leis/lcp/Ret/LCP214-Rep.doc.,
https://www.planalto.gov.br/ccivil_03/_Ato2011-2014/2014/Decreto/D8271.htm,https://www.planalto.gov.br/ccivil_03/leis/lcp/lcp214.htm,Ácido cítrico,https://www.planalto.gov.br/ccivil_03/leis/lcp/lcp214.htm,Full document of Ácido cítrico at https://www.planalto.gov.br/ccivil_03/_Ato2011-2014/2014/Decreto/D8271.htm.,